ASVs,Genus,guild
067423285143316ca11b1f177cf5a3d7,Umbelopsis,soil_saprotroph
396e774ea4c0c6b00306523c80abc983,Talaromyces,unspecified_saprotroph
48d4c0cd8f365b8156984c8191ba3918,unidentified,NA
85ee501ad5fa83980ab1400b58eafb8e,Russula,ectomycorrhizal
c89b746b9cb32a8382555859e0eb5682,unidentified,NA
8bb58c8b6d6c43cd89ecfffdfc7a10db,Talaromyces,unspecified_saprotroph
3c949d3c20f2348a47ecf22a20fdb718,Bifiguratus,soil_saprotroph
343c519dfc1b76808b191b9a148c4178,Amanita,ectomycorrhizal
73eb2af6cbc22e76b358d581e7de5150,unidentified,NA
55889226c066782b085659681abf1787,Cenococcum,ectomycorrhizal
59049df23e1280af321e007b186fb441,Talaromyces,unspecified_saprotroph
cf119c2b2773fecf38f5392cd13491cd,unidentified,NA
08f84004a9a0b88ae8b0fe25a149d715,unidentified,NA
bb5dc4b22a411541d0edc8f54dd89fac,unidentified,NA
0e556d288fed546a942042bee562053c,Cladosporium,litter_saprotroph
3827456f839255ce6abc3720c55943fe,Russula,ectomycorrhizal
606cfed6920e543b190a1aa79dff9ba4,NA,NA
b759ee8098f536738031ac99f441736b,NA,NA
038230ef2580612e675b959834adecf6,NA,NA
cea2d323efffe30135cdeb019cd64288,Periconia,plant_pathogen
f6e67d6b36a4b9a60fc285dbb7ecf285,Coniochaeta,unspecified_saprotroph
d562b554e6c7ec961ee2b41edfe834bb,Amanita,ectomycorrhizal
fffe841a34f5d10d475c5c55836b1f82,NA,NA
9fb2e259c327d57db22c53340eb49521,unidentified,NA
12a6ca0b3b890a1dfd81fcc8ead05579,Bifiguratus,soil_saprotroph
6ea28d95eb45beec30c6f24c8fe2fcc1,Russula,ectomycorrhizal
9dc75ac4029c28df13f1ea8112a16a5c,NA,NA
336b38eea624fc7b18d178cb31b754ab,Paraphaeosphaeria,wood_saprotroph
1d7bf1d48ebddd07efcd858cef93ce42,Pyrenochaetopsis,foliar_endophyte
8b20728436adf186a80fdf73ce41dee2,Talaromyces,unspecified_saprotroph
0a9adf7e3ce3d004bb5fa10a3513a57a,Paraphaeosphaeria,wood_saprotroph
9a04df0863354a8bbeea3dd23bb0cca1,Geastrum,litter_saprotroph
413f3fda7b1251e9cbee49c9e2ffd4fb,unidentified,NA
61091b9173a39eca937ec98b51f9324f,Clavaria,soil_saprotroph
e72f27d650d28e6947b3ae18ad064bae,Pseudopithomyces,plant_pathogen
388e2b27bc720f428a5af668bc0c7c74,NA,NA
cfb1a170f89c469fb569d0f8d1d206f4,Saitozyma,soil_saprotroph
793b82448bfcd80b89d11e428f1dcbe7,Paraconiothyrium,wood_saprotroph
e7654ae6f50a60c4fa5a1fa18c5da3dc,NA,NA
26d9d9b26d8f3212abb86f7c967c9a7b,Inocybe,ectomycorrhizal
4cca1f4095f0211ca0cb7da54ea8b030,Umbelopsis,soil_saprotroph
3208dac70fc3b62bb86f15de033e185c,unidentified,NA
91951b2e5607db0796d7d35c9c9fc575,unidentified,NA
b5db400ae9250c36f1d7eaa83dfa915e,Pyrenochaetopsis,foliar_endophyte
9d726d0f186df0f2bfe1013564f706c9,Inocybe,ectomycorrhizal
f1d38cc534e5b52b88ed054d4a4f93cf,Periconia,plant_pathogen
860e5b63bbc7c145e0580e189a8067d0,unidentified,NA
447f6b24683be9bdebd9425f34086ea0,Cortinarius,ectomycorrhizal
b1ae32bade9c3127020019193b75d801,Rasamsonia,soil_saprotroph
911e78e4d4bee8d21a7658c8bbffd2c3,NA,NA
6221c184510765a5e0b76dd2d672cfc1,Cortinarius,ectomycorrhizal
558f4165644e15c33a1ccd1b3bac7c3f,Inocybe,ectomycorrhizal
74637b4c8eb9aecb46e756a2797ead85,Tricholoma,ectomycorrhizal
680f4625b74d66f2ecc61e84366b3497,Hygrocybe,soil_saprotroph
7266486b2981eff38905676fb8cbad01,Coniochaeta,unspecified_saprotroph
0b07a945a484c663245b501b5898d065,NA,NA
f35fd993aeeb5fe4bd03d023eccd4588,NA,NA
430687db9785c2aa2481a9dc866f62b5,Amanita,ectomycorrhizal
1f4477610b9e00b42a869bffff16734c,Russula,ectomycorrhizal
54ca42e1f76e7ecd1104b2f74aa5db4a,Chaetomella,litter_saprotroph
93898ded4addad7367af5e76cb8c6449,unidentified,NA
5f15b45cce03212a6a89870283fa2521,Geoglossum,soil_saprotroph
a6547d93549ab37d285a98361f50349b,Trichoderma,mycoparasite
81b77df4385629aeedc93d9473a7f4f5,Inocybe,ectomycorrhizal
6d397ca77f4d02a72976ed4af00cacde,NA,NA
53728363e9f2acdaf2a1108b446338c7,unidentified,NA
0b3dd03b34ca4a2e6caeff794c988ed1,Cenococcum,ectomycorrhizal
9f213305c207d32e9080630a477b96f3,Fusarium,plant_pathogen
8ad92cc63008f178b18c14cf940384ff,Laccaria,ectomycorrhizal
c112b540a35ee1639e7b77122be3db83,Atractiella,unspecified_saprotroph
fc273d85bc88f826b9ba55a08f55439c,Fusarium,plant_pathogen
1e63f9dcc607f30c195f688dca314e23,Russula,ectomycorrhizal
874c60c5a086479ab66b178f5a858e19,Russula,ectomycorrhizal
dad5cf04b4dee92566f072720cdfa448,Russula,ectomycorrhizal
ba2736f4a01c49789e93d68d9d72b07d,Cenococcum,ectomycorrhizal
76e9860513b9ddcaa39171e89d1763c3,Amphinema,ectomycorrhizal
03859d009dcf0c4203f3375569caf5ed,unidentified,NA
7235c4ba72e60a1225ee66f4656f2897,Russula,ectomycorrhizal
c7911fd077df784c62aea33b3f78f092,unidentified,NA
78166d7152062072993ea0e5a956d768,Venturia,plant_pathogen
ea780e6b8c3c750ddc5cd8cba32a4cfa,Cenococcum,ectomycorrhizal
82859643a0058af608970e59abbd634c,Cenococcum,ectomycorrhizal
fec61cbe37b0041f8c03c05c15451f08,Cortinarius,ectomycorrhizal
f098a1d0be9c1089f7c5907b5649655f,Amphinema,ectomycorrhizal
21cfcabfd0e4299715fe8299b28019a5,Coniochaeta,unspecified_saprotroph
cb459d4bb2101bfff6bd02a0bbb3c3a7,Clavaria,soil_saprotroph
d4e51cc888c88c62d1648384f2563f2e,NA,NA
a12d63630cf0dbd72c4c483e56d4a2b5,Trichoderma,mycoparasite
df269d5dd68258dcc09b2db96537cb9c,Sagenomella,unspecified_saprotroph
0dfe6eb5428606a30b55e5a99e46493d,Amphinema,ectomycorrhizal
c38080c01d5869526154299c29c35111,Tricholoma,ectomycorrhizal
db4a48a999a41fbb32550e8d9df3a693,Russula,ectomycorrhizal
1aa42fdcf935ee7cc24d7d2b08271db7,Metarhizium,animal_parasite
e6e2dfef43bbb17c63aff66d1dfc6dd6,Phallus,soil_saprotroph
4433c409716d70b47a12c07469f65da1,Amanita,ectomycorrhizal
09af6f3c32f24007f8d6bd5d447fedba,Cuphophyllus,soil_saprotroph
c2fe54b21a16a047c979b948e2a8c443,Russula,ectomycorrhizal
6efa0bc4109a9ca8a59af27ba4ecbce8,unidentified,NA
e6918bd807b372e7fe02ab7d6bec33e3,unidentified,NA
4200eea84327441e386a725ced7f38fe,NA,NA
05e3d3518fe3cbdfc69d261f1c808d56,NA,NA
d5cb6ea3dc75f61552e4b758b5d486d5,Clavulinopsis,soil_saprotroph
2f596f67f59a3590e3537982cddf66d1,Russula,ectomycorrhizal
c50f1c35ec917eeaf276eaf76c6f6a80,NA,NA
de066b96e699325d0bb5a3e9886fc053,Umbelopsis,soil_saprotroph
3bbcff63bbe4c9b9abedc47e0be2e7b7,Periconia,plant_pathogen
2a96cf671fbc47b4afe940b03f68d897,Coniochaeta,unspecified_saprotroph
3f52dcc50973b92fcbb4d01d2251d50e,Devriesia,plant_pathogen
64d6864e98b304d7c80357ea38bee245,NA,NA
b57ebc7e42c8a6ed4f312c65a0910ad7,NA,NA
c65c8f46fa71ed2dfe17945e12730261,Leohumicola,soil_saprotroph
29e1d06abc111edcd1c9128687c9701c,NA,NA
feaaafea63e70bba8e5cd52ede6de058,Hodophilus,soil_saprotroph
8ebbf088d76d2b68b1ec3b20f6e77bcd,Devriesia,plant_pathogen
32bffff55ff26396f3f4dff5dc412bcf,Cenococcum,ectomycorrhizal
6a8778923af75df0b43651cd552a6931,Penicillium,unspecified_saprotroph
df8ba956df55fff509cacb9c94a98243,Russula,ectomycorrhizal
9e11ec700d935e808686edd012ff9064,NA,NA
1c7db8fb41edd4d09ae8de1190ca86ba,Epicoccum,plant_pathogen
8063ab5bf2ec3b29e0eb9c3f3a96b17f,NA,NA
ff827fbfb2bf1ae660b19d24c14f92c8,Devriesia,plant_pathogen
79c0c2e3f19153ff685ef4658b8babe9,Pseudothielavia,NA
de278af6c16955cf92e71fa39dbdda34,NA,NA
a0480780d2bda4bc7ed7e8a02003a30b,Hodophilus,soil_saprotroph
57744b357ae7e9dfdcf7c8ca9a421e0c,NA,NA
c5d33bbbeecc8ee7d29e0999056a954c,Amanita,ectomycorrhizal
9fcefe003dda00b44f315bea86ed70fa,unidentified,NA
9920f2efb1d3b7bba5cff1f60f1e9e10,NA,NA
c5f4c784539fcfe1dc7d22ccc2157141,Sistotrema,litter_saprotroph
f24437c7f64f5d03666e3c360208b472,Trechispora,wood_saprotroph
8a3b86878261e00b1b728516d8572665,NA,NA
6eb47a00b5f264f2b181319097005bfb,NA,NA
3d2386019656e092dfc18fd0fc686de7,Sistotrema,litter_saprotroph
c9100af7fd662c3d41e9741485952cab,unidentified,NA
fbd34124710abd365652bc5c1fa9f6e5,Neptunomyces,NA
38933c0a3a18f00018f9bdc0d121dc59,Trichoglossum,soil_saprotroph
cdb3b39cbe5c70cb75afca87bc45be9d,unidentified,NA
eaaa8f00ebcebbaf1fe425c94ea5f51d,Spegazzinia,wood_saprotroph
0c908611178d4815bc7cb1bd6a17312d,Sagenomella,unspecified_saprotroph
34cf2a47221ca8b37542a92a660df7d1,Cenococcum,ectomycorrhizal
583769beb3824e674b264429f28e5a30,Penicillium,unspecified_saprotroph
a9a1cd5825404289b3272ae2606a3752,Pseudopithomyces,plant_pathogen
6a5d806b18ff4ca3cb64ba07e247a82d,NA,NA
e434d51b1d4fc35e29ee153f852159c3,Russula,ectomycorrhizal
c919d21f6c3ff1f06c66ba829b1c5c9e,Lactarius,ectomycorrhizal
1c38e9316549effc450664d02796d15f,Rasamsonia,soil_saprotroph
965292193cdd15425b9f3f4603dc3abf,Lactifluus,ectomycorrhizal
1e95148318fbde9cfc0f414cb721db92,NA,NA
4428396d26682a7c4dbeecf9ae45d8fc,NA,NA
4080b42c5ec3450e6e63676d97ad0fd1,Trechispora,wood_saprotroph
080cc3f2b5bf13e602c429406c598891,Sistotrema,litter_saprotroph
7baea4573e223ccbd1078502b0f64ad3,NA,NA
f252af31689a13860e2c83c42c376f82,Trechispora,wood_saprotroph
e8e84c42f44b33bbe3c9c8447ea9af8b,Leohumicola,soil_saprotroph
c8b7aa296fe85b7e1c3c4c43c440aba9,NA,NA
b55873bd3dcce47829811e5c8ba08468,unidentified,NA
da5d743494202c7cfb2de33671ce080d,NA,NA
a4107d6f366a0995ceb704624588af05,NA,NA
90f6718453f2f0e40b761bac2b971327,unidentified,NA
bcc43c4f930b6762cf77addab467d6f3,Sclerogaster,litter_saprotroph
20cf1a061ddf51215b666c163f413cd1,NA,NA
bd3e4def01ac2a01c22270a2a7e60153,Tremella,mycoparasite
5d734f7016a44a6ff793d198e4777902,NA,NA
c368361a851407c1d9f07dc6a277334d,Cortinarius,ectomycorrhizal
c04b304a202ca300812e0561adb1b433,Scytalidium,wood_saprotroph
fb19fea440b2337be930cd82f368add3,Bifiguratus,soil_saprotroph
799abbd025495e4b7e6960a3b823700c,Amanita,ectomycorrhizal
e8a9a4615b959fd23a7aa04806f76749,Geoglossum,soil_saprotroph
dae9231de2bcd5ee3df12c604542e0ea,NA,NA
9305b01599e9022453b232ae48319f7f,Mutinus,soil_saprotroph
d7139d5d7cda4f3287bf965ade12d9f6,NA,NA
0c68660dd6a71279212423f55e45a61c,NA,NA
03e84cbe65d74c6b4f5e5405f79b47cc,Amphinema,ectomycorrhizal
3efd64a1f5fface5d916124e6aea941e,Amphinema,ectomycorrhizal
42828269eb28cb4e7436a1e9de2b5bca,NA,NA
c96e2fa334c93fb3d83c3924a1fa4398,Inocybe,ectomycorrhizal
2393c266e3477af5c4fc62dc5192674a,Russula,ectomycorrhizal
d450d1bba2d3b216cad0353a8bf2520e,NA,NA
1b8d560bee7d774cfddeb123e7ff2c29,NA,NA
07990fc8e189b9e50347734e8255ea97,Periconia,plant_pathogen
93b7cdc2e2136150467a099008844761,NA,NA
6936b4bf98cfec97d0ab8da12e44c535,Cenococcum,ectomycorrhizal
1d71619ce3718ff213e974b4d222fbfa,NA,NA
bde01be83683a3662d576e710e88c2dd,Clavaria,soil_saprotroph
ed4cecf59831ea82e8f055bbe253c9ad,Bifiguratus,soil_saprotroph
580d4754a629aa9efa613812bbe551f9,Cuphophyllus,soil_saprotroph
2be7976f7dcaca6051ff7a70e470b70d,NA,NA
b28b939f2b24dc8cbe2ba0d1a19379e3,Trechispora,wood_saprotroph
c97e2288a88077ad30382cf4eaa24260,NA,NA
36f3afd39da42c98b41fa86822e963d8,NA,NA
ca8e4c149f9352b3bc09e856abb5d3c2,Paraconiothyrium,wood_saprotroph
6c133787cdccff2fca86979e65c27655,unidentified,NA
2b6ecbf7d2101181c238d92d6e5c92b5,Trechispora,wood_saprotroph
14240f66f45681801bcdd461b8bc4355,NA,NA
c264cf5ab3c236aaf440d5b4fe6944fb,Rasamsonia,soil_saprotroph
8ddd74f2801b058e188aab2a1a8fecfa,NA,NA
9f5a58b81aef441bcf506e3233f4057e,Alfaria,litter_saprotroph
10e3586bab1547b65106c5d02ad5f8c6,Russula,ectomycorrhizal
64e9726f35c104d4f9e2fd5b2f302692,Amanita,ectomycorrhizal
33086f0ae86b3779e29fb80083d1d628,NA,NA
750569664c10629e6f97cc4083844fdf,Amanita,ectomycorrhizal
ac01ec510226149e8807469b2900766e,NA,NA
fd363bc2ba6e8b3ca50e3ed76314e6b6,Cortinarius,ectomycorrhizal
1a77d0f5cfdff420fa680e71f14aed68,NA,NA
74ad6e88fdeb088b7fc97ed0b379b0d1,Cortinarius,ectomycorrhizal
66b5312f010f9023f40e9f2b94abfaf7,Neoidriella,soil_saprotroph
eed54810f6759b242d4673e5cbcd2e63,Cladosporium,litter_saprotroph
187620440e09c03c61737f1e6dd900fc,Russula,ectomycorrhizal
68be46869e12b9c2f669659a56ddf564,Serendipita,root_endophyte
b06d9c238f3aeb830851ce16e545c675,Devriesia,plant_pathogen
2bf01dbe6cc781a7076881d547ded3b8,NA,NA
0dacf7e1c821163787153815aeb54bc8,Mortierella,soil_saprotroph
52656d872de4fa04b5877c46b3c10e84,NA,NA
b32448c8123e55056ab1e5e3fa47b520,Lophiostoma,wood_saprotroph
50ebbbf8ecba19dcd0dcb8bb36d33185,NA,NA
da0e10bcb123b7c97a2c0f788fcdb55d,Astraeus,ectomycorrhizal
02da9ea0989d84a8f8f8389bd287395d,Trechispora,wood_saprotroph
0e617078bd46a537816df4a41c20df1b,Tremella,mycoparasite
0ac9eca20168f12b9248ea08ee143e3a,NA,NA
fe163e83820f61d36a34aa85c62a13e3,Umbelopsis,soil_saprotroph
cc7f0dea1228f53e2f99a296e0d858d5,Lactifluus,ectomycorrhizal
50ace053f365427c0625d1f8dbe583d5,unidentified,NA
fd587a070c9a826f4aea30bc954c4f0f,Pyrenochaetopsis,foliar_endophyte
3cb333f821b2f515c38d35bab83967c8,Trichoderma,mycoparasite
5a866312c9bd1aa1f2c6091f0bbf3222,Aureobasidium,sooty_mold
4bb3a429ad780c08b19dd0878c8dec2b,Geoglossum,soil_saprotroph
8dc24bbe50055c5b7e10f3e92f5c3d2d,NA,NA
304b06eb356ef843a02edf1aa83282f5,Amphinema,ectomycorrhizal
4c3a7d140213cd19684506cb9af7f7ba,Russula,ectomycorrhizal
a087944554437980d8b129435d150626,Sebacina,ectomycorrhizal
5d0d156f3f3bdb51b4a296f1e8bb4538,Clonostachys,wood_saprotroph
ebeae706c26e055d2008136ae22dfa25,Clonostachys,wood_saprotroph
d51931fcd6cacd2e4d28ee2a3e445f1a,Cenococcum,ectomycorrhizal
d5828f4ece99da735f3687f93ee23689,Alternaria,plant_pathogen
1ee2399135b6a4b0ea180d0bb7aad811,unidentified,NA
de70289fe34a3e17a588eb22f48ac51e,Sphaerosporella,ectomycorrhizal
d065a67a46fe18144efea967916fba4b,Trichoderma,mycoparasite
f9cdf3d2671190581c30cdfcf767af99,NA,NA
59efed9aae73110a9e3d0604ef310d99,Serendipita,root_endophyte
a6b333a8c3d5b8d989d35cc2bf7b6dfd,NA,NA
34d6038760e69d66047826267dfbbd41,Preussia,dung_saprotroph
83d13ad99de6a00f2a8412153e246574,Rhizopogon,ectomycorrhizal
b69ada6718b4f25b6b1484a728aace4c,NA,NA
83932447ac802939bd76493c30c608bf,NA,NA
da62367c8b072d5f7078b0f90741d832,Cortinarius,ectomycorrhizal
d1b2323bea3f7087f64e629272bae184,Talaromyces,unspecified_saprotroph
de64bcd340f33db6ca93d98a90a97bd0,Geastrum,litter_saprotroph
844ec2bb424d88d4039d04e104241578,Umbelopsis,soil_saprotroph
92cd4cf425367c6f24969a1febd8df63,Talaromyces,unspecified_saprotroph
29051bc8244eb3fe17886c7e8cddb41a,NA,NA
57da1dd62f806487a24b838ba5ad100d,NA,NA
0e9786755fbaf5ab78c8f1f97e16bfea,Lactifluus,ectomycorrhizal
2f4ae56a4a1eba23c5db1b281cf7df22,Paraphoma,plant_pathogen
a50741fc51426346774c81cc278fde70,NA,NA
56d8a368245e2986ac71053e57c82738,Xylogone,mycoparasite
3f18da902116e1a0d8cfceda1b70b63a,NA,NA
bcd1787db737f08cd1e7b1099168e57f,NA,NA
b4a09a2e43b93fbdbae671c54f159958,unidentified,NA
c196ab23d89fd918da486bfdcfec57e8,Leohumicola,soil_saprotroph
8eba891164fd98c8ef2f0050b2087e90,Bifiguratus,soil_saprotroph
e409a031e2e0992672eaa1dd84099da7,unidentified,NA
697e2be614011bc175838e03d84b2a6b,NA,NA
a81cfcf2b21a79758dd7047d4d86dc9e,NA,NA
e41c38e8486c0042b9a63fd2105adc38,NA,NA
8f9b9bddf5921847450107a15cabd3db,NA,NA
55b86382604f8a52056d1db245bf542e,Myrmecridium,soil_saprotroph
52de4ed7d24efa006d8e08025275ed4d,unidentified,NA
b80d6a0fec0ad6ba85d5cfc3e8370a09,Cortinarius,ectomycorrhizal
215f7aee54aaf15674c122f52baa084a,Gorgomyces,litter_saprotroph
0678e081aeaef3645d51c31926d4172f,Geastrum,litter_saprotroph
307edf6f1ea85ad11bf66ec96b5f5124,Rhexodenticula,litter_saprotroph
ea71ebbb328d5c2463f1df00c6defd67,Cenococcum,ectomycorrhizal
0cc431a4add63f95622d89495ba987e1,Periconia,plant_pathogen
e188221e32381b52583c754cc6c63620,unidentified,NA
8639228d15806ecc06a25e6dbea17101,Amphinema,ectomycorrhizal
e7711a5171da92f2c3a210bc7066642b,Lactarius,ectomycorrhizal
5691b4e581c3da1b88ad7bfd0a6f7a68,Rhizopogon,ectomycorrhizal
a1174d224febab74d7e2838f5d07b779,NA,NA
36ac47284b5d419f74d98ce7ff87311e,Paraphoma,plant_pathogen
cb7c520ae33d42d4d679bb82d3fc1d69,NA,NA
f545383d42ca8d5172aa71b27a330512,NA,NA
853c64f7e64c8b558231d0f3fd576b6b,Sebacina,ectomycorrhizal
4c1fa18bfdb7165b96410b05d8b8a87e,unidentified,NA
b834c3a3b5c14b167d3bdcf5b0bf05d0,NA,NA
5e3b407680f937a8d6ce0871af9df342,NA,NA
5372f19a565140594a136a7b50134ec0,NA,NA
8316cc434c81506c8324503599aca13b,Amanita,ectomycorrhizal
542f02bfd89f47522d9cd264fc4df9ef,NA,NA
2f94b12a4ad8991294c7fe156866e06c,Pseudeurotium,dung_saprotroph
da0dd8fc5826074ae4173798fa2ed85d,NA,NA
6f53d42395656bcf9e2cf4a2bd142398,NA,NA
3d02ea8c79d32c17103c84fc20fc0f74,unidentified,NA
f1ded70b42bb9ba094475a457c778ed8,Curvularia,plant_pathogen
ef75c19926bb5272047c5b65ca5ad05b,Aureobasidium,sooty_mold
09cb7663fdaca54a2579c212f77a93a0,unidentified,NA
108be8bfadb76149fac3dd9ea79b1af3,Anteaglonium,wood_saprotroph
89a50f1a67d6293faf74c05fe1a2bb27,NA,NA
78276dd22adc716763e97c87406c5130,Inocybe,ectomycorrhizal
a5538fad1f947a9200a2066f9b795cb1,NA,NA
e338bf66a828042a1bf751508cd559db,NA,NA
8c1bc4b8d94624463ec2ea7673f4a022,Dinemasporium,litter_saprotroph
379cf865759d566b7b25379bc31fa5ba,Russula,ectomycorrhizal
ece1b45e70f460741a76b29e8e7d6aeb,NA,NA
2e6595802ae57bdb0acb681afd12bc1f,NA,NA
3156fc528ee1d2100eedea3460f4bcda,Russula,ectomycorrhizal
138ae5c932ca55a4cf7e44fd98b1230b,Paraphoma,plant_pathogen
dbeb8739e2c4ae55ed71647cfb0c556c,NA,NA
b0d8f6b58236e58460e48835b2d74bd2,Pestalotiopsis,plant_pathogen
9cdceb1e05424636ed6b67aaab00bf3f,NA,NA
6c597e23122deb7334c928a0e6bdbf07,unidentified,NA
0124f021a7878b38ebf42bef2b9a5206,Rhizosphaera,plant_pathogen
a57042bf3bd0d3f1f11c34c6a7b542d4,NA,NA
08c9b1d6165d01e865a768d489a93718,unidentified,NA
fdd6fa93380029c94e26174bca2de79b,NA,NA
77029289af6665f6d55e0c8e8927f935,Cortinarius,ectomycorrhizal
0fb4e17feef335e0df38735732d576e9,Rasamsonia,soil_saprotroph
ddec79c2c134887800e8f8a7af73d765,NA,NA
46cfcf382250b61e20bff03c86645284,Cenococcum,ectomycorrhizal
82b6200a09e6ba49e7e0243269c68024,NA,NA
6f9b752739ef4a97351b9b6afd8c350f,NA,NA
38b7b981de31cfd28f73d5c6b2ca13a6,Scleroderma,ectomycorrhizal
6de56ff7bc6091fc03857ea62ca24bcf,NA,NA
389bc32ec95cca698c41c107eb7c5f18,Russula,ectomycorrhizal
7e9534a2f92a39ca9e845ede8f53b040,NA,NA
2e3a6c0a33347aee8e8426c5c37ec439,NA,NA
ddc4405f91f366b17e3ed92952ac10df,Lepiota,litter_saprotroph
21de020f65813d87720ceef391c77975,Papiliotrema,mycoparasite
9f837333c8fc61f32eef8e5053651531,unidentified,NA
4e9acaf9de540c44005cec20e94ceada,unidentified,NA
ca9037164089ea3977d219ee2f713270,unidentified,NA
2f6306a752b13451c3492eca5bcb4f22,Rhizopogon,ectomycorrhizal
68def33f4befc0d7bf9f5eddaea8f1c8,Conocybe,soil_saprotroph
ff1fcb5fba926fb448f8f8f1935da6db,Russula,ectomycorrhizal
5d28e486ac731666e28df182069acff5,Atrocalyx,wood_saprotroph
5bd1b01b207b047dea41838d196c4757,Spegazzinia,wood_saprotroph
45d7608a52789c62a806284c25ce8342,Clavulinopsis,soil_saprotroph
6a5876dd2e07d662df86b56b5c2d9194,NA,NA
bd2509c72e2be8c45753b9fb4aef161e,Pezicula,root_endophyte
8e04d3576d656ed51202b36679be2328,unidentified,NA
34c5b31243572e4fe51432852305b0f0,Amphinema,ectomycorrhizal
9c55e7d7d3d57c115fc622b2e2260f87,NA,NA
0ce294f0aa788e24a40c240b3225a18c,NA,NA
e9cc8ed7cdc78549621c774e9bdd3966,unidentified,NA
0f06b6fae5bf0723c205c0c22e0320db,Amphinema,ectomycorrhizal
acbbfc7066dab378196cea8fa78f304a,NA,NA
640d6bce8fcca15bbe9b526b00540806,unidentified,NA
65b091085f4868930815a10fe1c91711,NA,NA
91ff9ec611dc09e8c4bfe4653ddc4637,Serendipita,root_endophyte
d2b6da1f00fd41362719de9852197a5e,NA,NA
9097ce53f176659923151e13ddd4e3e4,Amphinema,ectomycorrhizal
c72b042914aef74baa87ee3638519839,Russula,ectomycorrhizal
90f66cc6ebf68eb4b53957995795d2f1,Antennariella,sooty_mold
622611ad4e25aaa28b9327c926e84d17,NA,NA
372e59b5a81d08bc0d05129e11c7d9bd,Neptunomyces,NA
736e68b7b931d025f625a41446ef0c2f,Coniochaeta,unspecified_saprotroph
0fd6eb01983b49ff299e850c5f597734,Hygrocybe,soil_saprotroph
73b1927b09552a5d75ea0d1f282b93b0,NA,NA
f6b85b2c53d0b376b8d794055b10f6d3,Periconia,plant_pathogen
2d9b17653e2d6bbecec2ece3bf26b07e,Russula,ectomycorrhizal
7f475609783eda3cc7f52fdbdff7d6c6,Rhizopogon,ectomycorrhizal
24b7438f1ed4cff93b628f0917942fba,NA,NA
f8b70052858936ed6a7ebf3ea7ab5e63,Lophiostoma,wood_saprotroph
8210ef755c55c6508098b0c717fa3969,unidentified,NA
0270b2db5e75705930b10ec68f1b395e,Calyptella,litter_saprotroph
d7f308d6caea14d9393fcc96871415d4,Acrocalymma,wood_saprotroph
95d9d88ad74ad0c3ca60a2e6671654b5,Serendipita,root_endophyte
e82744c9ab2747401edf39896be83590,Russula,ectomycorrhizal
f812c42709e75512aaea0e95dff695bb,NA,NA
ac67e39cbbe718d375ac28ec6c2c5f43,NA,NA
32ea098ea5b6f7f7ba1291e70bfddc90,Schizothecium,dung_saprotroph
4ca6ba3343f571236edc6296e42f8954,Phaeosphaeria,litter_saprotroph
f20ccb93bfcf3008afcc36df6f64ce6f,Periconia,plant_pathogen
eaaace3eaf95d6d4013e2fc7a11fc29f,unidentified,NA
61a40feaa892fa08b94fe71254fdd625,NA,NA
e64504f9eb92c2b826b522d72109000e,Talaromyces,unspecified_saprotroph
93396bd2a072e732ab4063e0cfb8cee8,Phialocephala,soil_saprotroph
753a0ff667755f8cab40fc27a0daa181,Cortinarius,ectomycorrhizal
df2c587c28498e10301fea5aac83fef1,NA,NA
be9c6edf623ea98ff2e84603de2bf124,Fusarium,plant_pathogen
fb96431fb20de233ecadb28d3db7f982,NA,NA
21da10ad083c8a44125e1b25a5faf6f2,Inocybe,ectomycorrhizal
b3bb660015995b01833d5fbcb5b1d252,Talaromyces,unspecified_saprotroph
c6246356f526609ceda6c82a1e0e53bf,Cenococcum,ectomycorrhizal
6d39dc790696552b9ce8f868bb11f0ac,Laccaria,ectomycorrhizal
6603b1e9405876442e5be61bbe5b0130,Amphinema,ectomycorrhizal
808958a83d2c59bae6822c9774f7881a,NA,NA
2f5b0c0daff730c78d11533741430b2f,NA,NA
3f612ce33b570f918d97876a3059dd19,Trichoderma,mycoparasite
d78efacc0e0eae9174ba4f248d15f6c2,Inocybe,ectomycorrhizal
bbbca0181fcd62039c9f052a7716d41c,Russula,ectomycorrhizal
c64d429b8d317c02a902b7c5125e2d32,Lachnellula,wood_saprotroph
f74b9e95e7f7ea193257db79bedd5d91,unidentified,NA
2b8b728cb39f530f04299123b2d8a386,NA,NA
3e37db1cd99fcac69c063b8572a6664b,Cenococcum,ectomycorrhizal
7b6e938b8ed8d7969801dc0bfd5a688a,Paraphaeosphaeria,wood_saprotroph
4a2cc93be4c18ee1899ce3df1218ba8c,unidentified,NA
7185e94d1f3a21cb34166a68edeaf219,unidentified,NA
0134bb5f867521577995a6f97819393f,NA,NA
7ff6cf83549a84ce9734dc5b0b592e47,unidentified,NA
0efa1b392e73e0c99fc01ceb6d55a607,Geoglossum,soil_saprotroph
786462b8625daa36e4d7e28fc7a9acbb,Acremoniopsis,soil_saprotroph
ea0b4540d1545d99962852021f8b26de,Geastrum,litter_saprotroph
446f844a9c8b71bd04f4ca2c374d54ce,Inocybe,ectomycorrhizal
23ca5c80aaebc563b63bb893426eeb8c,Talaromyces,unspecified_saprotroph
ea249147ee15f1d8d2acf35f490dddfb,Phaeosphaeria,litter_saprotroph
08e30541a4ea4a2d6096ff97a83fa6ef,unidentified,NA
5c06c513c2e1d728aaab1c7cc95471e8,unidentified,NA
f69ad14e25bae6ad51a395445c86ef5c,NA,NA
10df86ca08365b6c733f48d3f300d04b,Phaeosphaeria,litter_saprotroph
feb845b275a6f62aec4b49a5563ed866,NA,NA
7938e4471c429319056b75ce8bccb49b,Hygrophorus,ectomycorrhizal
9d8bfee8afb324703a2d95ad93f38bda,Buergenerula,unspecified_saprotroph
cf5563616643018ae1206b4af062f124,NA,NA
1d01e692ee2a25bbe9cf36115f88da19,Suillus,ectomycorrhizal
33f0705e10224f04a8198ab4d4d1664d,Amphinema,ectomycorrhizal
d4da4ae374139ccbbf9e2bc54d5f5a6a,Hygrophorus,ectomycorrhizal
614bc8ea2559fe36bc170471eae740b4,Russula,ectomycorrhizal
2a68457ad9119abca8281aaead38451c,Neoroussoella,wood_saprotroph
1be056b74e4fd5be065fc438a05951a5,Periconia,plant_pathogen
68b1558f14a5a90e585966db457bf035,unidentified,NA
e22c0cac0730a9d2a8e45cf4a1688c15,Inocybe,ectomycorrhizal
b2b5bf547ab378b7be69535342a68165,Sistotrema,litter_saprotroph
ef52a0994f3112787d22ac4f2b9b88b2,NA,NA
2a430ec1492e8d881662d013c8868041,Sagenomella,unspecified_saprotroph
6e849869a43678bc350f891242d0cb86,NA,NA
acaa59174a9a857070aeb4dfca2009aa,Sebacina,ectomycorrhizal
6a7e855f6f4d15f6cd9f500a555c049f,Russula,ectomycorrhizal
eb25cb941dbe90e1249aed68af2c1c28,unidentified,NA
cb3c4ef45111453556d738a9d5accd3f,NA,NA
1c7039c8da4ba14ac027e2cbac10bcfe,Cenococcum,ectomycorrhizal
e0c91923fe3f87697327908ffc6024db,NA,NA
831f2fe0b2ffcd24a237cd6ae3cea127,Inocybe,ectomycorrhizal
b40079270240ba469f95e4d047c52395,NA,NA
0cdf62c6562cf8502890eeb2f64b40b8,NA,NA
7484d15eeb5aeb7a3a1f019a96c37574,Pseudopithomyces,plant_pathogen
cf36097b44a51e1fc03741bd24383b7e,NA,NA
151b8fffba4cb820e778950fa69e12b3,Metarhizium,animal_parasite
9c9b90de8f448c4ecf1aac0c526c1f6b,Zopfiella,dung_saprotroph
8e346ad713914ebe458daacfb118ce6a,NA,NA
324684e11c4acb621d66fe8792e95c8b,NA,NA
1fd9ff8b9951cffab41dab596ab15195,Periconia,plant_pathogen
447c294e4f511625e70d8b25bd2d30db,Bifiguratus,soil_saprotroph
9dc580c22b69ec0b5a1008c7689814b0,NA,NA
b894e6def5586e66b3a592ed2d40d4d4,unidentified,NA
531d33bd76cffd7368e6b9eca530767f,Rasamsonia,soil_saprotroph
9dd3f039e16f42c900b40642e3758d2b,Albifimbria,soil_saprotroph
caf5bb9e49d3748a3dad4fb4ed25eb07,Striaticonidium,soil_saprotroph
219df8c591154d211205d8e831b5784f,Myrmecridium,soil_saprotroph
fb9d1e2518552eb06042e296cbf32198,Phallus,soil_saprotroph
7f8b7290385210e67aeb7b8c0e1ace4e,Geastrum,litter_saprotroph
83d8b29ab166732232f7ca7bb730deac,NA,NA
dda0dbea605e2e93dcbcca037d1a08cd,Russula,ectomycorrhizal
fc38b5a06db9e19088ee371845b5fac6,Scleroderma,ectomycorrhizal
7bc1d97195f793042b083d1a1e58e846,unidentified,NA
c85d4c16830dc4926be92313f4f7cecb,Pidoplitchkoviella,soil_saprotroph
7d3a1f35e2c7bb5ec538c9cb45f81cf0,NA,NA
bf20e20e9c650a5e571621a33c7f176a,Cenococcum,ectomycorrhizal
93a04e9654debaad9af5cf29a55d68d8,NA,NA
b3bf7363801438a32269244989ebd692,NA,NA
c39d17742c15265fde0849002018c1a9,Westerdykella,dung_saprotroph
dbeaae99ad2423e0292d20a9a59f5d23,NA,NA
5c6236e6322dd192149362a0592b1877,Amanita,ectomycorrhizal
ed647ad483e09367e09aaa09638ebb54,NA,NA
d90cbe8b198eaa89a19c66413550e6b8,Russula,ectomycorrhizal
7cea22eed5a815479d5068883adfe0cd,NA,NA
3a74b7db7f7e8ff9c75eda051956c2b8,Geastrum,litter_saprotroph
cc2ef8dd59aedecae5dca333bb877e9d,Myrmecridium,soil_saprotroph
d2050321887ae02cc89f86210527b5f3,Mortierella,soil_saprotroph
ace4a406f595b5b5eaa74ef81768725b,NA,NA
9160439381735b9dd2cede545c57e1b3,Plectania,litter_saprotroph
8dadc32ddff1a9b0058d908c3f14fced,Amphinema,ectomycorrhizal
0a71d206afe01c274693438f851981e4,unidentified,NA
2df42f3c543edab10355f1e926751abf,Russula,ectomycorrhizal
6807cc22b1e85c700d1de9d3cbd6a2bc,NA,NA
cda7b0bee17e4a59c8f68ec867093fde,Russula,ectomycorrhizal
52dc3a9d63276bad6bd85b5772d5740b,NA,NA
bcf848f640b49621a1585edf335f1b52,Clavaria,soil_saprotroph
0f66cc9823126fc9c4ca9e56a5527dac,NA,NA
46a6f1bf32d99955ed5b406e15529bce,Hodophilus,soil_saprotroph
2106bbfdbb4eba0f57888c219a701911,Russula,ectomycorrhizal
47167f87da9d7a76508b801e5fd9ddee,unidentified,NA
77a3fcfb9445f93442aa626c569ccb55,Inocybe,ectomycorrhizal
82dcb5295adc91ffc51e70c2191aed9a,NA,NA
b3204cd1e9cb464fcde496fa6606cde7,Amanita,ectomycorrhizal
a7d34725f47fdf9f50d9c0298a57684f,NA,NA
91a9e01340650fa39cb97cce58cc9a23,Talaromyces,unspecified_saprotroph
6205bb9f4f51264d4d77c64efe914f43,NA,NA
515c51c61d0159fdfbac04a9cdca361c,unidentified,NA
e52d1cd417e0f8f791a2eeed401b6e64,Paraphaeosphaeria,wood_saprotroph
b719044e4a3759400a11d045baa8e3f8,Plectania,litter_saprotroph
55841e8eda28e2e5f458243f96ec4fc9,Lactarius,ectomycorrhizal
57f431bf100356b20d1e0d4be03a18b3,unidentified,NA
f48abeedb9cba94d2133e0d88e3096bd,Clavaria,soil_saprotroph
1b654f5d2753ce3a1f201216ca7bd5b7,NA,NA
6128ad8604a5d887abbb44e443ae59f5,NA,NA
54f71800c6ef8c66e8fb7370d05f976c,NA,NA
fa2a9f4caad06880ad222c441baa5796,unidentified,NA
0a3ad74091c48f459d0642d05b90ba0f,NA,NA
db09bb2c2a83004e963bcc2290d83103,Geastrum,litter_saprotroph
b3ac85d1af670ecc7aba4eea63e48ffc,NA,NA
a376b5aa853ae54fffc1eb92dacdc106,Amphinema,ectomycorrhizal
2d8d83deef45c7130899e5e89099f18c,Cortinarius,ectomycorrhizal
d15572b5b988d5a456125e20c11906b6,NA,NA
03676d63bf24e0efb1b7862fcfba6e65,NA,NA
c9c2e2c150b6989b514fe346c901ae0b,unidentified,NA
a4b5d1b404213c032cee121eea5c14fa,Geoglossum,soil_saprotroph
90c0702e68954ae60d8b9f941356cc28,NA,NA
ce83fb2e18cdc027529919015165124f,NA,NA
37eea5b92b5e8e3a950ec2ceb19e08f1,unidentified,NA
ce129138408c050941ecb753fc0c808a,Basidiodendron,wood_saprotroph
6e16f336ded415447fd0a11d67ab23de,unidentified,NA
91da2811ea91f560268766d48747b0a2,unidentified,NA
b107c134defcc2a8715aa16b687e09c0,unidentified,NA
07f2d2adcbd445c5356d165ec433e46f,Microcyclospora,plant_pathogen
820cd3d54035cd0a8dca96fd9f8924d9,NA,NA
73b4f3e18f54b16fec855daf8125bdf6,Lactarius,ectomycorrhizal
ec6ae4cbe30ec38bd36bd0ddb4eda1ce,Hodophilus,soil_saprotroph
d9f6cd81fa30c38b9f3392b5fa400e64,Umbelopsis,soil_saprotroph
79f16414e3dfd25516f996edba89a8af,Rhexodenticula,litter_saprotroph
a244e0838ff30a7530c1b607adc16396,unidentified,NA
136dc525dacb377c5eba141f66b8a0bf,Trichocladium,unspecified_saprotroph
d3979e38e949b466810ce71a639e78a7,NA,NA
512863b8ebeb6e6fa98975d29064d87c,NA,NA
3ec3d27cc07b02a66225da463f41d706,unidentified,NA
d41fba32abb3adba64473c65a985c149,Hygrocybe,soil_saprotroph
0903fd8fed154f23eadd5bcc8fbab299,NA,NA
83b5b072ed3a775ab314fa16ae339025,Tremella,mycoparasite
f5b42766f66cbce63571fcc33af5c8fb,Russula,ectomycorrhizal
7c383052466774049ae52c0dc2250477,NA,NA
7f1ea0aa99af023325e15eaafb50ed91,Coniochaeta,unspecified_saprotroph
e4aef1372cb545d2303f87dcbab49727,Bovista,soil_saprotroph
44dc715d81bb8efd3363f187fb47f1d6,NA,NA
211048032ab8bfe883a620f5de6af44c,NA,NA
c595767caf5b5296d1a5d803e91c0789,NA,NA
7512cf2ef8ab23c51df62487748d6a0e,Amphinema,ectomycorrhizal
1662ab7c66ed444b6b7a6dd7a4d7d486,Phaeosphaeria,litter_saprotroph
f01ad8f881bf8032728446865b87e065,NA,NA
04ae69b830e976b45fecffafb3697eac,Pseudocamaropycnis,litter_saprotroph
be860eef42315f23a40960d33a33d81e,Cenococcum,ectomycorrhizal
baffa1e7cc88da293066ad110da365a4,Cuphophyllus,soil_saprotroph
6ed7fd11f0c58fcc5c3b89c6a014c21e,unidentified,NA
f7eec87afbc60669d06ba281c5b53dfe,Xylona,foliar_endophyte
7858fdbd163147b00f629d219d82e72f,NA,NA
885fb481cdcea5e70bf735088699092b,Pseudophialophora,root_endophyte
fe629946665f23ce31708a3aabfd3ee8,Sarea,unspecified_saprotroph
127013b08f02bcab77a9284424ae7f79,unidentified,NA
fc79fe0646d0d4d186fb85451100824b,Cenococcum,ectomycorrhizal
364bec07d22f1dd89bf285f6ea04ab47,unidentified,NA
a2f5afe2fc28c3309cf48186f8683505,unidentified,NA
c210b3c81d8c2211f00b296f165cd81e,Talaromyces,unspecified_saprotroph
df8928b7bea3ce85f9daf4eb516f1329,Biappendiculispora,litter_saprotroph
b072e94acd349dc646ff04498c24df6d,Paraphaeosphaeria,wood_saprotroph
a803d088b905cc22f76b49363fc30564,NA,NA
b67746909c92754eab2375ed1dced7a0,Rasamsonia,soil_saprotroph
8b7d467a4108d0d7e4d240de4867ca8c,unidentified,NA
00ba69a36b32e1f798e58d92453e6b2e,NA,NA
5befb30669602953f0d360aa79a45623,unidentified,NA
00c0fc696b9a93ae07e53e6e95ea707d,NA,NA
36afc65f7f650bf1b21d32c9fed1b179,Russula,ectomycorrhizal
fa19477a90264542ce480d09cc036903,unidentified,NA
699308d27c1bfc2e6bd474bd8666c8f1,NA,NA
8c762dde1ee39f4365753cc22a0f8ae0,NA,NA
984471e72d61701ec5c86c8da0e0498e,Bifiguratus,soil_saprotroph
1e007bf93e2536d6b6c3561edd7245cd,Mortierella,soil_saprotroph
93ec3bc574898b2a0e2d5984f359f4a5,Umbelopsis,soil_saprotroph
3660e8c294e5c5741763ee1ebc99b677,Russula,ectomycorrhizal
22a768f0d48a41bcc568786f77f095cb,unidentified,NA
61b55f884c4e1d0eea61943165c7dbb3,Cenococcum,ectomycorrhizal
b766c63cc76d623105596d70b1326211,Bovista,soil_saprotroph
858467b520c295cacc6ce2fc5c36066e,NA,NA
8b9f78b000fe4d3a21c48fad3217c72b,NA,NA
525ed194f20f386cbb9274eb6296fe8b,unidentified,NA
c07e3ba816453f11b14d97ebd0fa9ca9,Spegazzinia,wood_saprotroph
5e4e27753abde2538454a79eada4b8a8,Russula,ectomycorrhizal
5e140ad70750b110006ae25078941aaf,unidentified,NA
260ab8237afcda50abe8b66bdc645abc,Pilidium,plant_pathogen
289d5688b33b2a1a3cdcc769dd7224c4,Neptunomyces,NA
acbb8250c2c371fcc4065ac4b0a5d8c8,Oliveonia,wood_saprotroph
afe3837198c7c3257e22a30159c1e616,unidentified,NA
367c4a3d16226248a19e21501378d905,Geoglossum,soil_saprotroph
e0ba0614144ebeca32f92fa1a27767d5,Lophiostoma,wood_saprotroph
0745bbbf621e0e6e80b3e12fbee75585,Gliomastix,unspecified_saprotroph
d3bb175e946df53dda70060af9af8c79,NA,NA
3609d368543c9fc4a207007f769190f8,NA,NA
c24dee61ae14790a8205a685065af49c,NA,NA
2fec2bedd3080f833ab226519c29b032,NA,NA
6a481d4891dcb10dc59872eef6366e76,NA,NA
69d3fb330ae42979575bb8beaa7817a3,Phialemoniopsis,animal_parasite
99c49dee954f37fe5a097b35e6091f57,NA,NA
e0b269be334c9f2c8195a74d2712aef0,Nigrospora,litter_saprotroph
742a540e04d1def3de78ce641845e255,Russula,ectomycorrhizal
b40c6bff74032723e7e71553b1cbadc8,NA,NA
5cb5df07ccc563b22c8ffca0fbedaa88,Basidioascus,soil_saprotroph
1de334cf5c6d3ef7ef8e69e5965436b3,Cuphophyllus,soil_saprotroph
551680dd4652fd1efd7402f57bc5ade0,NA,NA
54b127bace24c8bd47b12c4d918b9b1d,Atractiella,unspecified_saprotroph
3eb28098e3e787c0bafa85988fdea0fb,NA,NA
4fac24ae5334e35bdd60c5b7b828e6d4,NA,NA
b5e8790a4faddb0c8f293340be9b79e9,Cuphophyllus,soil_saprotroph
7aa7aa692347a531a4c2ecf3655ddbb6,NA,NA
5abf23a76ebad74f192675cd575cd6c1,unidentified,NA
6d7c8d80b97145b7b92137291dcde8e4,Lasiodiplodia,plant_pathogen
ec993dfc7aaa5a3738024b64aa26ae3a,unidentified,NA
54a937760bfb1458e68feaa39949c89a,Amanita,ectomycorrhizal
84f8e81ad3f27d998765b4e530fab096,unidentified,NA
c25f5c5fd22717b08d768a46ab596e96,Rasamsonia,soil_saprotroph
9c037212db7fd6d0f9b441c262c8f701,unidentified,NA
76cf610cbb38535b2cf916107bb78bde,Russula,ectomycorrhizal
0129e209e7f52febe23da48dc732fae2,unidentified,NA
5e908c1be534d44ecac8abbe3cbedf5d,unidentified,NA
36c6180599b3f8559efd2ffb03b8e44d,unidentified,NA
88758aff867ce7a7995214f9b1fc6790,Inocybe,ectomycorrhizal
c09711a6c73a3373a83cd4f5a34b9c13,Inocybe,ectomycorrhizal
80ea682ecd746f0622b47b7c2e3724fc,NA,NA
3589132ac5ee292619255c896f5eb590,NA,NA
77be3c22586ffa8cba387932794daa79,Russula,ectomycorrhizal
581e3a22e7786bd0f84952ace88000cb,Plectania,litter_saprotroph
c29bbc217b6f99a35863c15dc0f55a33,NA,NA
2aee0c1777232b37be54437b7df3d01d,Amphinema,ectomycorrhizal
3cec352cd24489a44eb1e312d1092b33,Alfaria,litter_saprotroph
a959fc39383b0de3ca04dfe3dcdd93c1,NA,NA
ce6d886a2316a42ae6436e6c11dcc7e7,NA,NA
282fe31b20e9c081e4d3ed3c3d3a7d9d,Sebacina,ectomycorrhizal
db32f94941e8d0944f4d0f91ccb0cdf5,NA,NA
9a82a1bcd5ee3ea32ce4fe0e280cf799,NA,NA
0183bbfd0b4cedc36ad1dffa7d282f5e,unidentified,NA
1857a22fa256442aad9e985c63d2fd22,unidentified,NA
d5a54654df6d40a435e7d38e6d70c50e,Myrothecium,litter_saprotroph
356748f53164335fae0dac98c2ab1a0b,Amanita,ectomycorrhizal
ccbdbf2fa99c9997dc1a6dbe844a68fd,Suillus,ectomycorrhizal
98bb12fff53da04f2b6fb60a1ee48670,Plenodomus,plant_pathogen
4671a94e4b94e43450a07845a3d33aa3,Leohumicola,NA
f9a08495db1a7c6c941cdf3ca87fdc94,Trichoderma,mycoparasite
ebc5f5819bd85d8bb1fd0c4bd2c6c2b9,Trichoderma,mycoparasite
c1c1932862ca05e804ffe298e7a9ec7e,NA,NA
20b0167c3b4adf22d3bb06372270d01e,unidentified,NA
690af3a27f94dda452b9d260d17a8abd,unidentified,NA
0aeb44aea1737e7538258cbfb6f66971,Pseudogymnoascus,soil_saprotroph
16947a7d3960f7c7ae1b69c7d9326c7d,Russula,ectomycorrhizal
f48e2ad33350ee08ebfaa13cd2288dc2,NA,NA
da0f639aca51d72d25172e94ae594276,Cladosporium,litter_saprotroph
5c6da30d8854841e4c6e7fc04da81437,Paraphaeosphaeria,wood_saprotroph
cff99112e74a17c7f4b403747334b3f3,Amanita,ectomycorrhizal
9a2ffc4542970a5c0a47d7d313300564,Russula,ectomycorrhizal
b4a7fcdf06dce8ab30fb837de90890f0,NA,NA
c5df9a78017416c22ec0dc02ede6a3a5,Amphinema,ectomycorrhizal
e0c8a56109d90a244248e556f4c51064,NA,NA
bf0bb07a4eef3895b2dfa71c23d67a32,unidentified,NA
a0b3c6645c828a5cdc5d333bcc818d42,unidentified,NA
61cad716a046174cbaee830a00a008a9,Acremonium,unspecified_saprotroph
06c890a5e575f543f1e3e96988dbb2c9,Paramycosphaerella,plant_pathogen
7aba221a32ad5da1eee1383c829a2b8e,Hodophilus,soil_saprotroph
69d83d2ac6c0c893f1714991dcac658a,NA,NA
6d09f99ba4f5b08747a28d5102f609ee,Hyphodontia,wood_saprotroph
7589927598232647f9f1d2098aafea71,Pseudotomentella,ectomycorrhizal
15107520dee36a5cf666e07d13b9af39,NA,NA
22417590492ae59cc5891385f3a10ab4,Periconia,plant_pathogen
1f7452e0081431e8e1875492c84c5e52,NA,NA
fd7704229d7f3b146695a859077b45a0,Pezoloma,root_endophyte
947c73ee1caf5c746c8811ae3f68fc0f,Lophiostoma,wood_saprotroph
aa57241ede2fcd717a2b663b4ab35f4d,unidentified,NA
ad0793590905841f25527156e79b1e89,Tomentella,ectomycorrhizal
95c16f302b00fb2ec91297d6f569d505,NA,NA
28fd15c48647db565ffa510724e9aa88,Amanita,ectomycorrhizal
e65cd939092920b9eb513ba535f97c2a,NA,NA
e320f505e3e6e6e492783cc531539227,NA,NA
92a7c63e39ed5186baa1a7bee3dac8d9,NA,NA
905bcba82276ecadbd25703925fde751,NA,NA
fa72571dfff6fcad5c6c51255b034100,Cenococcum,ectomycorrhizal
4ad0c5f2862aadab275a7fa85eb7e819,Lactarius,ectomycorrhizal
7fa388ae37c7809d177f3afd6cfcb46d,NA,NA
7e4ec58cfe2c55aa6025ccba24c098d1,Geoglossum,soil_saprotroph
e99010459d1b89f0b030e4eac4ac1420,unidentified,NA
4baf79763b14c59d51a7b534a72c2385,unidentified,NA
3920b3b7cae0b654d044e1eac096d06a,Geoglossum,soil_saprotroph
26ab472dfcb443e18a548042e0251354,Nectriopsis,lichen_parasite
cfe48ee712395a215234c22105c401f4,unidentified,NA
98547820ec1b52cbe857b04333a7da28,unidentified,NA
378d1ee6874084b02151855d9dfdeee6,Macrophomina,plant_pathogen
48760277fce44f760dc2f9b61caa8439,NA,NA
db377301fdf8a449ce1421182e95d6d5,Coniochaeta,unspecified_saprotroph
2dac19d64106f9ecca5482c29205a5c8,Echria,dung_saprotroph
a823bd2c371ecebf51aa0c5230a2e35c,NA,NA
aa8bd8bd75271d45f9f78f18b07ba6c3,NA,NA
1bf41ac4015440232bd605823b57dd51,Rhodosporidiobolus,unspecified_saprotroph
65f4232416adb15e8effdfa7a395bfae,Devriesia,plant_pathogen
d36356bc3fa5c344d641fd8b9c29408b,Cystobasidium,mycoparasite
caa70b3492cc6ad38df1a149272344a4,unidentified,NA
c8ccb64be09073ac3d417387a228e4ab,Trichoderma,mycoparasite
4c95db091c557cf052c78c75b5a428d1,Rasamsonia,soil_saprotroph
65a5bca14dbf26016eae61682521d87d,Geastrum,litter_saprotroph
fc61a1036e642f43f26c758e205aff8e,Inocybe,ectomycorrhizal
ff35d076e6cd65b7274cd5b07f7ba609,Geoglossum,soil_saprotroph
5c55d1f72094db301f0bd33b36c27e74,unidentified,NA
86c99a83d3457b8994f6e7717dfc12d6,NA,NA
fd63819e026ba533163d9c741c052f34,Flabellascoma,wood_saprotroph
f035cf2954133f15183f891ccf4340be,unidentified,NA
53c0c0d7984d52339bde9f19bf7c8f62,NA,NA
243b163099522aeef44e0051e9331dc7,unidentified,NA
9d37b594777a8cde441ecd2ad3fa6a1c,unidentified,NA
664987a56c89f5d830982d71bc478cea,Coniochaeta,unspecified_saprotroph
661ae2cefa25ec02ff5a8d7b15ccfb95,Hebeloma,ectomycorrhizal
971f64546b82f3e4232425d7a13ed62e,Seiridium,plant_pathogen
94e460ef0333d541a716ff098fe4f45d,Tricharina,soil_saprotroph
df32e5f8df286ffcb518c1b69d6c148a,NA,NA
585b5b53d47834b33605dae5c54bac33,Pseudocamaropycnis,litter_saprotroph
5114699b8d474362ae6bf365d07d2bf9,NA,NA
cca27562d0e28eb6d17b7b0cfec89a52,Fusarium,plant_pathogen
b12c9765347c2191b38c6e5244f335d0,Umbelopsis,soil_saprotroph
2934b035f19677c152311b6e5040431f,Purpureocillium,animal_parasite
45fdc6362471c427775962acd122cef2,NA,NA
af62c43f369d114e5bde5afed654df52,unidentified,NA
3fb505a09526e581c0155daa3bec5a27,NA,NA
64ae21a1fab517ca5365cfec1d75a17e,NA,NA
c214c96f54a519094f031e612711a944,NA,NA
1147e2b06748c22fc26b03403f068c2c,Hygrocybe,soil_saprotroph
caae51aecdfb1012c90cff0b0d6b454c,Russula,ectomycorrhizal
51adaadc84199134fa227e6f62661529,Leohumicola,NA
33c32395a57d3c239d888d972f9d68d0,NA,NA
6c525cfa4536ef021d65fa53085ad20b,Pseudotomentella,ectomycorrhizal
c5f3322d4fe8a1172ffe9c372973513a,unidentified,NA
3d51e71873c1597de6ce39a5ded25898,Trametes,wood_saprotroph
48d139df94f36a47306254ba3a7710e5,Rhizopogon,ectomycorrhizal
2efb78491e68a2bb35399e87f284baac,NA,NA
683e3517bc41cbc23a8023df0e203b33,NA,NA
00a18c0fc224a1faaf304181c235e4f8,Humicola,wood_saprotroph
0395e46390dbd822e3376da04596e394,Geoglossum,soil_saprotroph
44d2be75413003b7f566390c09004035,NA,NA
d16f397d9b1054abfcee79eb6e879cec,NA,NA
2d61f5be940ca69244786cb45da20d8f,unidentified,NA
65672ad36fa83615db28cbc6947c7465,Cuphophyllus,soil_saprotroph
6c30cfcd6fb0a3385db595fd61ae04e6,Cenococcum,ectomycorrhizal
f45f5c012e0fe45e14357d2f337c0502,Clavulinopsis,soil_saprotroph
e81e090e9b44da68dc7330869e17af0c,Clavaria,soil_saprotroph
8a84a9bde81b6272b2812c50f93a6923,Paraconiothyrium,wood_saprotroph
66b3db20d2d89880348085fd16a68af3,unidentified,NA
c2d2495e99a0bbb492923a61272bc874,Devriesia,plant_pathogen
3b2e06ee2a23c61be0ab2fe7501b0f19,Mycena,litter_saprotroph
9152826387398f36beefc8b38ebdbec6,Inocybe,ectomycorrhizal
89cd0d7811ad75f829576c61c4081a42,Tomentella,ectomycorrhizal
932cf986c197342c8962b79da68a899c,Serendipita,root_endophyte
4143f7860ceaa75ddde3c830e79469a1,NA,NA
aefee88fa2b0e4cba0336be27db51ccc,Leotia,ectomycorrhizal
ab7cede1f0381b50d7c39352ff8e093f,unidentified,NA
9183b50fac4d5b52bcd220085633f204,NA,NA
d4fd56d8ea0038c71bf48a9d7b041514,Hannaella,animal_parasite
bb893ccdf08b989b8c2bf2294b2fc87c,unidentified,NA
2dbb192995ba43d3c90926d648b15ceb,Basidioascus,soil_saprotroph
eccbdaab72edefe47017a6bce4759417,Russula,ectomycorrhizal
b290026308cd6dc61afa10cd0737f6b7,NA,NA
5dc0f43496ab04918be6d4eff68379fd,Phaeosphaeria,litter_saprotroph
695b88d7ad9173dd5024b62614cbe0d1,unidentified,NA
b0bc41afe79b619c764248998802a54f,unidentified,NA
82df09cdf6206a19b2ef977a70bbab9f,Russula,ectomycorrhizal
046cc9fb90f99382265cb089b8c5d5a9,NA,NA
ce63f91fc492218615dd4fa703dbef11,Talaromyces,unspecified_saprotroph
e8b11b4813d8a0cdb75b57ebfc4b6ab0,unidentified,NA
7d80d1f42ad1bb47303a6ebbeb2e17a6,Neomassarina,NA
5b32099e3761dd61fb348b4b3146158f,Scolecobasidium,animal_parasite
5fbbe1fc74c47df6970e4ed0561d4cb6,Amphinema,ectomycorrhizal
47ceff8f2698da0c9def1008d9ad24f1,NA,NA
56d4ef8bfae64ab184900cbd6d6a3325,Amanita,ectomycorrhizal
cc68ec6118f0e105bad08a98ffa0db72,NA,NA
f450972f22c92bb90433096b279acfbb,Pseudeurotium,dung_saprotroph
ba33b2ef8305f2b0a9add652592519aa,NA,NA
50d484e2c333c939b4ad8146909da852,Russula,ectomycorrhizal
5719725b13d6a6c759ff65b5dfabcd66,Cenococcum,ectomycorrhizal
dd0baa0e740ad11a355f464553e4e67a,Aureobasidium,sooty_mold
7614432ea69686611463498c8c2085f8,Inocybe,ectomycorrhizal
a16ad59f7a05ab47497cb71da98ef16f,Oidiodendron,NA
0b3d6525a51309e095e52d3326897f36,unidentified,NA
0377657e9d41281db7ba11c773bfdb31,Sagenomella,unspecified_saprotroph
e48840ed969d5eb7f14c785f9f406c4c,NA,NA
199d8956250ab5ccdf79be1c104f1660,unidentified,NA
14f28a01b501cf966aea3794e1f24c4b,Amanita,ectomycorrhizal
55247ca2df895a00e46030d8ccc497a4,unidentified,NA
a5cc4d61420b8124ea1176a2a29f2a4e,unidentified,NA
d075f6f1a06df0a6a3202b17ad7fa823,Clonostachys,wood_saprotroph
031a8449629b82637e389e3d35a522d8,Clitopilus,litter_saprotroph
980458a22df6da640694e6716cc6868d,NA,NA
56d803172f1864bbf3898a70a6484cfd,Lophiostoma,wood_saprotroph
783184f23ef6d1c88540399ab20aa841,Russula,ectomycorrhizal
579efeaf5fb700d79ffecc7617af687d,unidentified,NA
3e8f992ca2391083bbbeb09d3fad15bc,Russula,ectomycorrhizal
840b5334b3cb5513a787f61cfbb6ffe2,Lachnellula,NA
4f0e5463fc99dbb6d803e2af4af09f75,Articulospora,litter_saprotroph
caea948b1bef97515257e314de488d45,NA,NA
9e708b29b003c5c1aa815d722f735a09,unidentified,NA
c1d6ca8858c315bb7bdc842f731a530c,NA,NA
9b80ceb845a7d58ffd25bb8579465e61,Tomentella,ectomycorrhizal
afabe9561ea82e7e75152729582f41b8,unidentified,NA
d960685996f9514c8d229b2e7fab5520,NA,NA
cf80499f4cfc7c786be61c2d3ee3ae1b,unidentified,NA
ae34e4bc8f5a4bdbc718d7011d46deaf,unidentified,NA
083d53f7e3381776f41104c5ec4f3c2d,Tomentella,ectomycorrhizal
4b8ee04d3292629406ac5408ffdf8d0d,Coniochaeta,unspecified_saprotroph
354bc23ef6464f2a9625aa5482c23bab,NA,NA
23a190e05b32d0187061a5a77a3c974a,NA,NA
6af87a6b006103fd381efdda3b91a756,Inocybe,ectomycorrhizal
05c64b696a117f02a938927cabd7a317,unidentified,NA
4f78039c3c37975f9394d5eee43697fe,Inocybe,ectomycorrhizal
e20011eb58ee97182c03aa86ed606503,unidentified,NA
794e4f332f860293aba42b171671dbb7,unidentified,NA
f8538272f797bcba9bcbdf36d801fb4f,NA,NA
1a0ffa90d448ccd939ffd1db56a68445,Talaromyces,unspecified_saprotroph
a8fabfff9abf9fa5dc7bac41f439fa53,NA,NA
ba75c5af43b8ddbbc0d767ef96e82159,Papiliotrema,mycoparasite
a8fc19e6cc7f5f9419f0c09ee2c4cc1a,NA,NA
0ef1f419c04bd207cee1a3e3763e40c6,unidentified,NA
da3017770bdb0e51be52f62eb4a2e97b,NA,NA
05a9fb0d781c726336ce60ea16f7c808,Elaphomyces,ectomycorrhizal
463a0fa2d6a8eebf4d2f73b7a0a938a8,unidentified,NA
69e1105f433cf0ea128ae1174ef856e6,Sistotrema,litter_saprotroph
a99e94cfe4e8a15e11f880abacf04753,NA,NA
ab360026b2b45f7124623b01a5813843,Geastrum,litter_saprotroph
592af2f541799ee75ce6e29b8f4f0ea4,NA,NA
240c76b72513e0c12011f796d6eaa85c,NA,NA
c2a82b58ce441ae3c208637346958133,NA,NA
ee0dee1500df1743ef680214e3271ef9,Periconia,plant_pathogen
2062fa011b9d7fce453ab03261cc3454,Amphinema,ectomycorrhizal
823a377ff7f45f0f89e5316eebb8e5c2,NA,NA
accee42d631e98031a235071c2594ece,NA,NA
8bbc1a7e124f3d23aa5542769902a22e,unidentified,NA
47a0923f162e418661872e839304d6d4,Cladosporium,litter_saprotroph
cf58a41a67aac35f5ea6d4f81457c22a,Xenopenidiella,litter_saprotroph
74bd0a0e3da4fca6392c8f71d60aa450,unidentified,NA
61ce9e50efcc135e08139fe552b62b1e,Hodophilus,soil_saprotroph
1479d49318b16968e652efcfe64d3cf6,NA,NA
5dd3fccbbe1bb8ede5e62250dcd58170,Cenococcum,ectomycorrhizal
f14dd5cd466ebcaf00fa5ab25b06a455,Serendipita,root_endophyte
7c7545c8bcdcc2471a20650bed81b728,Cenococcum,ectomycorrhizal
f63612f6de1dd880fc55ded233cbfb62,Serendipita,root_endophyte
68a1972ecb5ce13917450a30832d37c5,unidentified,NA
063caa67f33ba5c3e3b94249f8f56aaf,unidentified,NA
90b81c7a2d840df7e24ebf3a58f4d7bd,Biatriospora,wood_saprotroph
63c1f2894f03c2b1e56d4f7ce63ce35d,NA,NA
1db70264aa3cb326e102d63a46d7be05,NA,NA
f636031d49c3a22a42a494fd6ceaffab,Coniochaeta,unspecified_saprotroph
f22ba58812324bb9b7e9cca155e01c01,NA,NA
dead241f04c395d1f3b44a62c8172ec1,Penicillium,unspecified_saprotroph
948c1120c5ee5facf301bbf9c2a22121,Rhizopogon,ectomycorrhizal
083b9d3d6a8c2143576de4046b810428,Nigrospora,litter_saprotroph
43506f91f56dfc611d444fe4da04f650,Hygrocybe,soil_saprotroph
d09ed67bad1eca2398a2659198ef47d6,unidentified,NA
1bc64ff3af79eaa581b99cfc378037e1,unidentified,NA
be6d2be2f205c3bac9a5f89079dc0996,Biatriospora,wood_saprotroph
a2d5593d31c791c91d9e3295858e0b09,NA,NA
54927fa252e98b68ade2abb9a976b2c2,Clavaria,soil_saprotroph
c529ab422c265c50b205ba037e63b04d,Russula,ectomycorrhizal
9befe68a71cf103acc5f39abf5bc0496,Rhizopogon,ectomycorrhizal
4d70739816855210a239d051050f537a,NA,NA
28a22f318f38282718eeb186b8f43a26,NA,NA
5feac24a9adba321211fd81ec5fc6888,NA,NA
1f9894e9b6c82bb6bd12d129c6edbf96,Mycena,litter_saprotroph
f7547b7b1ea570bfacac764a42c73956,Hygrocybe,soil_saprotroph
ae2d40087bf3520b2873ee9b25474369,Devriesia,plant_pathogen
9cc20d554be8eb4e300fd99a1bdb8f66,NA,NA
618e2dadf316b763721432a5a6f8b328,Clavaria,soil_saprotroph
73687fa40ebea6b6258299f866479ed0,NA,NA
1dbe89bc729f98232df25d0550ef34f6,Cuphophyllus,NA
001e2ae3207c623bfac6f2e32b47c282,Cortinarius,ectomycorrhizal
832389238f6606eaedae5c1ff9f4feef,Serendipita,root_endophyte
47caa7faa30ad65a7b867eb6610e29cb,Russula,ectomycorrhizal
28e035a2e8132d390ca53f44c2f8242e,NA,NA
dfd0c30c8149b5173b03d4e4d5c23e26,Amphinema,ectomycorrhizal
478a23b82ba2c0ea91052349706b48a4,Cuphophyllus,NA
69b384ea7cedfc904960a73de0aca1bc,Unguicularia,litter_saprotroph
454a2f865f8643093fdaa27866078563,Leohumicola,NA
98848553a1eba7115d2e5519d328ee4c,Trichoderma,mycoparasite
ac8495bc3dbf1ef35209b49ee78bc650,unidentified,NA
a7f6fc8ce2c92dfa069e338e402e3a01,Pisolithus,ectomycorrhizal
04816e70d90578c2b7322a6fb304c261,unidentified,NA
1fdbac6af5c46e0fdd231fd673d2d280,Hannaella,animal_parasite
df223c7331eddfde19a7324e3dad1716,NA,NA
b90e83bc477016ff164c6b1bda842c68,unidentified,NA
0ac5235312edee171172d69abdc624c9,Westerdykella,dung_saprotroph
62dd388619d0bb8278d7ab90a6ddf24c,Anthostomella,foliar_endophyte
55ca3df9ebb976a1fe3400903b105dc2,Zopfiella,dung_saprotroph
249e6d3102d324c9c1eb8cfa2182592a,Diaporthe,plant_pathogen
bacce2d698a382e7b9b80eb0435ed320,Leotia,ectomycorrhizal
0ab2a7e9aa789cc087b82c21ce39442c,Cortinarius,ectomycorrhizal
47ac0bf90f9b751ca335b68b15c92682,NA,NA
b59078c8a10332bdbb44f011fcfd73dd,Clavaria,soil_saprotroph
941e66b1e13f07d8de0fb39272806f83,Tomentella,ectomycorrhizal
0729b47b24aaa4dc40b195d47cb83401,Clonostachys,wood_saprotroph
d340e5e7c29d2467a01b1ca4e14245f9,unidentified,NA
a31de4d9e8b11d916b3a4444b1bb9083,unidentified,NA
77d1c9a163d613621fd5d716d9924cdc,unidentified,NA
9b1799f00504c21b7509828e09012753,Inocybe,ectomycorrhizal
85c6de7fd0131721997accae30dbffdb,Hebeloma,ectomycorrhizal
cc47d8c614c5ebc72d0f83d4311fc6bb,NA,NA
cec8fb9849bc32fc72e9b9ea787e9158,Cenococcum,ectomycorrhizal
6957c930fa885e0cba4de2a4bf54ac77,NA,NA
4fbef975e1c1020c1c48194432924d44,Hyphodiscus,NA
9e1389bcb0a2306a55563cec87b604af,Gyroporus,ectomycorrhizal
ba16f505463d59496071ca5437d05701,NA,NA
1d5a4507612d5908fd0f2b0cac45c452,NA,NA
801f41ca4440f9b1d52f323866bf768e,Trichoderma,mycoparasite
8ea47f9c3b9fa88a0011935adb8c5190,unidentified,NA
b74bbb3d0d83457f939597332525ff8b,unidentified,NA
4594cc61a45903cc9c8da5fedf8fe1ad,Geastrum,litter_saprotroph
b24fcf06dd76a76c32e3b13d6622a3a6,NA,NA
b046b7b1998522f83f1dea45ff61111b,Curvibasidium,wood_saprotroph
f3dd9cd1da14b52c1eb1874d39c3ab68,unidentified,NA
c55476a20ff4b515196b2f919c47aa7e,NA,NA
4373bbc65846624c105c0d3d81865ad2,Robillarda,litter_saprotroph
39d8f56de12110c7d722013d3f01ba2c,Cuphophyllus,NA
4015f055f403c86ad1a7bd1c37567b2c,Inocybe,ectomycorrhizal
eae21e4bb1818ba8a413048aebf719c8,unidentified,NA
20db78fff17ef6d75084cd9daa25b096,Cystobasidium,mycoparasite
f977fba379bbb2fe8aef11e509a5c7ea,Rhizopogon,ectomycorrhizal
62c54ec21272762dc83f93e5a02416d2,Coniochaeta,unspecified_saprotroph
530bf701dba62c80a5002f9f916b49a9,NA,NA
bfae4e72ac0f8d9125494a1214b7507d,unidentified,NA
8f5a55f91e4dd5592344ff68dc004f9c,Scytinostroma,wood_saprotroph
7b492d51edaabb5cbf3f2dd9a4bac987,NA,NA
e12e7b9248697547f94b50fecee776cb,Rasamsonia,soil_saprotroph
7fad43c61ce8633def2da2c6266b4105,Cenococcum,ectomycorrhizal
e490a49ec5464b0c88d6477e31457062,Conlarium,wood_saprotroph
1423bf43afed963e0ff416c2c30d8277,NA,NA
ac5238fe9126e820c6d699789ee01cd3,Xenopenidiella,litter_saprotroph
cc0f773901036ce243005bed9ddf78cb,unidentified,NA
ad730f4bcf7018c402453e28111b675e,Clonostachys,wood_saprotroph
a5487e6732c708db562db3317b07478a,unidentified,NA
402152188e0d41c9bcec221f08707b5d,Preussia,dung_saprotroph
7a37307be1bdcb64a494e80df0df1d8a,Scytinostroma,wood_saprotroph
32f81470230bcebc98ebd5d2d1015c60,Venturia,plant_pathogen
e296e3857745611c68c95edd84ddaddb,Geastrum,litter_saprotroph
337f10377aba8029f4710d1d465cf63b,Pyrenochaetopsis,foliar_endophyte
5d846413ee7cf535cd13dbac2b9c2aa9,Stropharia,litter_saprotroph
d945fc9fb150fc2dd7e92a1cc2707be6,Bifiguratus,soil_saprotroph
4d1611bb33d88189b185bb35bd4b3265,Pseudocoleophoma,plant_pathogen
08b983d0066064809e54017dd6549616,NA,NA
b8fdd74b12419bb0e8c1ef52399f0825,NA,NA
cb3ac9d565fa293f0c8f71de04680956,Trichocladium,unspecified_saprotroph
b105a0714b7e7dabbca1cdb4a5419dd0,Cuphophyllus,NA
0597a7d374f706150ff3a303d81c8fd7,Pezoloma,root_endophyte
382bd64ae875ccbea291228965d95c2a,NA,NA
5ae39332e36ca94854f634a4df00d40c,NA,NA
7672871647fcdceb17183e2195b382d3,unidentified,NA
72bc73401e64bf936cd5c08d4dddae6e,unidentified,NA
3779dc32d3209881f5ab54c84bb72e02,NA,NA
9dbf073055c8f5b92c56440a498c98d0,NA,NA
e6c62691c6d6eec246dcb5a0716bbf14,NA,NA
f9f394c514de4fdf75d00dd54389b98f,Mortierella,soil_saprotroph
dec3918d823e915c2771c98e381dde97,unidentified,NA
0c9435264fedd5d09e0badadda5f2d4a,Russula,ectomycorrhizal
3b9ee553cdddadd9b762cd7fe26aa27f,Gymnopilus,wood_saprotroph
3af615c31d07479c2b4ae9c5340c3d5f,NA,NA
037409726eededa10d48d46b27d434ee,unidentified,NA
78375e9d25c471047e1c1b815499926c,Tomentella,ectomycorrhizal
8615b4fdc526c9256e58c80f54202696,unidentified,NA
93aac25c886d5a08dab89098e049e294,Phialemoniopsis,animal_parasite
fac349a9d5f2cb3a6f4489c583b2a1b1,Amanita,ectomycorrhizal
d94fb234ec784d15adfc050034396b14,NA,NA
577adb8147c40d37baa67223c2504152,unidentified,NA
b8b5f9896a292fbaf2d292ecb5f49ccd,Melanconiella,wood_saprotroph
210268234f6b48ff7dd4b1d1a36b1c64,Elaphomyces,ectomycorrhizal
e5c4ab5e0012b3ffd43bf50989bb39d9,NA,NA
2c5bb59435381aa9edf7b72336bd1d57,Mortierella,soil_saprotroph
fb21c26ebe09b866f165527296525d04,Amanita,ectomycorrhizal
54064970336c38725dd8459f5a711618,NA,NA
d8b1018500d2c3f08e5222de216e5fe1,NA,NA
5f08379b7ab8ae51816f7add068d3eee,unidentified,NA
e04553e5cc2800959b5c89f36aba71fb,Tricholoma,ectomycorrhizal
33cec0672e440cffb87891b4321a40ed,NA,NA
94584285e56a0787b1a23157ba9c88de,NA,NA
3b479cf9f08c6818bbeada2270fb6865,Umbelopsis,soil_saprotroph
a5affd6ddee5f9afcb5df4757f1c58c7,unidentified,NA
ffac9c99ea821c36e18d3fa6d5bcb7ca,NA,NA
de7d5cfa2e1cf4e6f40b91dafa592a14,Plectosphaerella,plant_pathogen
c297eaca5c9c5a78c4376458b8147cb0,NA,NA
9c0a3e569a1c59272efe9ff5f9312e7f,NA,NA
2f005eee31a45fee969438381758b700,unidentified,NA
ef43f51e0e1a3f30309449dcd16d629f,Russula,ectomycorrhizal
e46eeae2d665684e8734707a8882c612,NA,NA
59c08d6fb1833b3433a019b723c356fa,NA,NA
45dc62653a8d0dd7d547ba3ab5c15b17,NA,NA
154cc408e305d661a2d156fcf940c798,Thanatephorus,plant_pathogen
64fbd995554721447d789a4431983b42,NA,NA
90e16584754d59cc9dbf3765007461da,Sphaerosporella,ectomycorrhizal
3ddf3ceaa35177fe65d815941fc533e7,Serendipita,root_endophyte
6252f94ba46193e93d15aa129a650c5f,NA,NA
5ad3e18b2766125e492bd35e0cf45e02,NA,NA
a95f32dbdbf7673c5027753e0689d64f,Mycena,litter_saprotroph
21ebcfdea1fea713b91e70b8a9073fd2,unidentified,NA
0e209a25db3c4ced1757a33424ebf3a7,NA,NA
04b7966b0f9b2db3365d89ba30ac8464,Coniochaeta,unspecified_saprotroph
7c42ba0a2310bf6946a2193bb9316ac8,unidentified,NA
44f02ecb34fa33f574da762d6f23bac5,Clitopilus,litter_saprotroph
81c7447ae373761c3692202c915e1699,NA,NA
32fb3caf2c0cf8853ce0f92e2d6e353d,NA,NA
ac4242c60f4722fdd90111836ef404da,Venturia,plant_pathogen
2204c6266439333d3b0f5a47f64ee0fe,NA,NA
8470b471e1778f744f9d3d49477faa3a,Mycena,litter_saprotroph
04052cf774e48ccf14929bb70ad5505f,Inocybe,ectomycorrhizal
60ce5a7f03d25cea382ff5f31747bf92,Cenococcum,ectomycorrhizal
1500b89f9e38d5b4c3233cb9ee4a9c30,Geastrum,litter_saprotroph
18529a0888273f439552cd3916c6c3f5,NA,NA
67972db1b9f172946e7b41745a865c58,Scytalidium,NA
ed883bf8b44a7e711b1a1077552f60dd,Russula,ectomycorrhizal
90afb9d6e36938b159b56fc5ed2e5f15,Myrothecium,litter_saprotroph
00fe9f5145b0d82eef4adc75056c2ffc,Leohumicola,NA
f32e6f926a0a92312a889c0479a1ab98,NA,NA
0edd182af5d87e5e6e7f14042ec74979,Stagonospora,plant_pathogen
4d43dc1e1f98b409d9ce065b84e04613,NA,NA
f81ae6b7529754c63892ce59e9e97678,Cenococcum,ectomycorrhizal
c84be2ccc5cd3459466f4bc4f109bf17,Protubera,soil_saprotroph
595460b554cf36e36e4d8c02ef308e90,Cenococcum,ectomycorrhizal
486cfd6f789ce27683da6f02390baa7c,NA,NA
09d39b2b0f0784b4111ae045b7b96642,NA,NA
9c2438524a6a79b6855785e04a75b36f,NA,NA
b679b9ae7ee330523050d57d2e10b81b,Bifiguratus,soil_saprotroph
09d8801fe6558e4c6b1d66f10dd85ecf,unidentified,NA
51318354179526c5f85b0368e8f34ec9,NA,NA
ed3a9c681a6b75124b21d95a39d8bd24,Cenococcum,ectomycorrhizal
49e2b1999931af6ab0879a59d65d682f,Sebacina,ectomycorrhizal
349fa6fdf3e4ef7b35625be91bbdf09d,Basidiodendron,wood_saprotroph
90ad4e9abcc83f23ec08ec4908eb2edf,Devriesia,plant_pathogen
ce5a38a3027545367dd5bc9a87c2ca65,Inocybe,ectomycorrhizal
43e62b828e83f270a2c6d943b0f16aa1,NA,NA
f7e755a8015789605bb498db13e11b61,Clavaria,soil_saprotroph
f74bcc4e76ebb7421d882594ab37a3ca,NA,NA
63d440bacbd954e71721ca5e64a09657,Inocybe,ectomycorrhizal
fe7d2a548c5916ee4f987dbee79be576,unidentified,NA
c1b40eb758f25d52d5259fa3b139987c,unidentified,NA
505901965b5d87d75c73f9eee6378c86,unidentified,NA
138c607d38addcb08b9de019fffcb3ed,unidentified,NA
3245be791300353b95bd7013114abe51,Coniothyrium,plant_pathogen
3043ad6961e2a617a9ae64212b4c1bfb,Amanita,ectomycorrhizal
af9a0b753e28e297a7d5833940925925,unidentified,NA
f8416b50692d1025fa1a6931c7d63630,unidentified,NA
d743deb5c77a9b7c371cc4b8d2af1dac,unidentified,NA
7bfcd0cefc606c1a6405adcef3adb307,unidentified,NA
be7d8c2ed0fa753abe42267933d982fb,Mycena,litter_saprotroph
33a284ce87fa7386253f3e9dc7c118f8,Tomentella,ectomycorrhizal
0561556d8624b089c6cedf0d5415b7ee,NA,NA
f49c5b3f9cefec676259edb27f034a3c,NA,NA
0458f1e60eeb7297e265c317be297950,Umbelopsis,soil_saprotroph
c5851339d214737edba6cfef5e04943d,unidentified,NA
6c9328bfc54e783ce2a0c73f1ecbbdac,NA,NA
ed4ba677e05455284c88a394a0e68417,unidentified,NA
aa7738e96f85612bf3e8aaaedf14b5bb,NA,NA
0ff7f967d9afb65ac4c0eb059cdeb9a0,Paraconiothyrium,wood_saprotroph
73304060514fb16782e92d53e1162553,unidentified,NA
9b09e5f716099bdff1d7c86dbb27bd34,Amphinema,ectomycorrhizal
9ca52d81b2e2675b181c958005a91c7e,NA,NA
88e0b3f105c89319d51fb031a5d97923,NA,NA
25e365ec216f7aa27920ebe718f947fb,Acremonium,unspecified_saprotroph
ef724e5516403ea79b7774e4c661a46d,Papiliotrema,mycoparasite
9370e1faaa25f5259e8214a956987b7c,NA,NA
57fe4547e13d233a8e2af6320b0e6ade,Clavaria,soil_saprotroph
a58fbd8e93dcef32e392a2a7d160872a,Geoglossum,NA
bb4bca94dca1a6bcaa2957b591666afc,unidentified,NA
b126c81b523048da8d8b59aa8333c518,unidentified,NA
652c8d5f45e8aafba24df0fe24b29c59,Scleroderma,ectomycorrhizal
cb9f5d7e4a9fd9d42eaeda58c72ae41c,Pyrenochaetopsis,foliar_endophyte
7a6e99a372097432954929d15feb7b1e,NA,NA
1c8ae51be7e4cd342e5f0519583b0b41,Humicolopsis,NA
76a2c1f67c75dd369c75090afb11a6dd,Cenococcum,ectomycorrhizal
273ddaa49ccd201c3a3579b04e1de6df,Pseudoplectania,litter_saprotroph
fb529a74f282aa709a969c4c3dcc7143,Clavaria,soil_saprotroph
3972594cf955ba7f0a3b7089003d8480,unidentified,NA
08388d3380c2f6dca6f499f7760a9813,NA,NA
68fa7434af819f65f0201eeaece1b5f7,unidentified,NA
b86b74afb78b01cbf20c3a7eb31c9cad,NA,NA
deb17faecca5444afd5e065dc8fb64ab,Sebacina,ectomycorrhizal
623215e51663c152f5f8870eee143c3b,NA,NA
999b861d4a866a039a4b5c40587bca61,Leohumicola,NA
f320ea58639aa2096a2fada5f9cb7845,Articulospora,litter_saprotroph
44a35852ca0efd3381b8104481084556,Paraphoma,plant_pathogen
8de5664b3d9048175171502d36e58ebf,unidentified,NA
08f4dc43279f854e7bec8220a7bc17aa,Mutinus,soil_saprotroph
681937dc6ccf0377be99c4e1d5a96ff0,Cuphophyllus,NA
e78adc4b5777420158460533a92c7cab,NA,NA
0e7d20f00d72d92b75cdec70cf5f57e5,Fusidium,unspecified_saprotroph
f2a3924299322f04e29bba2ae79cbd9c,NA,NA
6192f0d60a245f1a9b893677b9b9fab1,Castanediella,plant_pathogen
cee238ddd65b00b9441a77074884956e,NA,NA
ae077ebc6ad2e036f0b77557f158705f,Clavaria,soil_saprotroph
c9c71c647c0cf842a09644103fb9b10d,unidentified,NA
8607d7b0675261e08eb1f199e669ab22,unidentified,NA
a3179172835811894966b09299745258,Inocybe,ectomycorrhizal
6c0c181372885c27896b370576889c11,NA,NA
0a0eb488707a68024daf7052d734bc1b,Echria,dung_saprotroph
cef0cb2e5196ab7b9e9b9559aa42ad93,Sebacina,ectomycorrhizal
c07fdc17bac952b2538b498ae4939f86,Trechispora,wood_saprotroph
92668f73c614465358bd42f87613c15f,Tomentella,ectomycorrhizal
718c544f0fee6dc12d8f0667cdbeb604,NA,NA
d4331eada87cd92ee9994614e339e057,unidentified,NA
3bd1347aaf88f416f4c2a2f3a15faa7c,Russula,ectomycorrhizal
f5896b16eb704f9cd3853db36c4f9526,unidentified,NA
b36668f046e63df878d92adb7eb1ac61,unidentified,NA
ee52a9c5e224e88c34d0da70cecfa9d2,NA,NA
bb859148302e4008e3fa57dd725ee5b3,unidentified,NA
d731b3d7f299813c5030e6a9626fba4c,NA,NA
491dbfd8e9b472829e58d22e9e4e4a2c,Albotricha,litter_saprotroph
f350b6aee534ad5cd0ee3a68ea397c58,unidentified,NA
99c67caeadd12b5adda9486dd3e80f04,Pseudopithomyces,plant_pathogen
7a46d2edb7521e4b6135472326a8a53b,unidentified,NA
587b6b31d3164c8eb1b3941d1e7001ea,unidentified,NA
6b606e3430a4ee70a51e05830df8ef35,NA,NA
3b889c6f8dc458908b3fa5bc74d10fe6,NA,NA
70b1a00d40bd877f169958ca42d9d457,Clavaria,soil_saprotroph
87d077bc893e433ee863a6151619dd44,Cenococcum,ectomycorrhizal
d6b2e4f4ea68aa4a3871e305705207ea,unidentified,NA
75a017e371d7159b88c0bd9cf5afcf6d,Mortierella,soil_saprotroph
3ab0de4786fd656f512a06b66dc4df83,Periconia,plant_pathogen
b72f763b3499165d08d3f9886d3a6b54,Passalora,plant_pathogen
bf68f9e09ff81fa62641ea22efaf932e,NA,NA
5cd722cf1cfd907d60c431736222b5e6,unidentified,NA
781cd40c87008d9caf9f18a7561b95ae,NA,NA
679ee728aa8a09d2f2c5885fe8581865,unidentified,NA
8c8320d8813e9802832f7b6511b8a56b,unidentified,NA
83b1cfcbd5261b4b93046c5c97994f32,Leohumicola,NA
82054257915845bb6b92f17c7b25858f,Lachnum,litter_saprotroph
b0383b74480eb00a8748a623230eb0be,NA,NA
89c6342857754f9ec17bf85374e060ae,Lactarius,ectomycorrhizal
2e395c1e9faadd378d283bd0aa416d55,unidentified,NA
8254e4ec2136fab8d5a35a406d3521b2,NA,NA
5b1c93b3eb4892494aac029e6974d477,Phaeotremella,mycoparasite
b36e3513c638d3c69f62c54a025410cb,Spegazzinia,wood_saprotroph
c1a9945cc90733612fe88da68ec1a76e,Cortinarius,ectomycorrhizal
f026a472092e6ee3f03361aa61384be8,unidentified,NA
67714ce4a33e9489882b5dbfab08fdaa,unidentified,NA
007a9d0297ddc6f4c8709a537b91a2ab,Seiridium,plant_pathogen
28318f7059b2bb6a587f04fd556196da,Periconia,plant_pathogen
df901b057fdfe0dc18a62a8c7c25bb8a,Rhizopogon,ectomycorrhizal
c5dcb8316c7465e4784b553018fe783d,Trichoderma,mycoparasite
cdb5675dab8553d2e1b7c70fd1b85c35,unidentified,NA
509174807ecc7ae474feedf519ed0019,unidentified,NA
bcdaa536a365712c8a39afe05535abff,NA,NA
11155580585c6256f5389da5d5a84c29,NA,NA
cbb540240cf4c789db8547bb521122d0,NA,NA
ec77f312a4ed5037fbc0d8bbe7d3a72a,Hannaella,animal_parasite
122f38014bc997201fb5734c10bbbbf1,NA,NA
8837b5f87aec1026e2b16eaf015e8599,unidentified,NA
51029a0aa599ec811576d8ac683c4af9,Coniochaeta,unspecified_saprotroph
ddd00b349a77c16cfa609d90aaa7c98b,Russula,ectomycorrhizal
07a19056662f3188a1ddb494389c45f8,NA,NA
a8c5a849bf09fd0625a953c7b48118d5,NA,NA
4d54184ae949b4580b2510e24312ae72,NA,NA
82871edd37f0c5841158c61d2d28176b,Neoroussoella,wood_saprotroph
d1b8b5381c6a9b8c002b100b2f6e1aaf,NA,NA
b11579c0637b1185298e239eedc31163,NA,NA
b285a26cdb129b4a58abf35d528997dc,Phaeodothis,wood_saprotroph
c27451cd4e275ce4612ee49c6e9550a6,unidentified,NA
40c214f797281e6165d153b1ed64944e,unidentified,NA
0b3e15e351c5f03d6ac3c50707629bbc,NA,NA
667a5bea45bd60ea368c81e1e0fc2005,unidentified,NA
eb02b8d1b39a029e94a1197830d33f14,Myrothecium,litter_saprotroph
46c88d90c5b090baf4841b8f6f3871a4,Russula,ectomycorrhizal
a2ecb7aae779e872fa73d59eccb64824,Pseudoplectania,litter_saprotroph
5c0bd15f4c71103d83ab10eee31d5791,Cuphophyllus,NA
46e965a158a495de9460c39e0819f2a1,Leptospora,litter_saprotroph
056c27629c3275013002dbc6ed847bda,NA,NA
b55d95e249fc08e0c4200c8f9ab31416,NA,NA
a19983ad912bfc2bc4b1bb493e97487e,Botryobasidium,wood_saprotroph
58e4f6f776335e23d839950d2f4ccf7e,unidentified,NA
1b511424c4deeed66bb6d7689fc9a07d,Lactifluus,ectomycorrhizal
f3fe6b954d9661e8c5522cfe6d5d1569,Rhizopogon,ectomycorrhizal
5fa072da7719e62637ef0cfea0d1cab0,Pseudotomentella,ectomycorrhizal
48ba331830089b0d00c8cff69248818a,Spegazzinia,wood_saprotroph
6464135c15735ae1908971f0e8415787,Sistotrema,litter_saprotroph
1a5a9a907692d36486d1eae6a45c0a26,Clavaria,soil_saprotroph
18fc6b622fb8e5830782dfeffce2ab70,NA,NA
06ffe4e19e8241cc8779c5b2d62905d6,Clavaria,soil_saprotroph
6545c9584d656b631cdfd3be38ee50e0,unidentified,NA
7dc1efd04b1dabfa6fa7f6a576ee23b1,NA,NA
2da806851b8a2c5eec5e2b1dd48c4765,unidentified,NA
eee6c90fde4f70d1245ce22720fba789,unidentified,NA
973381031475d0dc06b7df8e31fe18e8,Hyaloscypha,litter_saprotroph
9fc6701bf1a5ad130b2731c8c7077f5c,Inocybe,ectomycorrhizal
11de0e6b3d12f19af434b3541f3710a3,NA,NA
9bd6bae2d144cf1b91c257c988172ca1,NA,NA
107ee29171e5a4df47180516202b4a9c,Tomentella,ectomycorrhizal
2ea0ff68b656fd28a7ce40c3a581c05d,NA,NA
5c27db75f555b2946d8137ad23875653,Clonostachys,wood_saprotroph
b7b42fbe46b66a1354d1845df83db6f0,Cuphophyllus,NA
f15c017a5671901ceb5c0455df26d256,Amanita,ectomycorrhizal
70342216d4715dfd847a1cd8db09067f,NA,NA
ab6d546fda1745097d998c35776076ba,NA,NA
b3ca59fd8492ac4c06798c8ff0026d26,NA,NA
410620ac233e773b105064be76361c42,Trechispora,wood_saprotroph
a075e738f9380bc4294b05ca5b5e195c,unidentified,NA
23ec584fcf99d13f00746eb17ab7a555,Inocybe,ectomycorrhizal
0a48b14c9c69239fe43b0f1bd482f3ac,unidentified,NA
68e7a46db9732424018436d91ae66662,unidentified,NA
09c29c350be9953ec655b8a4b688398d,Spegazzinia,wood_saprotroph
7aff6a60421ed2a3d3af566fd6bcaeb4,unidentified,NA
4af8c3a1713feb8460bf6f313bf3f334,Pyrenochaeta,wood_saprotroph
50948d1681543368d60aed3ad782ce35,Stagonospora,plant_pathogen
4b2bc3939839ca6717baef990d2b7985,Russula,ectomycorrhizal
dd6437afed47ac315b68bafb05158895,NA,NA
5159d765d9498b3ec342ee0da0413af6,Pseudoplectania,litter_saprotroph
818410d60ebfa7d236d40c082539d036,Camarophyllopsis,soil_saprotroph
8f87e103584b44d5719a67afcd9f6c62,Cuphophyllus,NA
c28a8de62b6ebda040f6e5c3ad0c759b,Umbelopsis,soil_saprotroph
9f0520676d9189bd4cb53e97ba97a5dd,Dictyochaeta,litter_saprotroph
33b4ec879679433d930803e1f19e1e82,Devriesia,plant_pathogen
1c0c316fa84b6aa55750427afa5ce1ca,Mortierella,soil_saprotroph
3a45eb4b0e21a51bb4d4f6c97ef4e1dc,Inocybe,ectomycorrhizal
a12ea18e63664f54c10d22f8a4d1c92d,NA,NA
0f4328196a8f91b9fee0e8b958d62dcc,NA,NA
591e53fc13f91c78694ccb19a3fa9752,Lactarius,ectomycorrhizal
325c66aabeff044a5713faf9a1d2db7a,Cenococcum,ectomycorrhizal
fa8ea909eb4fc92a5963818f157876a3,unidentified,NA
67d38082143aa08330287c84ecda850e,NA,NA
0141f943a0b7b81283aca1e7714b89cd,NA,NA
f748a6747634520819837d4165253acf,Cladosporium,litter_saprotroph
49d5c7fc4e2d48170644f65c3ec2c01b,NA,NA
0f450dbce2c5251f73c8c9617fe1b45d,NA,NA
30ca832d102bdb98c8a18c9e90a050dc,unidentified,NA
dee8416861cdaacd656ae96590b9b177,Thanatephorus,plant_pathogen
5c5b241a172f3f657dc35991b9274153,Pochonia,animal_parasite
6030d8ad65de40c237ad2dc184a86c9d,Atrocalyx,wood_saprotroph
0a955c6db772eb795e356d8f3180b88e,Serendipita,root_endophyte
b5e1f3a84b2af97c7ad6e0700457a643,NA,NA
a676a1263ee29f926869e86c8d405e0a,Lophiostoma,wood_saprotroph
561f123446a3405934b9eb33180dd31b,Thelephora,ectomycorrhizal
d5ba0f7d6ea229f297654cac6fbe0012,Amphinema,ectomycorrhizal
2cabf8d3f6e49608f0a62bbaab86718a,Cenococcum,ectomycorrhizal
f188284d9fc6facffb8de900bd76c602,NA,NA
721840c63a36c4caff7214bd5a19c3a3,Umbelopsis,soil_saprotroph
8de17dc44ea89efc865e39f1960d3575,Pilidium,plant_pathogen
17411950044578800697956eeb1a2cdf,NA,NA
79f99ac590b348ca884d85443703c259,Russula,ectomycorrhizal
831a809128e26b7269391794a7b0ef1e,NA,NA
d6bc2bd56c2d65336158101bfab6c73e,NA,NA
895cf78bfbaa4376a11c26aaf2f22791,Leohumicola,NA
525417c5a350b13871d0e89ddb4be4fd,Lophiostoma,wood_saprotroph
7a35f93b2051fd7ab5dd2603ff78f703,unidentified,NA
c69aeb4dddacb30c2525f50f6742992a,Tricholoma,ectomycorrhizal
93f1a6d10d62b688f8271559e3dd7afd,Biappendiculispora,litter_saprotroph
ee86c5bb8ce339812c22d3a36399d91e,unidentified,NA
a0e8147be9ce5e3c4e558b64e5738578,NA,NA
2e5d3ebba944e9c601a0746ba113a8c0,unidentified,NA
5f96f5433e8b3625b5d408c67ad0256d,Fusarium,plant_pathogen
b562eaab79bd899a5a219606718c03ce,Mycena,litter_saprotroph
ee4d3ed48d1c57728b5616f4934bd856,NA,NA
c48b45b6aea404a333140045a313b6ab,NA,NA
d8329cbdb6f20e15a289586310509009,unidentified,NA
2c1de5117c16b8e710b9dd40186c24fe,NA,NA
a5d5d4fe8ea73a26f21a1de6a035d16b,NA,NA
f6b2cbbdca7f6d7908be02dc228d4b82,Veronaeopsis,litter_saprotroph
bdcb804a4357ecb4e7c07e7e3c2a6ecf,Mortierella,soil_saprotroph
0bb5e9669571255ce21c38f616c41ca7,Cenococcum,ectomycorrhizal
b21b5d9e7c1850af54c777b587d6c8a1,NA,NA
591980615455acd6943e7975421b97a6,NA,NA
12f53cf149ca8ea678c01bc70ddd4b07,unidentified,NA
bde3b7ed0a969349066929766ee09d39,NA,NA
bdc576cca237aa4fa3dc326bc81beea6,Russula,ectomycorrhizal
98f441bb17774c0b378371954bc66bb4,Mortierella,soil_saprotroph
5f20edc51573031c38af449da1fc0d37,Geoglossum,NA
858275315f8e9e005829f47b02721b17,NA,NA
5b4f6f96a158dc00ad1e9efc788ed8aa,NA,NA
8e5a0420f7b190d3e681ab49790962b6,Albotricha,litter_saprotroph
e1e89f2ba0672b699a00ee86812739d4,unidentified,NA
3c47be28db7f9f6cb672da275407d425,unidentified,NA
f58371895c02599c3579b5dc660bb229,unidentified,NA
49e0fc9334b5e45733f4b5030be45bfb,Trechispora,wood_saprotroph
5213d8a6b11fbfeb40000866e8aa4832,Achroiostachys,soil_saprotroph
f880d2a2d98ef1b64ab42ff8843aa464,Clavaria,soil_saprotroph
5b577e2dee5e4907169e56a33d3b665d,unidentified,NA
0692c7a6f5c58973bbf4c1b8eec8d99e,unidentified,NA
b0e69008bf5c26862ac6e7842f4b59b8,NA,NA
bc438a0f2f09c877613575c0aad0c1dc,NA,NA
4f7e74f22c8d60a77fdd0c2cc7f5a686,unidentified,NA
e757af77f5e162185306a3f8e46c32cd,Paraphoma,plant_pathogen
a78a19724c16253bb683dfde5c2585a7,unidentified,NA
22982f878f4a18f9d2397887972458ab,NA,NA
8d1c0f2dcdfe375624f05e22e651f7ff,unidentified,NA
22ea7a5445af40ee3ae0bfea7341e26e,Lophiostoma,wood_saprotroph
b76c1795d4bc75dc83b1143641c5c438,Trichoderma,mycoparasite
09e850f29adef87007fd0e0b0b06f788,Geastrum,litter_saprotroph
8b9dd47bbdecb969def67e97b3b1b0f7,NA,NA
36b2c97ae66cf5adc6cb7ba296a1ab0a,NA,NA
0d138aefef8ac43228c202a32c5d1321,Camarophyllopsis,soil_saprotroph
6ae60548b3abdb0139c07bb7aea0139a,Russula,ectomycorrhizal
b3333ff8c2522325e2ba04cffe9e4ad4,Schizothecium,dung_saprotroph
1976bc7b5c57f3505c1675f47962e5a6,NA,NA
1082e342268f422ef0773850b5ba8745,Metarhizium,animal_parasite
6da13ac819f49af2c17c670972a82a78,NA,NA
b39e069c3eece333d0cf1dcf238ecbfe,unidentified,NA
bc968f150a42bc6e8a1c775d7be9ce1f,Niesslia,litter_saprotroph
cfbbf94a845948c37b11a3e844c3f43d,Retiboletus,ectomycorrhizal
959049f2fed7301dbe9528e4a1b70769,Cenococcum,ectomycorrhizal
ef1ab4e6b3aa5b9b7ca1701b4f17517c,Vanrija,wood_saprotroph
6b1617db9fc851c6c602b8a51f74ba29,Inocybe,ectomycorrhizal
8262ff7e66129f1e7619d7debd8b401c,Cortinarius,ectomycorrhizal
f66b9d65877fb5e3d7e84afddde80633,Tomentella,ectomycorrhizal
7c720c4de34fc3254742780e0250c76b,Serendipita,root_endophyte
19e15857530fdcadf18f6140e0b88494,Parateratosphaeria,plant_pathogen
28917f971328bf42d3aaeacbf5087bd7,Paramycosphaerella,plant_pathogen
1207cf0130bbce8acf466260c9c3154e,NA,NA
23483bdf5ae120b889f9f2f86181cddc,Neosetophoma,litter_saprotroph
35cd0be2ec05aad2894f7a7189a4f1e7,NA,NA
866086a49e5ae3f897dc583bf75c6415,unidentified,NA
04c520f8a0debfd4d0b28d98310ebdb6,Periconia,plant_pathogen
8fbcaa0c7258bf08acc743d0ee94ee93,Tomentella,ectomycorrhizal
40446f81266a5b24e7b4c63790d04993,Trichocladium,unspecified_saprotroph
c0dae521c5b4edab0cc95bd32c3f0166,NA,NA
3b4c3c54cf6fce96601bb0b1afe6eb17,Biappendiculispora,litter_saprotroph
46f7457bc23cecda6e500effb40c7640,Lyophyllum,ectomycorrhizal
133639c1bb6ae15ba1df19b41887b9bb,NA,NA
72fcb03b8adb7a64dcc51d7be86fbe15,Thelephora,ectomycorrhizal
517bced7d9924e6178564d233b14d0d4,unidentified,NA
2a5013e22676288e4289cede830aa044,Thelephora,ectomycorrhizal
4e954016b9a34842796ecd34ff173c5c,NA,NA
f03bd558cf18b644b5078884239d4be9,Amphinema,ectomycorrhizal
d0408540c4eff35cd2c170ac57af2014,NA,NA
6ecdf50d6d6389fc2cda081a610f1f37,Amanita,ectomycorrhizal
82cd5bd99c503e55c23dcec6b6ed0348,Xylodon,wood_saprotroph
a90e15282c7f0ff2fdf59a86682d111c,Periconia,plant_pathogen
0945a34443a01e0103eb1792b8091793,Scolecobasidium,animal_parasite
9e08a45c68d1b8d690861b151b367db8,NA,NA
628769e28316fcd514dd4702212dec83,Sistotrema,litter_saprotroph
683d26c113d72278ce81992de5029231,Pyrenochaetopsis,foliar_endophyte
abf391d4d9b57c49ce267b4d4025a64e,Cortinarius,ectomycorrhizal
c06072c8ce2b493451214185c30f7c73,Umbelopsis,soil_saprotroph
1a1faf931ad85d3c8eb5077d662a13a0,Hydnellum,ectomycorrhizal
6f451054bafbdb11dd4da7b45b8a2cd6,unidentified,NA
80aab1d74822ac20be740090fdaed2d3,Mycena,litter_saprotroph
4da570f7d102fb512f30196e55b8c893,NA,NA
adf1fd17c3b1ab96a012e5232140fad9,Rasamsonia,soil_saprotroph
8e0d2785772aff0565167ced76d2bb26,Tomentella,ectomycorrhizal
970d2162a42fa0dd6e16a9b28c2ac8af,NA,NA
aba3ffe85607c93b8112f67edea55d6c,unidentified,NA
572a1955a90fd7b4a875dc7298a79fac,NA,NA
4869e5b86033f811126b13f99c5eb717,unidentified,NA
2e58e83e2ac4e088ed75bb7d3d8b64e9,Lecanosticta,plant_pathogen
1c9e227ee5552af957979a354339fe38,unidentified,NA
90f1a2688917bf351532a9bc338a6a03,unidentified,NA
1cc07c23fe9c06d2ee010945a0222087,NA,NA
e4bf98f4c88dee60cd28ef3141961f7f,Hyphozyma,foliar_endophyte
2bb87063c8b61fab79ed946ce7b256f5,Inocybe,ectomycorrhizal
7c22ef03a8607163ca22203330e981d3,NA,NA
e26090e17a8a9672eb28be1b320d8672,NA,NA
1da652d179d083723cd5b67f541f2788,NA,NA
4fa9e61fb88214b5ec34c326a03d24d3,Myrmecridium,soil_saprotroph
eb9a18b608d60b73f211a67e4c3cf0f0,Trechispora,wood_saprotroph
6fc56b5674327126d0c264f3c6364f5c,NA,NA
914e362a6ad8f3fc057bc348584a68df,NA,NA
cd17d34d54201ed1dac1bf0be7782bad,Geoglossum,NA
f1f4922bb08fb95f3813a953b7ee5762,Amanita,ectomycorrhizal
4a727c3b7f19d06a0f61ad8d4576de4b,NA,NA
2567e5e0ec8aa3e30e5dc8ac8f7a0df1,NA,NA
39b7c61da061d8c26728980ffcca15ce,unidentified,NA
6d521f2b73e05a25fb7057e13eb6a6da,Torula,foliar_endophyte
1b35ab1b13f99b866e7f042538428862,unidentified,NA
7b8dba7b6b7682b5cbac8cbf7c7880d3,NA,NA
5301d8c0598f17d07bd21667d2b6f2d2,Lactarius,ectomycorrhizal
86080281a72465c0290ae1febf38270e,Paramycosphaerella,plant_pathogen
58faeaff7e3035fdadfe45d99721c4d1,Neodevriesia,plant_pathogen
6b44fdf734f35818125f721fefc51ed1,NA,NA
6f48aa4f3b3ec8a90f561178a1bdfe18,Hyphodiscus,NA
a81902c55a036d20dd29f3c6f377d7f6,Trechispora,wood_saprotroph
d89de5301c0cd40729d887b42ab7f054,NA,NA
218240d2ae96cce390d868a467012b46,Mycena,litter_saprotroph
3f4171ad508f8956f86403676bc35b2f,NA,NA
245b04ed2e576aba9c32e6e512eb535f,NA,NA
5335c135b268c744357f3e459f064b44,unidentified,NA
29b0da4fcd2c95e624731671a86dc5a5,Seiridium,plant_pathogen
f0581d03edf12810b9183e9e58f77a20,Inocybe,ectomycorrhizal
cc4fb3a493cbe813522d85e8410f7d13,unidentified,NA
989bee39409b16e8dd8bcee68d65444d,Paraphaeosphaeria,wood_saprotroph
770a356154f24033b7062311fb6f8296,NA,NA
748dca26e7b2f9d05858300efacb7515,Papiliotrema,mycoparasite
fbffbf94bda8796d96396cfe2d2d1d35,Trechispora,wood_saprotroph
4c6cc86c0bbb9f67a55aab44745571a9,Inocybe,ectomycorrhizal
6d2e082629d393254ae0083d72dfaba3,NA,NA
1f67a7afa6d50543d231ef2d0fdb85bc,unidentified,NA
8a6d1b17496b21a66be016a798fed256,NA,NA
c355313b4353aee45e9e8a2f3a59c2fa,NA,NA
db9eb291ec611757820de285ff587805,Ilyonectria,plant_pathogen
db2be03cda952fcec9c62ccc340cd951,Chaetomella,litter_saprotroph
4531265c867808e4040cac3d2fb51db8,NA,NA
7c62149711a54ea0603f0eee9e0e57e9,Basidiodendron,wood_saprotroph
f10c68c793b220bec1779f05d7258b0b,Inocybe,ectomycorrhizal
dbd7d9fade75e1042099d57b1eaac6b6,NA,NA
522a4bc2bd78f992ef1332da609526e5,Talaromyces,unspecified_saprotroph
a435696cdf38120060cdb83ccf533788,NA,NA
87e2ac0d51287df0b1f45961bf65b5fc,Serendipita,root_endophyte
f5b93f0738f809a8d9a542a5f08c52e7,Albotricha,litter_saprotroph
5234a0cb62e6870e39e6c91e88d085a3,NA,NA
881799b68519b5e1cda62c14fdf893f9,Inocybe,ectomycorrhizal
c73c610818f92ab3e9267e4084a60421,NA,NA
bedf2896a7a9333310a29d1e8a91c18c,Cuphophyllus,NA
9050f47177a06e237df07058d519b6f0,Infundichalara,NA
f9b5312fd775c00937da6d9c82dd0c55,Veronaeopsis,litter_saprotroph
3c4deed4932600d86c718d63ac545b07,Rhizopogon,ectomycorrhizal
e8b3e277070decc1fde4f8a2825f896c,NA,NA
283f03f857a9720e105e3939693f4a34,unidentified,NA
74def0d30ef54abf4affa1b03266ac7e,Thozetella,litter_saprotroph
2e94aa38011fe2f9f61bb1c474e48fef,unidentified,NA
ca9b648f2f803508fb3cd3a6107a126c,Tremateia,plant_pathogen
30ba0e12a140674a08848b6aae336f78,NA,NA
0dea97df8e7f04bc56b3f49d9b8fc2f4,NA,NA
1b860135462a666a9dcc01eb86708195,Achroiostachys,soil_saprotroph
ed22efabf31aafef3464e70565770dac,Phaeosphaeria,litter_saprotroph
7cc2ebbca48a13e313634e6863ed0613,NA,NA
15eac1ab8bad6f220724d40301b42412,unidentified,NA
a3ae504271ea15a3efd990087ff40c1b,unidentified,NA
dea6289e111ab76dc96632af2f8d5e5f,Mortierella,soil_saprotroph
ee24c82e36a21c626b54b4af6478fe32,Amphinema,ectomycorrhizal
c67f9f123e0b6684b9a6dde41622c3bd,Oidiodendron,NA
435e300ced1582fa0c8233b5d189eba1,Leohumicola,NA
5ed90c3a053949404b0268b9c09eb295,NA,NA
d42966eb6ee1f629fb820a4563e90b78,Rhizopogon,ectomycorrhizal
d7385fa2a00530ab922b0b5f5b37d042,Preussia,dung_saprotroph
977bd6b433ffd3cce0a49afd9aa08503,Mortierella,soil_saprotroph
ccb12e48f51610b23d67b26915300250,NA,NA
3b899fc28a7d0f4b7b8c894f0ed2da62,Aequabiliella,plant_pathogen
20e2e0b13b242a99685d72696ddbcbee,NA,NA
df78680ebc5bde4d675fe5ab59c4c8df,Fimicolochytrium,pollen_saprotroph
569a4818a364813b709f273aaa5ba9b7,NA,NA
0ff4d8887ead6947c7434a2f12f6fa25,Clavulinopsis,soil_saprotroph
b8d6fadc5c1513b357804739cae33485,Cortinarius,ectomycorrhizal
2eb8e788a82a639a9d30daeb0fcaa34c,NA,NA
e0c61564cc1d59419e997b12987db06a,Russula,ectomycorrhizal
aa9588130bb94e4126bcc341ef5cbbb5,Trichoderma,mycoparasite
0154ac527c4618702b70a4fc260ec734,NA,NA
2be1eadc7e3311214318a4531b173326,NA,NA
6cb44a8890e8978275533f1f7c3f7012,unidentified,NA
c6956226a54f956fd273a3df3d9676be,Trichoderma,mycoparasite
6cca6f21c0856149a7e6fea409b7ae1e,Pseudodactylaria,litter_saprotroph
1bffb044713c9b0b4a878cea18c18aac,Conlarium,wood_saprotroph
9a287451b14a4948cc88e9b2f661df65,unidentified,NA
01845d4c824f5b95900357661281ac13,Coniochaeta,unspecified_saprotroph
8d9eb0be6de546af04f2db4990948932,Nigrospora,litter_saprotroph
03ce9d4ad327505c9378b03f716fbe38,NA,NA
a597f2ca0b9fb95ecdbf4b3c439f3ff3,NA,NA
f27b1b24210975b4d9123a514fd2da04,NA,NA
2634d937cc76ea5bffe8fdb2a947a38e,unidentified,NA
a99a70f742363e5e9af92bd2bd4265b0,Atrocalyx,wood_saprotroph
f186dd2366f53667582bf18ef47fa76e,NA,NA
8f9c2ef05986a3099ebf76496bcd14f4,NA,NA
446e6695768e9f8251548882c9437c13,Clitocybe,litter_saprotroph
81496b2f4cf80a967e50cadcff4a2e21,NA,NA
6b723a4d3fd38f7b2abf6e8df28159c3,Nigrospora,litter_saprotroph
68fd04baec3e2f5dc9beaf0a1e0d0e5b,NA,NA
9112890971d1b8134442a2202a7c41ac,NA,NA
df1af20ca482f19448d2f5ad922d6261,Cenococcum,ectomycorrhizal
16b303d6b4db2765a2d48b20947f350a,NA,NA
072721a87a21fd2ac78a5f4b3dc527c2,Geoglossum,NA
0eab3289074e8bb236ad78cc13b24060,NA,NA
529e62be7139eed544be71418b4e63fc,Colacogloea,mycoparasite
74aeec140d2f09297896a19b643f1f7d,Toxicocladosporium,plant_pathogen
da7f085b26264f3541de06203e7322d9,NA,NA
da3a120dae1492787b1d433c7399e7b6,unidentified,NA
ae9de7837adb3bcbb8d81fcb5ab371b6,unidentified,NA
2281d3fc6b65de31cee090842f669e1a,NA,NA
c13260adbc95ca7b590bf1636dfcaf0a,NA,NA
21a6150263035d978d9e32b597e9bb38,Amanita,ectomycorrhizal
816fb2a9e0415b06c8fa105f71042fd4,unidentified,NA
9a4d5adfde7c1122e38ddbed3f0cea22,NA,NA
84cf78560649633956be06e5e6069527,Talaromyces,unspecified_saprotroph
4e05d8a05b898c6008587a330e1a47ac,NA,NA
3d94c1df88efcccb6d5ccf03556fcb03,Coniothyrium,plant_pathogen
028fd6fcf7420126c49b2158d5817f81,NA,NA
1106947af1414e730cb8e79ab539accd,NA,NA
601cd06a684b2747c59608b6b1378e12,NA,NA
39eea9acac635808d2a296bac7495e79,unidentified,NA
f0881a10574f7b4452cbc9abba7b7dd4,unidentified,NA
ce03a084158fff46d6c57bd8f1210fd4,unidentified,NA
45505fc8719fc4f00ae7b241709373ad,unidentified,NA
c12b556ffdc3409d8e5eb896ee7f92db,Cenococcum,ectomycorrhizal
2acbab84c40b192e96b4c39101a0d26e,NA,NA
c4909d12851920c3036d821ee51d8a4f,Ilyonectria,plant_pathogen
d4677ebfa3bbebf4821353dfa04eab6b,NA,NA
69b535ffddce650f32aafb52fe0da5ae,Trichoderma,mycoparasite
f351ea9dc7ee4529fd86687dca65a99c,Neptunomyces,NA
9b2f11b673025335272f501f09ee7921,Talaromyces,unspecified_saprotroph
1e2dd2ede9b886e9af3837b04cff2ee3,Cenococcum,ectomycorrhizal
bbacd2192c439edfd28fb1b3807f357b,NA,NA
d54d8efec6b9f88b09cf6fa9ba01b4f5,unidentified,NA
615d5a0125afc1c54a6e51bccc18ea09,Cenococcum,ectomycorrhizal
74c9600f030b6237140af0ebbdd58e02,NA,NA
dae442408ccd9f35d3a5a9d562806245,unidentified,NA
b54388e5f6a01ae3c82691684aa737b6,Mortierella,soil_saprotroph
aad4b026209b252e6d7f8fb022b31497,Inocybe,ectomycorrhizal
5bbd528ed4c9400ec0388a18ddece58d,NA,NA
718fef4d5fe0fd47a0ba81718befa8e7,NA,NA
bb4ec1603ec7b8c1bf7c40c039277b2e,Neptunomyces,NA
ec79bf96b0f89f4b7747e6de5d5c52d4,Protubera,soil_saprotroph
04c88b113c5587bad6cbc764dc5e08db,NA,NA
223cf5be75a867c15a5afbbd4ad14f3d,Lepiota,litter_saprotroph
7c687e2b16ab0799d8b57c7fc5cb9a78,NA,NA
d7d666b3f3283517f800a888fb0003a1,Paraphaeosphaeria,wood_saprotroph
3d6943986a651f22431f8848a9b19d89,NA,NA
3f81b6da4ac9837dfed6aff4b01557ee,NA,NA
755ba0fbb810685682790202841931ec,NA,NA
534e0eb866bdd236f55db645bbcb12e0,unidentified,NA
7cc20a8162637e33e214953a957536e4,Talaromyces,unspecified_saprotroph
6def00dd815d21345e3692a229c0c9d5,NA,NA
32e11d3463f5f7ce507a7d089abe579b,unidentified,NA
6945006065339affb4cd49dcadc03703,Infundichalara,NA
e70615864f8ecf96b499c566be7d6160,Inocybe,ectomycorrhizal
2c22c417cf974930241945228b4d8be8,NA,NA
4e15776218a5e125bde6897b8f8f19ba,Fusarium,plant_pathogen
564925ae4e80d975a89339e481801c90,Cortinarius,ectomycorrhizal
2c27ca704b17c0abdd2046ace4cf2591,Acrodontium,plant_pathogen
d9c1c7de3dc3236103e115af10d020f8,NA,NA
2a4b279082d52c6b359fb39752cc6cd7,NA,NA
8240eaf003ed8d2e1bada180e47d9deb,Myrmecridium,soil_saprotroph
d6437e39614381417986997d66eb011c,Fusarium,plant_pathogen
b0ea8b804bd269376b64569ef4d44a76,NA,NA
51f50372a333e2e78b65d5651153d75a,Lactarius,ectomycorrhizal
63d70f8ecac26836057b51e442ebe6a5,Devriesia,plant_pathogen
42c899991453582de2ad68f8d077299c,NA,NA
52348b04165b04ceb2d4a6cd28b9ed2f,NA,NA
41d74e4779ac846a8c0dfc4dbeb65656,Setophoma,plant_pathogen
5b31c1d25868aeca942277ffb64c3875,Inocybe,ectomycorrhizal
f883432f08a6364dee87da0e803bb499,NA,NA
82747180dcbf7b7d27c24a34ec12e009,Lactarius,ectomycorrhizal
9d2f563963ecccdd4a0c190636522b8b,NA,NA
56af0b9a65e4e760e34ef0e28d4aa749,unidentified,NA
48b43185840dcb04f61f952189f96988,Geastrum,litter_saprotroph
7aa411358ffc170f6891fe40d2b7e411,unidentified,NA
ec78f89e75ce8f81d4a8a10975c99b6c,Infundichalara,NA
b335b3ef0f5dba1635bf0e0014c18f02,Metarhizium,animal_parasite
feb9e6ede4cb97b02e44d484414375c5,Geastrum,litter_saprotroph
d5e2b2bbb41a5e0a83232db7d42beb63,Rhizosphaera,plant_pathogen
0f2a434f2397e8d322c6285e275dc33e,Schizothecium,dung_saprotroph
c1088da4fb8dcee52d35c926c93faf33,Diplodia,plant_pathogen
11201f01b75694640d656c6f0899fba5,Basidioascus,soil_saprotroph
9f6016f57d81c4b8b49924f68269f514,Schizothecium,dung_saprotroph
1e4cad13645115ae1713fa460cb31c8e,unidentified,NA
2f14db985337bf7e8038dbef58d4f0b3,NA,NA
485f44ac91570a374b3b724417469266,NA,NA
490699ba182f8b2d32b1cb8d7d8b138e,unidentified,NA
0d1b9c3c3c5bd8ea0023e736a89adf8b,unidentified,NA
ccfed1ef0a13a70652e7c19bfbe4aaa9,Leohumicola,NA
9641c7fd0e9cda7182a3ae15dd97ca01,Rasamsonia,soil_saprotroph
468540e524d079df33cd83862c001407,Corticium,wood_saprotroph
581c39444bf7c864c6f8e282124b1b0b,Hydnellum,ectomycorrhizal
c5a787a368128d05055b8980fe87d1b6,Venturia,plant_pathogen
8e00405d4340a2bed6e329a9a5eeba3f,Amphinema,ectomycorrhizal
766300d6430f9c6000cbb9a8881ae4a5,Geastrum,litter_saprotroph
fcb66ab0d89ccab50bb8602315b88440,NA,NA
19e6ebd8e89f7b7584b754f1f4a2ada1,unidentified,NA
b2bff1a2ba960224786e9194257f4de0,NA,NA
b232bc53dd1877d3be0ca8878711faac,NA,NA
d2ebfbc17b2227b2dc3f072fabf1be0f,NA,NA
d56d3cba5bd270018085057d77d65e41,unidentified,NA
58b326065659083af9d2c7b76a2597ae,unidentified,NA
cafe9017f7982853ded600b65fb2b747,NA,NA
63cc41624f375f06ba035ec0877be019,NA,NA
30eb24c72898cc40eebf48fb3bff8c5e,Periconia,plant_pathogen
aa01af8fa9966d3592e0f62e9b72e5c5,unidentified,NA
1be7c5366ea8a1036faba34529a64349,Paecilomyces,foliar_endophyte
a6ea28d2d2852891d4e148f02d5bc58e,unidentified,NA
c16769e431d2d4076f34310952d7303e,NA,NA
29b9b2ef899e27110b5beb069d2ce80b,Clitopilus,litter_saprotroph
ece737a1fdec78f17f70401c5ca18ccb,Coniochaeta,unspecified_saprotroph
1baa555d8d3045bd8d527b5626fc852f,Rhexocercosporidium,plant_pathogen
7fb18ecda8e912ba89946c53c84c4186,unidentified,NA
b38fbc07aa0900ad2b9fc61554b392ad,NA,NA
2b580c9b26fe5cc539635baeb78e8d54,NA,NA
d7abb6d0ac162d552c63a1760ca10c34,unidentified,NA
09cfd1a16f869115479913bf2b733730,Hydnellum,ectomycorrhizal
1b9bee745069c58beabb28d1f78ca8c3,NA,NA
bf84306193b4a41cab3f6f253a33bcf4,NA,NA
d88604e7cd49fb901079091a343fb6df,Leohumicola,NA
d89af8d1ea4c7b001ca1536ec0a99a86,NA,NA
041a40c067f94ccc47a3fbdfb3cf2b70,unidentified,NA
a57d731df63e9d73036d965f14190995,unidentified,NA
0085dba6843f52e2de3a37488264d874,Acremonium,unspecified_saprotroph
b60227348a87b85b54b7dfeb294a3661,NA,NA
1020fdadb10f10d6534e1ef778c2fc37,NA,NA
238f396d3b6b1d2d4e04ca54012bb74c,Devriesia,plant_pathogen
3632581751fe3d8e6042d37dbdeecc3b,NA,NA
9cfd27264c5bbee58fee65a790a3d739,Trichoderma,mycoparasite
e28adb9bd8a695aa3149cc3b6153ee0b,unidentified,NA
260ef21a6f56651c12f418dfdc788828,NA,NA
c08f057228b35f5c0c26c2bb2b8f4846,NA,NA
d213d87ecc3f1f5e21e40a4b7ea7abd4,unidentified,NA
2f360d5236151bdce664996d76a30695,Mycena,litter_saprotroph
c2df1175b2210198618705433118bd00,unidentified,NA
9616fc29d45034819848d83f86db0b48,Russula,ectomycorrhizal
496ac8286ffb752f24470b47257ee3e8,Epicoccum,plant_pathogen
d74bd73824e7436371fcedcb8ca5ee15,NA,NA
dbfa26d980eaa63778e9039fb66399c6,Hannaella,animal_parasite
842bd6c410489b89fbdf3a5503459146,unidentified,NA
22c9df99c843a5abda499f5c30690f2f,unidentified,NA
d76283158d889fe68efe8cb405ed66ab,unidentified,NA
951caacd4ba7c4dd4dd7ebe6b3dfaa4c,Stagonospora,plant_pathogen
705afafc3368b07f98ac02b79c899d7f,NA,NA
74b04c7b1f26f9a7cccce87bec568758,unidentified,NA
49c4f7c8522dbbc062e818c44915fd3e,Trichoderma,mycoparasite
22e60107e5d0292d8e79ee96e8b49614,NA,NA
ee5d1a9ddbeb1cb04ebc82c7296ee8c2,NA,NA
3670610f3d98fc64fca7357f3b407808,Ganoderma,plant_pathogen
ea56f8da1f2bfd0c80d010cbac288af7,Inocybe,ectomycorrhizal
8ec0ab1a9ca70014bfbea0fac16ec690,Paraphoma,plant_pathogen
288394df194724f55224ad212fe7231e,Loramyces,litter_saprotroph
7181815ba86cbc877c1e1ac321dd9376,Rhizopogon,ectomycorrhizal
3df2588b03979c2844cbb0ec737aceca,unidentified,NA
b10f4af70295d9d12bb39bb77bd9d194,NA,NA
3e8e6aa05867967eb5caf59ea3137cfc,Plectania,litter_saprotroph
4c150f751ee597d7b1c15070f000b55e,Rhizopogon,ectomycorrhizal
a27f5d1e6a5f77156b45792068d0a0f9,Pseudophialophora,root_endophyte
cb9747928de6fa3da074ae658b88977c,NA,NA
5023f3928f287d554a8fc262ee9a0706,NA,NA
380aeb861a77c312a2f104df9091693c,Lasiodiplodia,plant_pathogen
6d30714f37f6a98471d9206fd3d4d69b,unidentified,NA
55c3ab955bf2d02040a8d1fcf38e8d30,Flabellascoma,wood_saprotroph
03758c3316d7b820f3d047cd6429f153,Paraconiothyrium,wood_saprotroph
c9edc78d635c190f1f3673b8e5944aa0,NA,NA
d8f649cf06d0a1234de5b200ef1ffc0a,Corticium,wood_saprotroph
8e3345f2bf6112dc6b7dcc645c39cbb9,unidentified,NA
e49b8f0e11a1c0c774d9df090620a649,Cenococcum,ectomycorrhizal
65488fcdd75536766dd94f363425a49a,Mortierella,soil_saprotroph
fe6ed933f1abf206280e5c2a3a9842aa,Clavulinopsis,soil_saprotroph
3485d5872fbf05cf581f8ae7ecf70602,NA,NA
0c02063da915f9e2cedd8ea4785516a7,NA,NA
7e912926a9ff38314f5d347ff3e7bc6c,Mycena,litter_saprotroph
d2a881747cf5f803238bed2fce40bbbf,Mariannaea,wood_saprotroph
56e7d3a761093e2e5e0436082221ec5b,Penicillium,unspecified_saprotroph
063c3082d5d78987ee28460b8ae13188,NA,NA
8308aa40394adecec32720888cbb26aa,NA,NA
09abd434c85fee6588d4cd9846e97d1d,NA,NA
d871cdc7e4d7b7e169296976432584a8,unidentified,NA
baed5d7edf7bad3da07f1d61ade6e465,NA,NA
b33e462bb702bb29dfbe485fead45e31,Trichoderma,mycoparasite
0f32ffeb616dc633b658a11c70f6ef74,Talaromyces,unspecified_saprotroph
8f2b98c096cf49bdad43426f55acff33,unidentified,NA
76f3d0850ae76786939f5600f5629dfe,Coniochaeta,unspecified_saprotroph
9d4cfbd3ef1e63c4a624dce86c25fab9,Infundichalara,NA
685875aefdce20a41999a226e6f3bf02,Fusarium,plant_pathogen
86c429bd55bbe7955f30c8ea8d0f9590,unidentified,NA
b1caa66f226e9154bee7a3b93f8fe196,NA,NA
12273e5010e07d53aed1a9cb5f906ad3,Myrmecridium,soil_saprotroph
eee2d4e826cf711a0b9fac1e7d463bbd,Tuber,ectomycorrhizal
295db90eca6b53a57be6f5089b405ba8,Echria,dung_saprotroph
2c5ce91dea0e867f9b54f9bfd6c31dbd,NA,NA
ee1aed13007572b165afd6b76d905c28,NA,NA
9047a0e5972441d96b9df31ee694dde3,NA,NA
db7eb997c480050a70339e00d048e4d8,Periconia,plant_pathogen
9d45cf7ce030300e0a35fa2e395604be,unidentified,NA
7cb53881f150fdc2d6c7af6462754e36,Mycena,litter_saprotroph
5b19b6ce88b2befeb4069468933ffa2e,Periconia,plant_pathogen
7f7b0912453b8b660dd4d3005d9f228e,Laccaria,ectomycorrhizal
106f582f46a0841c0306c3ca0165dd7a,Rhizopogon,ectomycorrhizal
128bc3c207a3beb479b347123dc50118,NA,NA
736475d08f854a422398ff65b6215583,unidentified,NA
94f7a39b50ac687c610c44320755ce2c,Tomentella,ectomycorrhizal
0bc37897a9c4768f1480ec3eac870428,NA,NA
4122030a8bd665487f8ce161c5a9b6ae,NA,NA
ceacbf560c5044b5fe605fd563a78f5d,NA,NA
f142a9b86354280d8747c3a9dacaf667,Serendipita,root_endophyte
a8fbbae3008661a1d0bb8e2a8f0e4493,Humicola,wood_saprotroph
11a169b1abe9005cadddb38d66a281f2,unidentified,NA
b1d8000e7eab6b4f9e51263b413c1e2f,unidentified,NA
f3a7f8dc6969341aefa393cfcd220c25,Sebacina,ectomycorrhizal
7ba60385b9116166ac19a2c791f6a051,unidentified,NA
307772a6482b27b69aa87d56307272a1,NA,NA
2c1aec2848bd1e51a294f9d53dde3a3c,unidentified,NA
392ee0ea30011837866d5bcc68b7b768,NA,NA
891f1dcce035b0df4bf19d54d1d3025d,unidentified,NA
d58a0bd5ccc05ad6c4cb4fa42362026e,Inocybe,ectomycorrhizal
9dc2162a3dcf171e9384d191d631c183,Hodophilus,soil_saprotroph
780ba23437229fd17cca97b8dcff0f59,Amanita,ectomycorrhizal
6d81d5e441c91b31e537f72c39158dc2,NA,NA
c68a3fa49fc1c79ce43c39c113cb18d1,Cenococcum,ectomycorrhizal
7adeddc6a9c875b843909752a31ecf8e,NA,NA
31bcb76a91f478d511bda4a45515c923,Mycena,litter_saprotroph
7ece41abfa988c09500bb7756013c376,unidentified,NA
8a7cd723c34c7c39990a8d0271023ad4,NA,NA
54abca19484193fba95830e64e1a3051,NA,NA
33613ab00cd9842e224c9e32b5790c8b,unidentified,NA
175dbb9c2082b53d7eb2656bd5904d90,NA,NA
a9fe763931275c4c1f9b0e31e66a96cb,Russula,ectomycorrhizal
652f82b668c86ff701636916c4674f7e,NA,NA
ccad882f5be489bb2ac7bb7a161fd379,unidentified,NA
28e93fbd121a6a3b2f3485e97cce1fee,NA,NA
e9a362249955b0040b3976daf8927aff,Periconia,plant_pathogen
489ad33da6894a8fa4aa307b4130a8f0,Paramycosphaerella,plant_pathogen
a14aa6aaef9395a13173475793db616f,unidentified,NA
e2cf50be876553d43644122bcf23285a,unidentified,NA
480f002306c96dfc1ab0f0056fe8949e,unidentified,NA
ccd8cfe4e23f9e070f57e9746187aeab,NA,NA
8940be7f1420c5b0fa6b44d45bbad516,Neodevriesia,plant_pathogen
fd77413702a109826cad96b35b4c13ee,NA,NA
150283af1d50eeb6f4a51c2044101111,Rasamsonia,soil_saprotroph
ccf6a54a4ecddc826bfe40702421e55b,Clavaria,soil_saprotroph
b4369de52b7856287bd4c937cfff07d5,NA,NA
0260532239c960df7380b740ba107385,NA,NA
24f246fec302362491f12e5f81b4f80a,Penicillium,unspecified_saprotroph
174161160ab31345fbbba0e2fc5a7d78,NA,NA
5a6dd74963b29c684430d4764781ae09,Rhizopogon,ectomycorrhizal
766406e5ac25152404528e704feb07c9,NA,NA
bfb3b6687c93599253936b6d6759a884,unidentified,NA
0b0de815535aaa91b4d876e47582f57e,Saitozyma,soil_saprotroph
0d2cba868ef4f7fd1534348fe396aec9,Lachnum,litter_saprotroph
f5fbb286dacbfbd60bf5fd0c4602c012,Coniochaeta,unspecified_saprotroph
1f35c2e57f6930d59e82cd9304b519fc,NA,NA
2cfca630c9551bfa07ebbaba1fb89eee,Bifiguratus,soil_saprotroph
5894a82a56997029c778067314a70cb5,unidentified,NA
8c121ad7a40d0ae39ddaca474ace3b9e,NA,NA
6f8adb839dd3e13da0d54a6b47b33c76,Achroiostachys,soil_saprotroph
efab7a7c8e1f1cfc59b917bf018e11a6,NA,NA
8d6bdd43a716bbac8d1ad70152d9cb19,NA,NA
182eee1f265d92b03acddb4511db24d6,Cortinarius,ectomycorrhizal
8b3bf6cd27027583c53ac9236c5fbcc8,NA,NA
b81727631614593ad59de66d3cbf84a9,Metapochonia,animal_parasite
9694f6fda9ffffc08cb100df2e5cb37c,Myrmecridium,soil_saprotroph
c1769f38316637894b95fe0d7c87a7fb,unidentified,NA
5f1b3a78bfd0f50bea3da2fdec949557,Neptunomyces,NA
b25caff7818eda4ed4718749cc90882c,NA,NA
442d4df98bd5016e94e03fb450acec9d,unidentified,NA
6ffab7afb13ef62ce80d40c2e45ff9a4,NA,NA
1003fb26c57b7caba2e2581efd95f3ca,NA,NA
99332b895d183420e1f67004ce39ca08,NA,NA
ea2a2aa8e550780ab2119e4b56b774b4,Amanita,ectomycorrhizal
023645ed20256304a92ce1ee3faff4bc,Xepicula,soil_saprotroph
ce1696eb38d7e05085fdae165c19f197,Cuphophyllus,NA
cf0ee18d55c4b2729455e103207d10d6,Toxicocladosporium,plant_pathogen
714dd9f2b0ecffc40c178f10872f19bd,unidentified,NA
580d9f2c25f37a949552d0751c28525e,Schizothecium,dung_saprotroph
9304be3730d0731cd519aaa75d83a4a4,NA,NA
a672d7b8e1a3e6becc13d7d0faed21e4,Aureobasidium,sooty_mold
4320f04b154dd9ea458a539ebb89ac8c,NA,NA
4712aa4dabc1c0594c971e476bc35a7f,NA,NA
ee22416151d4ea272491fa1cc3d9ccd5,Leohumicola,NA
b15c689dc60fa72e940932b32072ee72,Rhizopogon,ectomycorrhizal
d01fe0651b2dac8488e1341a82673031,NA,NA
0ca18ab8206af1b2c069f7c7cea65e50,Venturia,plant_pathogen
07bcc23ef7af7f9d7046a51ca0509883,Phaeodothis,wood_saprotroph
1bb96b828b802724304aafc168ccd06f,NA,NA
ebde7c3ddfc9677a04187b766de7a19a,unidentified,NA
58776d9a417dfcae2e88097bd4e8c456,NA,NA
dd4e2815dd8eeb35a4f8c6f628546353,NA,NA
56b8c6f875f9468c30446e93cd92e829,Cenococcum,ectomycorrhizal
651b2d2eb934cccdc1ad7929e794c7d6,NA,NA
c496998d540530e6cf5141e798b033ac,NA,NA
4781d492f76c2ddcb04b54752a094d5a,Coniochaeta,unspecified_saprotroph
fc25c588177c55885076646aa14ff213,unidentified,NA
f5fc10b6c3682a6393d2c639164b1488,unidentified,NA
8c669551b7f6b7bda4a8486a9a4c7b18,unidentified,NA
6c73ebfb8c39de240df85f9c7c7ce544,unidentified,NA
1ba15a9e60a89f2a9cd666480dab563f,Devriesia,plant_pathogen
cfaee49b491746af4dddbfff34bf984e,unidentified,NA
5e1890375cd82c915f3b311a94859176,unidentified,NA
caf81f7c4c78ff8286df4c5809ca828b,Serendipita,root_endophyte
3f25cc7d4150e4fb3813748e57b0d9cb,NA,NA
4cfc0aca97ef4d76cdcbed95ea140350,NA,NA
1482c57710e45a259bc548f18e09cbbe,Phellodon,ectomycorrhizal
bd1f8c3eec9db13b6b69e521d76fd77c,NA,NA
82ce42e1ae35d90b69e5375b535d2855,unidentified,NA
05ef4742c94e4f24a75fa30f9738c2ba,NA,NA
f9a3329f09d92ca35681506752ffdeb4,NA,NA
59079ff27b78bbac019f84a36947b948,NA,NA
9aaea72d21807754e515932f3bcb9d65,NA,NA
d452cf3d137ef726956c60d970845769,NA,NA
ccb7a5376e928bd131dfe91fd906ad5a,unidentified,NA
9bb3183dc0d4d8014903b3fc9c014890,Rhizopogon,ectomycorrhizal
58ff643b7d8ecf7623c65b6407749bb7,unidentified,NA
715e9c76a7ca846887363dd9eb17f999,NA,NA
831823672d02d621742d982b221edd40,unidentified,NA
9e67c546b44656069e4fcf175040f20b,NA,NA
325fcbee59ae2309335ae944e7409578,Pseudolophiostoma,wood_saprotroph
508dee2193bb3af63ca684c451acdeed,NA,NA
9bb490a085ee18105ad5b86d9813b65d,NA,NA
33c375081dba982d7208494118fd45fb,NA,NA
d6199ecd88551c3f047fbe010e6e516a,NA,NA
0a79830243d87ee0a813f3562bdd3737,Tremella,mycoparasite
752e372623a8d7a8e54d7aa5f5b7ccb6,NA,NA
19db6a284d527795ea99071634e28b94,Ascosphaera,animal_parasite
991804acc866a5c730c3c10ed9784342,Trichoderma,mycoparasite
8c17429199f39886b9cc81a136ee0ff4,NA,NA
e4421b5e788e9cae4a67456ca5f7babe,NA,NA
a69a5e0df23f43300e8a1293a7630c4d,Paraphoma,plant_pathogen
f74a52f3a1b14945a8b5ecbf310ea1c6,unidentified,NA
32fe917152c8f71fde8db376966f872e,NA,NA
9edd17d4c35bb9ac712fecd21bc9f4b3,unidentified,NA
d1b66d0c587273b6f2127a428d521fc9,Geastrum,litter_saprotroph
66ed773f97c26d02a9f60ff91d5d25f3,Lactarius,ectomycorrhizal
39671b71ba9dd816df211d80ba7f1e33,Stagonospora,plant_pathogen
d14f5af0aa09f0d63a5e60ff9af46f65,NA,NA
456b1d5d0ed239df7f1542bfbab59c8d,unidentified,NA
2f9878e1738cd36c472c4ef1fc62b5c5,unidentified,NA
d68506cc2b10daae7af8b0a001621ea3,Pezicula,NA
403562c0495faeb2e185f3c5009fa2ec,NA,NA
5a4c3f441e4c0f38afee8e63d8d46c14,unidentified,NA
cb2b03e3d34ea4f05f99aa609338ecdf,unidentified,NA
26d9b871cba0391a8ee3d72476b1c964,NA,NA
7644418e43dd83f353be9bec5c440185,unidentified,NA
224dfeecd5a4445a405861aad7cd68c6,Amphinema,ectomycorrhizal
cf719f820e1756f8604f76d172f18925,unidentified,NA
3f2b9e9d1fd7e4a8ef7d2a79821b78b8,NA,NA
b74487d725acaeccb5ff191e504f406d,Dinemasporium,litter_saprotroph
604e5513851e3c1654483bbbd29a08df,NA,NA
03dd5acbb9b1f0cec2929fab1d567f91,Devriesia,plant_pathogen
eeb508ba5f708f0b64693ee21cb9f529,NA,NA
186ce13e2457dfeaeef7ebcfdcd70cbb,Umbelopsis,soil_saprotroph
cd7f48724bc9d268fc121ab4fc904a74,NA,NA
b2e5e2bbc4e2220a8cef78cc3b5e0533,Microdochium,plant_pathogen
a46d19bc557dd5a74a8d82bc6adf781d,unidentified,NA
268ed511e81c69e677c578cfbaa8f7b7,Basidiodendron,wood_saprotroph
aee6cf0687007c9948143beb6875a3c6,NA,NA
26f85069b196f4b78df9caa2744d0ace,Minimedusa,lichen_parasite
757f32026d09d4cabe2e2f5e00323c02,NA,NA
639d25e43ab2a114a640b3a195183e12,Umbelopsis,soil_saprotroph
5daff5e3ecfc22db48f7ba0b3c8e4978,Amphinema,ectomycorrhizal
50b4b6696b999a06ad78ce482ec02934,Paraconiothyrium,wood_saprotroph
6d4e29313e6a4c5a98f4a50fbb072248,NA,NA
fd52db956b99e9b9478440c134b7ac6a,NA,NA
891481d057db27538b9e633cf1c43073,NA,NA
62f46f8a08aaff765698366a6b01c4ba,Pyrenochaeta,wood_saprotroph
3ee8029223c3d1787674c56fa8a8c37c,NA,NA
dae82278604eb8fd652afa61d2369739,Russula,ectomycorrhizal
3ffb6eb8bb89112194b142b9e1afb882,Acremonium,unspecified_saprotroph
884230bee7c4496a6fd87dcc0315934b,NA,NA
a997817fbd077c47f0d46ab7d93de311,Amanita,ectomycorrhizal
6ea13f74dec5fbb274a1070f8e5c3217,NA,NA
37de5bea695fa3aabae6b49909c87bd9,Clitopilus,litter_saprotroph
650c15e622fc91237f5362e6a8803939,unidentified,NA
ddf1630e42610bebbcb94406f35cd04b,NA,NA
a33ee5c54242b683ce9ea1568ca3e1de,Cladosporium,litter_saprotroph
a96a5f6a59de768f512513bf26e48fa3,Clavaria,soil_saprotroph
c335a89555a4bf4963015648087138e4,Mollisia,plant_pathogen
c5e75f033889ba123786db734a013c32,Myrmecridium,soil_saprotroph
c29a160646a9e68073a0d09935896fcf,unidentified,NA
098bfb41d1f551a48ed8beae8cb7d3ba,unidentified,NA
7add688c9412914f89df35f013b4af94,unidentified,NA
b0e1855a4b40a08992ca79caafff29a1,Tomentella,ectomycorrhizal
d5946e87f75db1c97a902515ab6521e5,Fusarium,plant_pathogen
c3e2499aa3c407fa43d28b2b04989457,unidentified,NA
b4c179fb2d19c86b5c450b041e11b3da,NA,NA
ea71ca9fa54bae59481be3be0a974e05,Inocybe,ectomycorrhizal
cde59eff9565924e1129d60d51b258f8,Geoglossum,NA
6fc472b3f1624ac5ec019c7b6184e1a2,unidentified,NA
c707ed972d67a0a4acfcc964c6980f58,Periconia,plant_pathogen
353105db0df8b1c464750c2b6f4b569e,Capturomyces,NA
f7357199a1bb49003cb95ae2c616b622,Leohumicola,NA
5712024c5c493e561ba01bb1debdbcc3,Chaetomella,litter_saprotroph
2294fb9fc20d9c23b29d480b3cc65499,Bifiguratus,soil_saprotroph
dfa1d92e54fde2bc83e78e05c6fa041c,NA,NA
2bb34c16dc75a35f77077607e5211f5b,unidentified,NA
f5f1090a148baf6ad335ccc78e10dfc3,NA,NA
5d79f278f569d91d84a0c66979011b9c,Periconia,plant_pathogen
9720a71dd311cc9f6faa83fe5d264b31,Didymocyrtis,lichen_parasite
155e54c02e42a69e37c9fbd81359c994,Lecanicillium,animal_parasite
3fe93d3b8cfd164bb579ec27a0178263,Amphinema,ectomycorrhizal
68fbc2706fae8d22fd519212509700c7,Clonostachys,wood_saprotroph
2d83d7da3aeb1e08bd1810b3d06c845d,NA,NA
0bdda97c2f8f794ad4a50fb8ff24494d,Leohumicola,NA
be1ed9308ddf8fb764428aa7d1e6957e,NA,NA
9a405b8ee2001903023a581e508a8200,Lactarius,ectomycorrhizal
1150b5367f7be494618939f4bab835a6,Gibberella,NA
8ed3047175743ca93c8cb7c73a57c65a,Neopestalotiopsis,plant_pathogen
ed06a5654df48f99e55bf2ce2c5b6da8,NA,NA
2020550570537f76ba0a2d29295553ce,unidentified,NA
83d2e18b510be9f18b183bbe2db5eab4,NA,NA
91b41fe52001e29eb6efe1d7b7143459,Paraphoma,plant_pathogen
a7b423941a87799f5297701b2d439b25,NA,NA
8b7cb38f2464868a293b3347c383c406,Cladosporium,litter_saprotroph
4fad4685e803a32b625ee0b50666b0f0,unidentified,NA
a4704e3ed761d0bacf309d89511922d3,Roussoella,wood_saprotroph
2e19b54ad7e3d47ddd1745a488e2b66f,unidentified,NA
7b5b608df8e2fad3697e441224e637c5,NA,NA
a27c37c625a79c15dfd457cd6231b7d1,NA,NA
623982780a373adfc66f515de8425e4c,NA,NA
899b42ac59799d0c38da5d2b2eafd58b,NA,NA
bda575f041bd970830acccf9d6d21e52,Humicola,wood_saprotroph
a8e66285468defe42f2237a14c8f47e9,NA,NA
35723117a2be070c2a133acae4e4fc59,unidentified,NA
cffa80d5735b39937bb78db3cfd56701,Cortinarius,ectomycorrhizal
3a72987ec317f8927c7ca433622f8e08,NA,NA
fc0d65f3b2ebc4db22ada85ae9d401be,NA,NA
95970b3c2cedc72357638c4f74e73f8b,Adisciso,plant_pathogen
ce0c74aab6097b4e2118b2df10b2bf17,Bifiguratus,soil_saprotroph
1e96a3705d305a4c722496ff2d83ebd4,Amanita,ectomycorrhizal
44cb81385d4038084e6fc62b6729a648,Paraphoma,plant_pathogen
e6fb5476184f0f5d5f4520e3952ad14d,Amphinema,ectomycorrhizal
0319f88b27cdbf44a2e12ab84dbb3637,Helicodendron,NA
26f8418dbc3b530c67e87c7a6efdeee7,Byssocorticium,ectomycorrhizal
8d086d8e13ec188e3406ff2470582be1,Curvularia,plant_pathogen
bd6c7b3d86e5fd40bb3fcca77f9394b7,NA,NA
05c285ad858e4edf43d88eb4bee2a916,Trichoderma,mycoparasite
7927353f6dc5259269b44632435a9e5f,Tomentella,ectomycorrhizal
45ac44b730549236dbad2fe0959c3205,Papiliotrema,mycoparasite
7f0bc96e6dac60e51dd1aa18d577e57f,NA,NA
14f2104a8bd4c7a8435031e49fb40c8b,Trichocladium,unspecified_saprotroph
13c37968a42e53864f34b09b8c5afb14,NA,NA
a4bc81832fc16e18bd5aafc730045392,Infundichalara,NA
7a734d904242211abd8ec0eaee88edca,NA,NA
1f01f91fca16b1dcbe5ca0f59bfe769c,Russula,ectomycorrhizal
d6e849d42532b1d04fef4c0b955f076b,NA,NA
6af1cbb6ef94a85b53797765967e1237,Achroiostachys,soil_saprotroph
50a3cf7b75fd10f0038fd405a7eb0591,Biatriospora,wood_saprotroph
24fe5ddb463d5ab9f3546194a42cadfc,Trechispora,wood_saprotroph
8b8aa5f1f0b120befe795b6496c0a65d,Coniochaeta,unspecified_saprotroph
97dcf4d8f156eac88321be6edff18316,Bifiguratus,soil_saprotroph
75eb14a9cb0d90b4649f620138e2e79b,unidentified,NA
e02ff579739493c982c9a2a0430dc924,Leohumicola,NA
798828b0df302bf1004249606881e380,Talaromyces,unspecified_saprotroph
e552b23c108202530963ca47c00dafc0,Biatriospora,wood_saprotroph
69b6c0a29efe763086ec4e613ab5b1f1,NA,NA
2a4cbbfb4419712f2c17b9d7d85bc4da,unidentified,NA
5b5f2eeb4fcc76f54d10027bf8285330,Didymocyrtis,lichen_parasite
96ba9896f9d6280366ed35b1d1e3dc79,Hodophilus,soil_saprotroph
692d24f6a6aa84ed7e749eb156704a46,unidentified,NA
00f3035bd43eb510d44a3460bfb4e218,Gibberella,NA
988a251d12a26b64cc8f9afffbf3d124,Russula,ectomycorrhizal
bae14fb93b317708e8ce7b52761281d0,unidentified,NA
c505d59a1d8eeb1de90ce9c4b2259a57,Umbelopsis,soil_saprotroph
44f2589572afce1cdae7817882fa3f49,Paramycosphaerella,plant_pathogen
b97d6ae92d7f3e9c9614215d3e97fa2b,Bifiguratus,soil_saprotroph
ec3038b3eebf5440dcf9f53ea3f6325d,Papiliotrema,mycoparasite
74d6dee6ca54df6fff47f31becd58194,Pholiota,wood_saprotroph
7c8e5d7dd1590b4fd08ec685a657592c,NA,NA
4a13b9b5c9aa5fb4a94408faf2dad0c5,Mycena,litter_saprotroph
8aaf4509e783e0f8cc34f0dab9d0f829,Infundichalara,NA
ca84035e3aea3b4b073767633df5d902,NA,NA
5ac4df2ee307d49cb863c81f8fd04dfe,NA,NA
fcb25953f1043ec63a83c5974c203149,Echria,dung_saprotroph
40ede46862099e9f06472c0ccb1073da,Protocrea,mycoparasite
1ec3890f291969d9ab3675ba26ad7205,NA,NA
7063d6225c5f416e14411bfe51874493,Inocybe,ectomycorrhizal
b8dda4d920ed1b0702fd2b8073798c38,Coniochaeta,unspecified_saprotroph
1159cf26e53d11aafb13d7f4c5dda70d,Pestalotiopsis,plant_pathogen
a405aebbacd6f7151d44f01394bdb5c1,Parasola,soil_saprotroph
8466969a0f0637f4b2386509dc90f25c,Byssocorticium,ectomycorrhizal
d1fd3fd560d0c0e91e1dbf790c39383e,unidentified,NA
cfa507080656342766a9022998799594,Mycena,litter_saprotroph
de66fccbdd9d34081fb2e3e03196e2dd,Leohumicola,NA
b76fc8f187a0750cf94c08ca6e49c2d5,Leohumicola,NA
10b140853725849c57fea0b830348049,Xanthoconium,ectomycorrhizal
eafdd4dedb741eefb8dafcc8811cf150,NA,NA
30d0fc16dec26f3b83db9e4dc64532e5,Clitopilus,litter_saprotroph
3a92e05e7d5f95f9073802d7253ee353,Inocybe,ectomycorrhizal
9006e30ab39893c89c1c6e3628ef97c5,Pseudocamaropycnis,litter_saprotroph
aa6b542d997d952ee55fb5b6b13b11f7,NA,NA
46bc46a7b955d1087d364ec5401b92f3,NA,NA
0e1c73ec60691a3198b176ba8fb732b7,Cladosporium,litter_saprotroph
80bc05528bfbf3c4478ffe25af7d00c8,NA,NA
d6da13f203dfa7218f5887f25688050e,Curvularia,plant_pathogen
ef3ce2f876c8068cd379b23d27c3d595,NA,NA
7dffa14a69b23f0c039813a758f42cc6,unidentified,NA
9dd8567d6ab8f4ada184892e3337bfe4,NA,NA
22fee58f88c743126ed87f5a5646d01f,Clarireedia,NA
510d811434bce9fc4cb660b2f81bb2bc,unidentified,NA
4197e9efcd4e0bd85c263cd36c473ead,Camarophyllopsis,soil_saprotroph
1df7a341b01e77295eddb4a32e04cb5a,NA,NA
def812f5c548f2efd2e1fdddfeb54257,NA,NA
c77f74611e7497b33e54481417c39fc0,Pestalotiopsis,plant_pathogen
fcd8dd79d52e6af9c2a955c1fdda5e70,NA,NA
138e7d1e16e15db9848260ba21a9e639,unidentified,NA
c9b963359f692c388622ee569eba096f,Leohumicola,NA
ca2c9eae10f010f90798f724ec7ed196,Passalora,plant_pathogen
359e74da53a295b99206a72e8818dc29,NA,NA
f6d851a4918346a8440807f0c1830772,NA,NA
2cf967afbd01b1ff43863c186553b748,Cortinarius,ectomycorrhizal
835927b21593c5b93ffce310cb459d8e,unidentified,NA
a24279e61473bba01a9463c83e254d9b,Lophiostoma,wood_saprotroph
87da0a6da9d5a6086ffd55cb494dd24d,Tomentella,ectomycorrhizal
32d8aa2bf311c037bd4778d08e6b6ab7,NA,NA
6ace2f70bb87211de756248f557a0664,Russula,ectomycorrhizal
6e6b9c88d216b3043eaff3d7e51f5103,Talaromyces,unspecified_saprotroph
2e6e1e7910e52056947cfcc6a61aa9bd,Phaeosphaeria,litter_saprotroph
9e329e19f83f2652419abfeb1aacabf1,NA,NA
4eca9aca55b624d391660e37d030f3fe,NA,NA
1f38967895499bd5c41fbf9180e5aa0e,Lophiostoma,wood_saprotroph
a9cfee6dc340686b32ce33b63f8d787f,Talaromyces,unspecified_saprotroph
40969318ef60c57dbcb68d9cdef66291,Botryobasidium,wood_saprotroph
aa5aeb505f1f210dee9d4908651e74ef,Tomentella,ectomycorrhizal
a5f7ff2d9e537421e8d4cdfd2213e3bb,NA,NA
b632c787851ef72caec74c268643393c,Spegazzinia,wood_saprotroph
0a5b3c517bfcbdee6551a001c6ed2a0b,NA,NA
58deeb5c3ed0b997b43a429d8b1095f4,Cenococcum,ectomycorrhizal
030e00a036664bd680c9a61b3ba5bce0,Coniochaeta,unspecified_saprotroph
c6792097eef0b8e59719bbf7d306a932,NA,NA
b84f63e7fd6e1c4258db9887d9174091,Amanita,ectomycorrhizal
70158fe55becdc08bd0c03f7d54eb397,Tuber,ectomycorrhizal
211e6c265e83f9873fa66bf2648b3ad1,Amphinema,ectomycorrhizal
12b605bca25349b879460c20e4a3472a,NA,NA
13473d98d5eb34ca6281748891962c4e,unidentified,NA
6313cdc21b26f5a771bf9da0cac99165,unidentified,NA
dcc13e3adc8df730289cd12c7c2df4c2,NA,NA
a25c872ca794302861e9b4e40f6b8a10,NA,NA
970adb0282ab93c6f0000c5cea2cd833,NA,NA
89f159b27af7834d765850a3bb20e97d,Inocybe,ectomycorrhizal
44852ded4b3510f51a1c12c5a0983ae4,NA,NA
96ab7aa82d9a34fbfea017fce91b7ac5,Mycena,litter_saprotroph
78d3ca9c7f3164038f26d5cece285d19,Umbelopsis,soil_saprotroph
22d635c302f4f0220a8aac8cbdcd2dc7,Coniochaeta,unspecified_saprotroph
56564ef9e5fd26259660e32ae5856338,Russula,ectomycorrhizal
f0fbaaa670c00dd78dc8477378b28e2a,Rasamsonia,soil_saprotroph
6557b0255fbe233d7316a5d7c15f27a9,unidentified,NA
504c628d3a2f23a5e735edb15604001c,unidentified,NA
bb6f102b0e4d8e71cd5618d5b7285c29,Clonostachys,wood_saprotroph
f0199b9f8a571c8fbb86871a670e2909,NA,NA
e8439db1b31beddd90881bbede5aa399,Devriesia,plant_pathogen
c666bf11d3a7e589aa2855b885dcb502,NA,NA
869c0a87ec21e0e59d6a768835d24245,Robillarda,litter_saprotroph
a86fc3d0e7ea9d007ac7c5b4387bfb18,Bulleribasidium,unspecified_saprotroph
ba0658ad6f96d074b79a1e87439a5d33,Helicosporium,wood_saprotroph
eaa962fc1c89b69796800d8bb220dc4a,NA,NA
27c3301f8065befc784e570268840f16,Hydnellum,ectomycorrhizal
2c25d1ff1a9b66e7b9644bba5564e6df,NA,NA
21f7ca8358f465076ffddd7bd2f486d3,NA,NA
86df5d79416e717ddd4477af27ff82ba,NA,NA
0cbac8f3e50dc61885a25edb28efd7b0,unidentified,NA
e5768c2f3a762bd1463b68da5b7f16a6,NA,NA
2c8b0235dd4ecd906e03565ce7f571b4,Lactarius,ectomycorrhizal
b517ec2547ac4d516f96c6077e737bfb,NA,NA
544cb9cb7e525b1f37d8014e3c2417d3,Coniochaeta,unspecified_saprotroph
ccd6aee3f959de7dd0c823474e351482,NA,NA
f047be5d520b413039527cf04f6183e0,NA,NA
a117100ca3cdb08cdbb04194bd78cb1e,NA,NA
5a57be409a8e612ad66fb06aaefe3671,Devriesia,plant_pathogen
f03c81bca8491108545b7c81d51ac06e,unidentified,NA
fcd0e8a668a4626139c050cbbe8c546f,Inocybe,ectomycorrhizal
7d6350cc8ddd69ab30111136aecf1be5,NA,NA
568e918450e067159d8f536a12618a0c,unidentified,NA
283612a25f1632a106e14465599f93ef,unidentified,NA
14fbe45939d2f54a81ffa259cd8c5de6,Russula,ectomycorrhizal
dd13243bc676b816de1912825429e603,NA,NA
e7e7094720c5cb50f87a3b40a56983bc,Byssocorticium,ectomycorrhizal
b732f50cb49d47c3240fcef8aace1578,Trichoderma,mycoparasite
55e750b6964448cbd9d1fccfc9397050,NA,NA
fcdd9f60173b26a8aa119f3d60664fdd,NA,NA
2a93c0b6634ad31d214878e4ae5cc3c5,Lactifluus,ectomycorrhizal
f18025eed7bbbc8b170d89870fdb7eef,NA,NA
d6a2f4535086ba2af919c133a64425ad,Amphinema,ectomycorrhizal
c2e0cba816b5a32808cd0fee2b4d2e41,unidentified,NA
47dffbd1413107610f353baf8a50df51,NA,NA
4897ecb50bdfab02173a4d53bab554af,NA,NA
38a62d834f3ef66fbbaf89ce9550144e,NA,NA
37544cb043dddf57564ca235574848d4,Biappendiculispora,litter_saprotroph
099e9a03a9dcbe4fa3db183250edd37b,Cortinarius,ectomycorrhizal
dcf65a195f8db2b2d3868c788882ac79,Hygrocybe,NA
2f3d14603bb4bcc95d0726508356de5d,Talaromyces,unspecified_saprotroph
610fceeaecc8e1b21ebc33d936941e58,Cenococcum,ectomycorrhizal
8e0666b4102a5593a3589a992d8de94a,Pseudophialophora,root_endophyte
be845b85f1e201bc13b799b17daffffb,unidentified,NA
b006b36d8750dacf70c2664c7befcaf3,NA,NA
896194e99ba1e0489ad06a78b06bc337,unidentified,NA
a376bbbad4b82883509e538cfaed9573,Clavaria,soil_saprotroph
f9a7172eacb5ebc063f9430ee61dc987,Articulospora,litter_saprotroph
b123e329c43372d92bb5714850c30ee1,Geastrum,litter_saprotroph
cfe956f8d998fe8fc0eac26ecbfcd018,Pseudoplectania,litter_saprotroph
4cd04f4000fa84d6c5d23683b6d61c61,Echria,dung_saprotroph
90d5d28ca876637e3178f77ccd4cbe67,NA,NA
68be4af98f451cdc4c9cf76f34f4b008,unidentified,NA
f110a8c5f6b19de8561b3f8aa34d2512,unidentified,NA
b806a48fad4a3ec56059eb8a9839c762,Plectania,litter_saprotroph
25e0618534e466ea910c836f0188fc3c,unidentified,NA
5493e986cf4d62b1a495171028f9b7a3,unidentified,NA
264416dd8dd0eb5286e50848c34c4cb2,Clavaria,soil_saprotroph
686408dfce3aae9cd6b9f56c93fe87ef,NA,NA
d0ae12b4de4afa32fe5f840fb95b29aa,Lactarius,ectomycorrhizal
d4aa31fad271c26d5d2d244e962d2d58,Geastrum,litter_saprotroph
d3d14089be596f7b2036ae954f07811e,NA,NA
070eefc09f8c05fadcb6871a3f7d8ece,NA,NA
e8c18bb5c7a7d1b1603c40ae2c511328,unidentified,NA
3e8891eec9d8e3047263f5e390729fe0,NA,NA
d509cdc31150b60020547a1ef241ffc3,unidentified,NA
24cb7fa72246b132b3200247c4777b3d,unidentified,NA
a35645a767060fbae8c78b0501fa9b9d,NA,NA
49bed3e3434af92891df1812195a2859,Acrodontium,plant_pathogen
0deb119bee53444f91ed630a6b7a0231,Serendipita,root_endophyte
4369a32a6ca25b8a3c94823e9632757f,NA,NA
4b984bd3910b84ddecdd8501e6fc7601,NA,NA
f5bacb1149c10b8236ba1483e1c4b24d,Mortierella,soil_saprotroph
091e61c52179f18296b49456c66520c6,NA,NA
8a5cb31666a99c42e256bb9e5ffe9cc1,Amphinema,ectomycorrhizal
a1b670bac48e070a11b3889b78954e09,Paraconiothyrium,wood_saprotroph
33cb813f53e70bd678d314bad4ad9288,NA,NA
96cf1e12b65b6b9f3e74aa38f393354b,NA,NA
c8960443b7c4896daed1d8137c9ad30b,NA,NA
46850a3dc4c74f7947462384e0652ddc,NA,NA
6ee6bacc30d907ef710eda4c603048d8,NA,NA
d973be820ef7b37bf57804111fe5c526,unidentified,NA
0e744b485947bb41c067aac0b87b1071,NA,NA
a5df35d5e3fa86630796b850ebd19925,Athelopsis,wood_saprotroph
9b852a8ac9d3c0f16694c876072430ee,unidentified,NA
849ee4da69e1b4e8b8a405ec1d0f5ad3,unidentified,NA
241c1aa8ffbd52b3b9b50d5f08c60ec7,Capturomyces,NA
80dd6233ec016adc3abbec296d731748,Cuphophyllus,NA
816f36b10705be5ff06a60cf436769db,NA,NA
426c54987c0f4559a709b629e1ec8b8c,Corticium,wood_saprotroph
e457d7abcc462d1a7a2f9744085c015c,Curvularia,plant_pathogen
0a5a76d7284e4e052f407ba8289177d5,NA,NA
5aed179f7f5d0997afb856ae82f248ab,Westerdykella,dung_saprotroph
1007f377f8df2496edede34bb3c951d7,NA,NA
870fd2373ae8e3f490346e4bef296b52,NA,NA
02735ecaea01f7a1846e96c8af4daef8,NA,NA
c667d10d4434caa9f94aaa90ed292cad,NA,NA
0abca3b0d9be7e7da40de10ea421e4e5,unidentified,NA
7592ab68642118cec8c2b4b30711ca85,Coniozyma,NA
10a9f5a2f1114c75070b279cf16b5c56,Papiliotrema,mycoparasite
71b38cb61469ed1166a54e384799d04b,Schizothecium,dung_saprotroph
64a91d4099fc78fa5e86d3ca934b9a76,unidentified,NA
040f05a7fa74f791160017fcf1570f89,Clonostachys,wood_saprotroph
7dfd867d2ecb9ed479e8615cf409fba0,NA,NA
55321cabeedef138d826673e858eec0b,Lactarius,ectomycorrhizal
815369f228efd6692a4134c08ad77a70,Amanita,ectomycorrhizal
bd348c5dbe0a37f42f1be15199fc3fcf,unidentified,NA
9289bbbe6b04b72cc8475a5ca6db7b21,NA,NA
931ea14ccafbbc2758c69c71b1e529bb,NA,NA
7a8cee239ff4e40af3c4e2848bc0736b,unidentified,NA
af0781bd0a16fbf6878ecc1619984181,unidentified,NA
141d3d514610958df33564feb76971b1,unidentified,NA
8244197398b333f5719168cd9fb87fc9,unidentified,NA
f2825f6ffd05c049739da856fc436cab,Tricladium,NA
082c6b70fac8243904b7b488f44bd5d3,unidentified,NA
9362af8fce389ffa8854f24c9d335d88,unidentified,NA
5e1d5806335071004fc7de7a490e53c5,Laccaria,ectomycorrhizal
acb4ddd2eee81ea1378f8a8332b2cc2f,Fonsecazyma,unspecified_saprotroph
d1ce8858a81c28293827ce36a930299b,NA,NA
0413085e7703cee8eca5b0c6d70306f5,NA,NA
5e313b32137b9eba271738da71506959,unidentified,NA
4223b8cedcba14e8d60054a6e2b69061,unidentified,NA
a3fa76e07e436a1c26f3cc5026843a8c,NA,NA
7e5446851243199a14d4ac280dad97c9,NA,NA
e25ba3a3ffd37f8f92121ceb818beac4,NA,NA
3e912300b8bafe4f94d56194d70741c8,NA,NA
af512be6d01812ae33ebf28515c947b3,NA,NA
fec71212794bab050e100a93a5e1267c,NA,NA
83a2d6253eadeae2260245ea3546ac07,NA,NA
f21d10ca7bc332df4dae2f7b58933972,Fusidium,unspecified_saprotroph
e3ab92f81ef0ab5f2d914103a3d8c438,NA,NA
9a2fdcac47525e7f617f4b7a1598f7e9,Talaromyces,unspecified_saprotroph
cd8af63c1574b29b41f8d2c1828db785,unidentified,NA
069d87339f1e69b8298f9d1457badbe1,Fusarium,plant_pathogen
97147d826047b3d85d668186e9c83c6a,NA,NA
fde2153fa2900c5e32d03147fcbc01a8,Tomentella,ectomycorrhizal
090d252c40a856da9df64646281eeb68,Thelephora,ectomycorrhizal
d8f4a88aca03edfe6d3bd24e0cbb9ebb,NA,NA
00129a74e078858a5dd41a4e35a2f25a,Solicoccozyma,soil_saprotroph
c39ea954a9cf9b55251526faa15e69c4,Spizellomyces,pollen_saprotroph
6ef983c684200861ae6c8fd3177c1776,NA,NA
44a602fb29bb5a43938f3b07fc61efd2,Penicillifer,wood_saprotroph
9fc3b395d61e5bf47fd9a2de2d691270,unidentified,NA
3f2b6e31ba9978757e1d3c2cf0b91fca,Devriesia,plant_pathogen
1054198c934b3f44f0d57845535c419f,Cenococcum,ectomycorrhizal
be7e81b5e96d3a1e4de93a3e442b6477,Cuphophyllus,NA
579d8d88ce46ec2a08244a023e88eade,Oidiodendron,NA
7d8fbf4d32eee26e25667c1a8d0223df,Biappendiculispora,litter_saprotroph
41d70176285884db1602685b255a5ab8,Athelopsis,wood_saprotroph
7f029fee816c1ff11b36fba22ee8cedd,NA,NA
e394ab6bf2ae5e60fd98c55a9e2e5629,NA,NA
8a715e9837826f95a79a073c110d92f1,NA,NA
0762aa3d5879366cbd0b656828675e05,NA,NA
1fb68d5a0474ddb3a4f0cdf9bb153395,NA,NA
755c580062be412ad7ec36569541cac8,unidentified,NA
4b3f4eca53508a625076046b66f1235e,NA,NA
106926ffb5e9bb45995f42179d45d151,NA,NA
b9aa55dc3c2aaa8d972dbc6ef40bb183,Penidiellopsis,animal_parasite
b51ebe3c59b16fb2dae5f7f8650971dc,NA,NA
757c7c1e5f9c99ea5fadf61377331d9a,NA,NA
8ad95a58dfa8ccf7d048a00e98864385,Neptunomyces,NA
e9d327b56f0a59c55e290ecffab9a9e5,NA,NA
041ea20c6a13ae063df81d3882456ddf,Lactarius,ectomycorrhizal
83ff6d033d443524e238a2bef2aee6a5,NA,NA
b45d7b9ee8d2301c35b8dabb553fea14,Coniochaeta,unspecified_saprotroph
5b3def83302bc8ee3f3c27e5fa0f8921,unidentified,NA
564061135bee7343fe06515283ab1f9d,Hygrocybe,NA
d1dbf1e92ae7c757702298497bc66542,NA,NA
ea512c109d22c5a2e173175ecdaff91f,unidentified,NA
49ca0e6523c05978c516202226b11900,Cortinarius,ectomycorrhizal
b38fc47c8dce8837176295faf0c998ac,NA,NA
fc876927a0862eabe5b8f5a40c1bf6c9,NA,NA
75b73fcaba2e36489986c71d8bc68e04,Tomentella,ectomycorrhizal
f60ccf963e4e5cb223f297d8e3951f11,unidentified,NA
106b1f31d81dd9c6e1dc5836cc867ff1,NA,NA
655bb3b0619db14877280bfa16d76545,unidentified,NA
00173d81d48ab2ac7250847693165bd3,NA,NA
381dd04b1b3a27227a34be548e286159,NA,NA
ff993ef98733b85199e7b025df2f590c,Purpureocillium,animal_parasite
bdee8ee67a5d871c22776c7fd57dad93,Conlarium,wood_saprotroph
2be92a1d19bccd62d1b2b1105d7a696c,Papiliotrema,mycoparasite
35a0339edfc38d927801b246fa408ef0,unidentified,NA
243a27f9b73f0544c27c04f030925643,NA,NA
62f5da7a255bbadf02ed20b3ce4369fc,Cladosporium,litter_saprotroph
1e893725f18b2c5e0364cb4c3e003a61,NA,NA
1072cc40293d01cbffabcb0415ab30d8,Rhizopogon,ectomycorrhizal
af748da2f532d43e65e1a5487f9f3e35,unidentified,NA
7d9ab19e26c4ad457c79f007a269095c,NA,NA
4e4c5005ee960c2c2804c5fa8ec13718,Hydropisphaera,litter_saprotroph
320ad803bf141422daca78e646522843,Tomentella,ectomycorrhizal
e2e4d44549ca7e39c7b4412490d98545,Rasamsonia,soil_saprotroph
ab98f755a47e295cec8d45b8c96b817d,NA,NA
d37c5db360fddef2d5e9192cb5df0687,NA,NA
07f40e7e81372a655a47ecc0c8aee5f3,NA,NA
94c85042aea7ef95059661fe33960cde,Cortinarius,ectomycorrhizal
3fc84b394e6262e068f9ef9d8eb1c9a7,NA,NA
4f90cb42636d71fb104f00fa39cfd9fd,Clonostachys,wood_saprotroph
b7d47c379e30127e43289d06f21071a2,NA,NA
d25fa862f3ba8af7ac50003607d13784,NA,NA
6d2ff16af22b720353fe74c75b15072f,Paraphaeosphaeria,wood_saprotroph
559238757ccd053ce72d0f5eec295ea9,unidentified,NA
ff3057fe793f5e6ed97dbd6bdca095bd,NA,NA
32255ccb30e6984f572b7d33bad5fac5,Setophaeosphaeria,plant_pathogen
c4b3a7751074c468b290b553fbf454e6,Talaromyces,unspecified_saprotroph
6a7a2469f569e8a6fb567d518ece5374,Trichoglossum,NA
17a0739de413c62df3f37a2d550c48cb,NA,NA
1242c22593c8fcfc06aea5c59cf9ab91,NA,NA
a6dab9683cf0d50c563ff0c43985dd06,Inocybe,ectomycorrhizal
3685be5e40884fff2be5edca714eea9d,Rasamsonia,soil_saprotroph
106aa976e432612fbd4eb52f5f5c17d9,Thelephora,ectomycorrhizal
146064b7200b0768e38373d4bfa638e3,Tomentella,ectomycorrhizal
a88c6f724d4e06c8e0aa74f350d3cc67,NA,NA
33ae6bbe4e213eb102c6cf83c70a84b4,NA,NA
45f025594b430050ccd8d57a59fac5fc,Cenococcum,ectomycorrhizal
daf996a1c4e3a8012d4667fc12271c22,NA,NA
4d7b4660a4d7c23378cc07bcce3aac0a,unidentified,NA
3b41e855d55a82a3da66c07489c5c7d6,NA,NA
6b748f91b3880b36d5975b58f6fd87c5,NA,NA
b317e967ebc6977fdcb449397d4c436d,unidentified,NA
c3303819786b20a89a428fac5e477eeb,NA,NA
ac36d49d7f2b0e11ec07aca3f2e8959b,Corynespora,plant_pathogen
e9d1d85546b8f2e66a5377a54aef5270,Pseudallescheria,soil_saprotroph
cbfe422801b1aba4e45fbe94a38a3b51,Rhizopogon,ectomycorrhizal
3e089d6e9e9be0088887bb68597bbca1,NA,NA
db1fc0c26f1687d1185d512e6a7a9fac,Absidia,soil_saprotroph
535ae1fa44055402eb27a3885000a9a5,NA,NA
0bf23fdc551f76f543c8ec3a0003b5ac,NA,NA
b4543735807adedac576b59311f48452,NA,NA
97c61f17a82c830fd9ca1e1f93341393,NA,NA
2c15a597594fe4ac2dbe5f64e8a87be7,unidentified,NA
162928ed7bf2dbdf7fdf22761fc7ac99,NA,NA
1062f3b57baa6e70a2b00b72cfd60b1c,NA,NA
3293348d6fef27d889461a9d73ecd10b,NA,NA
ce76f4aa2ad0ef08df7b32408b545781,NA,NA
ab08f3e0ab55879d629e29537c9b4dd1,NA,NA
9696a43c6621c04dd323888126259da6,NA,NA
d2109de7e763950bef1f60a148a2c114,Coniophora,wood_saprotroph
303d50fa058dfcea853b5964d1cc4f3d,Hannaella,animal_parasite
37f4e020829f8921fdd540c9a1844f2a,unidentified,NA
35a9c06efb88973f8957ce03104488e3,unidentified,NA
b5c5b92aff28034c36672312238d6170,unidentified,NA
5824cc61e8f6c056189815961f7dfd1b,NA,NA
3839701ca266af5dc97ecd816c694e8d,Trichoderma,mycoparasite
17a16d7a7ac2c49a7d41464aef8223ee,NA,NA
f56459c56ad6d1e56573aad26e5a555a,Talaromyces,unspecified_saprotroph
73c18e97f4f04da889b5e802b2964f3e,Pezoloma,root_endophyte
fca3cbd6e53466dfa07e90a40b84d6f1,Tomentella,ectomycorrhizal
12d565aaad4b46d79e1cda1935f33717,NA,NA
f50f2bc13a8e8ed7d2f6e52e83dd1f99,Spegazzinia,wood_saprotroph
3afa314e39f5a46755ee30cec4c97f45,Cryptocoryneum,wood_saprotroph
ac6a51c50b28600e61b9d2401a0fb35b,unidentified,NA
1232108ce317a81cac4e0e9d13645835,unidentified,NA
b67213892c5793969abef35223280575,Inocybe,ectomycorrhizal
6e1efce96ad9f90b4ac29f8817b741ca,Leohumicola,NA
129a71203bf71d79d134c7b5c051f04f,unidentified,NA
b2cd4b465e4239e34004bfe2b2cdd32a,unidentified,NA
525c9d0503d1654ca2813192b77dbbf3,unidentified,NA
9caae99c6875838d7830434eed8c75d7,unidentified,NA
883032f4238817e9977d0cd8c6e168c9,unidentified,NA
aa916c97e55b277b80c47d92cf8aef83,Schizothecium,dung_saprotroph
581a9fa57d44d14f95df42d10877f0ff,Paraphaeosphaeria,wood_saprotroph
012d015e42227c8a2efdd6e1498bb184,Fusarium,plant_pathogen
4816b3f4c02e306757b05414bbca76a1,unidentified,NA
6fc6d2df4eecc99a5d1a0b49e4c4a451,Clavaria,soil_saprotroph
2a568e4884a0f7ccb69e1ec9483346dc,NA,NA
78a22eaff3a8dae5ec1717d05c3ed659,NA,NA
a0995dbb4c86b5d7c34310cf6e7b0472,NA,NA
2c6f025f11f33d62c7a89a29fda34852,Paraconiothyrium,wood_saprotroph
0c5878aaa604f04ad5a0abe42ba3cb42,Kneiffiella,wood_saprotroph
e14abd4a52fca305bab3e78f5ba42c56,NA,NA
79f88d02cec95802f4e8242e72e88f8a,NA,NA
f11948bc3bc401f27e26c2493d2f841e,Parasola,soil_saprotroph
701b2b14585f9d10b92d85151e09f0b9,NA,NA
1e81676d8954b030910cbef72b6c8126,Vararia,wood_saprotroph
00c861b1937345d1c3dfbef1fdafa388,unidentified,NA
deca6535bf0a3d010ec4e0975d6fcc70,unidentified,NA
330b5571260716eb3973448bf339980e,Lasiodiplodia,plant_pathogen
64ac39f66a73ec06973d0f525e523c7b,NA,NA
49c5a48f02d4ac526a84ddb3c4f3cea8,unidentified,NA
caffead33f778783b1dd50f531e56b88,Clonostachys,wood_saprotroph
b8d9fdb39aa434af3e5d5afc345e53ce,Hannaella,animal_parasite
c6d6f804f635ccc5c336814b987b1f5d,unidentified,NA
6995a9d93dbd26da60da1381f1ce7131,Setophaeosphaeria,plant_pathogen
762efa91abd62c729eb8416545b16c2a,unidentified,NA
6c3d971acbe52daa8662e2f8c3cbd79d,Scleroderma,ectomycorrhizal
69da3bdb68d215263f5be3fe4e43496d,Pholiota,wood_saprotroph
14efa827751361d1a1a3e8410582eb3c,NA,NA
0c80a6dd9e64afc900f45248ee887a5e,Tricholoma,ectomycorrhizal
1b0abdf3d84cf75ec50f75b667533b0b,NA,NA
ec85e4930feb73ef9057d9e96328d0ec,NA,NA
fb4029ddf2d545cf447f358c089078ec,NA,NA
f0724304248c7a4849fddfaa0295a705,Conlarium,wood_saprotroph
bfc0ed765702a0674241471525df954f,Bifiguratus,soil_saprotroph
2f74459d8eda93b6f11b95908e46eda1,unidentified,NA
dfac48d5fc67090f2a0c7e75ee055430,Schizothecium,dung_saprotroph
1b3659ccc0ee1df553f7cee2e9f3ec75,Devriesia,plant_pathogen
fe7274a9f32e09afff2ed5fcb4f16403,NA,NA
4bb037a06ba5f5b17be5002898c0ec64,NA,NA
1f72d16938cbe40922bac88ac7b4595d,NA,NA
c695514bf2e71d929414c23258200146,Coniochaeta,unspecified_saprotroph
8964a1a3049f0bed9919bb2025984899,unidentified,NA
513e006c3beae8a78f5aef7e01e54068,NA,NA
4e97a6fcf68a2b241e615d25a24c9311,NA,NA
d02290df22fd0bbef3aad8140487f9e8,unidentified,NA
60786207de28a139a606020efe0e157f,NA,NA
7368840d43ace682787d3c7e1fa0a9a3,NA,NA
bca71867567eed9a2d54ed12b80e85ea,unidentified,NA
0a41b8ba06dcfe1fb993a3724112bfd1,NA,NA
e99e1e188405dd9115a7b9ecf51eb392,Scytalidium,NA
e14a230ef0570ef7fb19d3978494fba6,Xylogone,NA
bdd18e2593620fb619ddfceb62b74d47,unidentified,NA
d1023e619f1cc60de5ada3159751e88f,NA,NA
a9430ff904bcc46e85e980695f3011d0,unidentified,NA
17780cd3497b0ddb5609cd1662ce9c10,Camarophyllopsis,soil_saprotroph
e2ee531de7a37689933a61926e868ca4,unidentified,NA
497db85b1f90753f1731d107d63adf23,Paraconiothyrium,wood_saprotroph
8d3c36d46c42cded1eab57643193c24f,NA,NA
3f7e24f1881140d69510a185feeb8d54,NA,NA
c0c76ff6cfd3cc768737a39460c504b3,NA,NA
c55e3ae24f070460689183968a733b14,Inocybe,ectomycorrhizal
ccfbcd36a4ad205ecb5c4ec4fbc7024f,NA,NA
21b55a71a91ba993cf98ead1263bda61,NA,NA
cdf814a9208e5bdae8e2a0dc25d721c6,NA,NA
f34434b6d9ebc7356e1678fcc10df160,Infundichalara,NA
90cd1c28fcf6f2f0a3982f1ce1b41a81,Talaromyces,unspecified_saprotroph
47dcaac1eaca99c1a5c2712ce7f0226f,unidentified,NA
a2b808f5fe896c5cc31f4aa1d889db0e,NA,NA
c687d81da81a2a23a03e5deab5886061,Pseudophialophora,root_endophyte
271ad8d5e057d95ca148b5c60fc8100f,Inocybe,ectomycorrhizal
1ef706302769e56c492ddd70c8337813,unidentified,NA
89a680e58a560a0d91b02ce972a773ce,Trichoderma,mycoparasite
975addc7c032df5786e010c3b060ab2c,Spizellomyces,pollen_saprotroph
df590b70998cdb618db61fcc222df426,NA,NA
2e3119588f2c84fdf948ec8c1a3a8803,Talaromyces,unspecified_saprotroph
1e8a079409f33c1e4adb78e39f0872fc,NA,NA
e82375ffeca1a30c2c4affafec19891a,unidentified,NA
ce09748d81f68d1da5ecffe0dacffc39,Rhizopogon,ectomycorrhizal
36ebb9a481f4ccfebbe0ebd6746c3066,Mortierella,soil_saprotroph
76c2e7ca29afcefee752e1098f3de89a,unidentified,NA
ef5ced3d0e591d3ce80afb43d20b1732,Leptospora,litter_saprotroph
af313a322744b20061a699f524adfc75,Mortierella,soil_saprotroph
25bd4eccf40bb0c5f0d71d9ccea69b24,Russula,ectomycorrhizal
c620149c318c4e69d87f27559d3fb6ed,NA,NA
2db87f1ce8829eb25a66945dfd5f986f,unidentified,NA
e984f51a9c20592c2386c73f7824c5b4,NA,NA
e7a52bac51047fe556098d8152e6e854,Echria,dung_saprotroph
4502a18ee91ed72c419c58ec31b967da,NA,NA
79ec58758170581ba10a8cb1be11712b,unidentified,NA
a62577047e06ba767054e63ed4c2c7e0,Trechispora,wood_saprotroph
b2f658b3ae7147716711c572c3e80ab7,NA,NA
41c48498c3c36536e80a7f9138306114,Cladosporium,litter_saprotroph
fd56f7547a0403d2480b0e77ba597791,Devriesia,plant_pathogen
c42d4394f12d2121111f9da13845e844,NA,NA
e89386373b4ea2432d59b62025d46aa8,unidentified,NA
d5c266f87d74efde6f23ec8b63edbec2,unidentified,NA
1e50c47b22181ccc5b5d0fe37e14ce04,Leptobacillium,animal_parasite
9533d965b48e6b67f5d078a2da826df5,unidentified,NA
9b88aa25fff29e0b9d3733dc99bc5d5e,NA,NA
5fa1c3224c3ff6a1d0369ae83fa82c24,NA,NA
733034328d77b23dceca125bf15592f3,NA,NA
dd76f45d2beaa78b9bebfe7247737e8a,Plectania,litter_saprotroph
e3a3f50490e9db786b80a4dee87ef578,Geoglossum,NA
6bdc047d1f3d78f92a3b77e2c07059c8,NA,NA
ee70aa73c632d9d82e3a94ad30dec3e6,NA,NA
8dc455329b0d308b8a7beb5e9d6ef0ae,Leohumicola,NA
f77bdca582754dc026b9243a34965c2f,Lyomyces,wood_saprotroph
38fa9f08c94b3cb38ccf13152759c675,Curvularia,plant_pathogen
d509f94b46ddb8628159ddf5b4d30a58,Xylogone,NA
ad4afb593f7c894f25e2f028386273f7,NA,NA
c482b0f23e3774333d4f68016583764b,NA,NA
4969c787bef450347c355ea381a23038,NA,NA
97cd4544bc24ce543fa02f53a6758466,Bifiguratus,soil_saprotroph
a7993f1e123fef54099a3cef9fa848aa,Clavaria,soil_saprotroph
27a40eb587f36f96f94bacfe394005c3,unidentified,NA
0fb022d260b5a0881674ab58391b4805,unidentified,NA
3248f3583da671c4d81d809667d3b416,unidentified,NA
0380192a4451a6163cca9a0069b04556,unidentified,NA
ccadfef06faea52e9c2d29615a96ded2,unidentified,NA
c5e7db605975291ca308110203d0eff5,Talaromyces,unspecified_saprotroph
adaab6300c93aab14a179b991fb4f05e,NA,NA
41e5c89816137b9d4580a509dee8e66a,unidentified,NA
0d87f76c5b536fe25edbdb513c232a61,Hodophilus,soil_saprotroph
73ff47edafe7665326d997aa1686e566,unidentified,NA
76c1ba9611dd0b488d3033f6a9603fbd,Paraphaeosphaeria,wood_saprotroph
06731cd9b55eac518eb3617f14416c01,Trechispora,wood_saprotroph
8a108b8215ead802bf1c64762038ac82,NA,NA
c0a255bb3e6db0f1f50360bb082f016e,NA,NA
1d80fc135d7dc074239ef4c146aead1f,Camarophyllopsis,soil_saprotroph
ec2338efab65a42504f0b62b90d7d8fd,Cenococcum,ectomycorrhizal
f9ce474033e2bdc171b4839efeb52f33,unidentified,NA
42474482e9fcd2749f4da7bee52ef7ec,Clitopilus,litter_saprotroph
8f2c5ce0f4d3a9421702e8c6815bd850,unidentified,NA
00e15e11d2ef1da27ce35463d23286e7,Sakaguchia,unspecified_saprotroph
65bab90919af279dd31d609f601edb3d,unidentified,NA
4ec1ae4fbcd7d52d867fe6fcff94f9d5,unidentified,NA
b1b8be24b485e7fba92ef426981d71b2,NA,NA
dadc3f4f64db250d1dac10bd0315b3be,Scleroderma,ectomycorrhizal
cf90537033ba7554b5e64c305dc7bf86,Chalara,NA
130782cd013d77af677288a6ca2595ea,NA,NA
aab35aa7578637b81bedc4f9859534b0,Amblyosporium,mycoparasite
a9798184108953b75b95ced136094612,Coniella,plant_pathogen
666f84807c0eb9b1bedaa7034ca00e8a,NA,NA
d4f33c303d984fbb42130acaef55b4b4,Claussenomyces,wood_saprotroph
7e7a9d469d2550de53b3c19f8a487255,Diplodia,plant_pathogen
a3922a648c1d4fa96b225e6b5615f069,NA,NA
91078b7a9ba0becd780689420951d633,unidentified,NA
37430e78319744cf0c46779e995b4d32,NA,NA
d36f6c8b30643228274ce6a9efa55a67,unidentified,NA
a950f6e09c5b07af7a444db856c0ac44,unidentified,NA
7479aad9e4f2e83d298f9d6ab32bfd82,unidentified,NA
6bbd915a2dad6ed42e15c88b381198db,Antennariella,sooty_mold
7a0d35d2cb5fdbf4a4be483cead64b44,Botryobasidium,wood_saprotroph
0fd6f9e6ad407d243e1d534a3b5118ac,Piloderma,ectomycorrhizal
e738534c7eb5830cc397ff16b85fb15a,Mortierella,soil_saprotroph
daaa23bdd34997f8696092169ad1a80c,NA,NA
8eb96f9df433d46160e36ff7a61727db,NA,NA
d582a6238abe2baceacddb3f9774dc25,unidentified,NA
73e30c23eba7a1bef60265ed61360686,NA,NA
a25629695b38a4926610b1eeb2219e50,NA,NA
c9c7412d881085cd81401ef660cc9210,NA,NA
069d3b18eccf94b954c569b25da0f5e5,unidentified,NA
2a3109dc663ac114f7725270e1aa5abc,Russula,ectomycorrhizal
03b4a3aacb7961d2e106eb064c8a06e3,unidentified,NA
e4ebf4ac57e98aeecb6ca05665cf7de1,Trichocladium,unspecified_saprotroph
e4b60091bcdded0340ac5a2c0ae9d5d3,unidentified,NA
ea0b8eff1fb783914237b9a3a4ea41b3,NA,NA
c9cc901d08b2c404396d5b60ca6a913e,NA,NA
97e7e6a619f77a26f469cc6f2fb4695e,NA,NA
d7b7497bd98fd9990ee0b46da0964462,Alternaria,plant_pathogen
eb73140e1f371333eecb3416acffc334,Elaphomyces,ectomycorrhizal
f210a12ef54626b665f1d1eb46feb062,NA,NA
5b908785968f24772005993da27323ff,Conlarium,wood_saprotroph
2c450d3b8084dfa55659983b7ee2a54a,NA,NA
fd7cf1e47818790088d044a3047f2803,NA,NA
88d5a944159253d269348e65d436f0e4,Zopfiella,dung_saprotroph
c346ce7baefd11ef7d560bff03a4679d,Lachnum,litter_saprotroph
b1914cecfd84413e1c27e17a57551841,unidentified,NA
8ab46ce344b6f9d970a877e65339eef0,Atractiella,unspecified_saprotroph
4060f3b1bd7de23b7e3777cbe09babab,unidentified,NA
a304ec6138febea3097849f67b31f66c,Rhexodenticula,litter_saprotroph
decc6c03f6d098ee231d3ad24f6cde06,unidentified,NA
6bec051a17892297157aad2a0be2cea6,Lophiostoma,wood_saprotroph
9bc86ad53359f31dc33be31241c36b77,NA,NA
efac97ef406749cdc9ffc68b69cdb356,NA,NA
cbd776547d9c14fae028aa9c1f5c4dd6,Rasamsonia,soil_saprotroph
b5bfc8c21a41ec149658905e365f31a7,NA,NA
b30fb18703aa65dc98ca8c3189d7698b,Talaromyces,unspecified_saprotroph
1708dbc1ff88052041cc4d5dbdcaf94e,NA,NA
0b3e396fcd9a86256b094e8d75424802,Sporobolomyces,mycoparasite
9b2000ef7c066e860892efa86d056c36,Lophiostoma,wood_saprotroph
c51f8628c3d04f087bdc8ab21be4111d,unidentified,NA
1e60a7d782fa7feb36a7a9e2d0e064e0,NA,NA
ff1c9aa8f18bb3f163ca6231d3cb6ac7,Pholiota,wood_saprotroph
ba72284a703f69d0b9f011fa7fa7637b,Sarea,unspecified_saprotroph
5b130133f20e18789b59f7b9661de345,NA,NA
a6953368f8c927c63d2d9526e86d0384,Leohumicola,NA
f161df3eb4bbfbad6ee3b9fbeb700648,NA,NA
dde795fe7aa2bb62ce0ef7542103ad38,Schizothecium,dung_saprotroph
83426ab9fa1bab5b2ca3a0e9c19f8b58,NA,NA
e9a9cc844808729cb263baec22505f11,Cystodermella,litter_saprotroph
90a19efd24d58839055bf5c0b3826c26,unidentified,NA
8507e76ffe5e01ae353af2760af221f7,NA,NA
f762443a51a3e55ed6ccf1ee68e880d4,NA,NA
59bb51bf6b9d28ebe15f15101425ad07,NA,NA
7ba9b913d8d967aaa7b0528451077443,NA,NA
05d146cf81f6b17eac5cdaaddcdc93b9,Hyphozyma,foliar_endophyte
e0bbfb590fb9febb14b35fe77c880384,NA,NA
865bf6365e9edee598e25bc9876aad26,Pseudophialophora,root_endophyte
bc036ddb5670d49b576fd33a8b0f7e52,Hydropisphaera,litter_saprotroph
90af110b8809010ff00fc23a43ef1a12,NA,NA
c7f85685c76240206bce25952125f206,Geastrum,litter_saprotroph
b28371a6a7af37f3f33f40742e36627e,unidentified,NA
fe2a3d275843f2cae25bc7e9b039bfb3,NA,NA
2de09f4762d091166ae15507308fd7e4,NA,NA
22230625049aa8bc6d82b0fc2873d722,NA,NA
9d5de9ab507a0737b37be348685f80bf,unidentified,NA
f160e31cbbea9ac7cb0af1b2d356f810,Rasamsonia,soil_saprotroph
7723eea5c7c36d535277d38dcb41f1d9,unidentified,NA
37610e2d571012e05b5c95be84659d08,NA,NA
453820be862b23e201f614355dcf7092,Hannaella,animal_parasite
3f5a9bf320c2c544673486a33bc4a8da,Tomentella,ectomycorrhizal
317b7774ad8f2311d46d262f0c92dc0a,Pseudocercospora,plant_pathogen
11cec7f0e25e038c3c6e9863f6a759db,unidentified,NA
d49baabe62898edf8a563761962844d5,Clohesyomyces,wood_saprotroph
c5ae969e566db3fb8530c7a294407b79,Toxicocladosporium,plant_pathogen
4c817d7bb106845ca8ac832e816132b9,unidentified,NA
f641c2e2d7118bff6df214bae6da86dd,unidentified,NA
77e36be9ab12c08de4e2bb1a272760cd,Lactarius,ectomycorrhizal
81835d0d70a5343792da8609d65caec1,NA,NA
9fe04f742ca7be088d317c9114943922,Camarophyllopsis,soil_saprotroph
e43237824a06071cdc826c52bf316abc,Tricharina,soil_saprotroph
8c616304157d27e261be1bedf5633d97,NA,NA
4cfd0eae0047fc9d31fdff733cab443c,Conlarium,wood_saprotroph
942491da7ade8c579d583e8d08502528,Talaromyces,unspecified_saprotroph
fa4b1411b0946975c51e209a804c8cc2,unidentified,NA
b6a51f5e4356058d3e0e25fafd616bd6,unidentified,NA
3cf576b8551c483e85007391eb586975,unidentified,NA
6f5c91d5c0340115b18fd3b3b4c0ccc7,NA,NA
cb4044be98729d67b4b403ad4718f226,Hyaloscypha,litter_saprotroph
871399f8fd3b461b912c3b1670250511,Periconia,plant_pathogen
e17822694a90f1b5f3ba52fc0d237c8a,Fusarium,plant_pathogen
6f5510868b277ede37a47cfd00e13324,NA,NA
c36a8a710db51ee482f5dfb6a6c13f2e,unidentified,NA
cde7e07784af711455e99c2b11924d4b,NA,NA
47b649f66b9e0b28636b4898fa49a6c5,NA,NA
df67f16a80219464c24b7f48d57c373b,NA,NA
668f38bc44d50a559f052dab24361533,Scytalidium,NA
f643d58c37a4d99ee79f9995f8648e8e,unidentified,NA
226d6ba37872bce5dee4b11b2c374033,NA,NA
1fa7a7e6e06eb8f0e3f97e33c5d81257,NA,NA
c78fa495aec4e3a8d8b3ede7f6578214,Clavaria,soil_saprotroph
91944e9f875c382c70772f9002b521e5,Leohumicola,NA
809b37bd5f2c8acaac55065dff354c0f,NA,NA
f592e8da70d687e29bcefc26384b1892,Clitopilus,litter_saprotroph
b175ef5329af74496ceefbf010eb5c6e,Leohumicola,NA
2755fd0e9c6c01cb29eb14fa02ffe4fd,NA,NA
ef120531434364a0c27b777a06d16ffe,Saitozyma,soil_saprotroph
1f93109260193c17afd05ed252638977,NA,NA
b86222ba67b73205351cfb8ec1c0abd8,Umbelopsis,soil_saprotroph
a6353e65cf9b15e8471d35f831b2769f,Leohumicola,NA
77b6c8b7835cbf243a6cfcaa619ca723,Hannaella,animal_parasite
0891307dd97a5e7fdca9f1f7140acea1,Athelopsis,wood_saprotroph
a6bf13302edc33001ac56c134d96bc00,Myrmecridium,soil_saprotroph
a380fde8a6a68d7515a9115db4eb6365,unidentified,NA
90c69dfa3b1d0d80b2ed38c424a79614,Lactifluus,ectomycorrhizal
5775d2aa17662a9b48b704a8c049f947,NA,NA
dab04f3e61fd8ce4b2f40f5dfc1bc484,Russula,ectomycorrhizal
ff7f37712a7d04d11b462330c68d9dfb,Sphaerosporella,ectomycorrhizal
e4853fc3565aea4e5766ee0127cb14d2,Schizothecium,dung_saprotroph
1403e1e111426639fec988954206e248,unidentified,NA
3a2a25c1d30ec3440425c56c1f8b000c,NA,NA
eb80d39965985ebfe5bbbaad993f059f,NA,NA
702dd0e6354f79d0c474cb2e8a7ef099,unidentified,NA
5fad1b1e669e13bbfa97bbcd1052aab7,NA,NA
def4aae0acef41f58f9199fd77d4ef07,Russula,ectomycorrhizal
4503aabc5b56ccde9564d247d07ace52,Cladobotryum,mycoparasite
dc48ecc936f5607e4ac436913ab45c37,NA,NA
49e456c4a8b60154da4f0cd24273d845,Boidinia,wood_saprotroph
ab1ea691e07fabd2ad978f26793ef4a2,NA,NA
6ff8dda95cedc10d5d2784c359cb5199,NA,NA
5509c4c913072cc084432a3f682198bf,NA,NA
9aa29a6e230832a96137a52776fc35ec,NA,NA
56e1cd4cd8456f45c7812d6954c77f6c,NA,NA
0bb4d0a88e9bfdf51d63b7439cf730a6,NA,NA
c8ab1d4941f4b73136c21432836d0f5e,NA,NA
b3e790efd2bb081af19832d43590ec9f,Scytalidium,NA
734b725d4bf30493ccd0576be0ee9097,NA,NA
1ab308c8b66de49b1c4a4b506457cccf,Trichoderma,mycoparasite
d8fff73da79cc9545a96521a39093650,unidentified,NA
f7dac95a4f206fde19e7725650b145b5,Cercospora,NA
e96b54cecd16b7dbfb7bbf0a2296a30e,NA,NA
9a1b608e3453b3d4c71f4b09a70f704b,Periconia,plant_pathogen
227176deec1c263a040a1ad6d9718e9c,NA,NA
0be93c5da70401207340d48051304f19,Elaphomyces,ectomycorrhizal
4ca71884f3c7845bcdf6d86d68e907b8,NA,NA
e69687f24d3ad2655acd5c4b3628532f,NA,NA
ce661fae993c4b340058c36e82f3a0af,Veronaeopsis,litter_saprotroph
de85ce67c1c053aae6706d42d489a71a,NA,NA
d2b6f343e35c0e917bf42bed34a52912,unidentified,NA
af97137f724bcf8b361509e71f19f9da,NA,NA
247769a024fe26f31620f6e44ffcae68,unidentified,NA
74d5adbe20b62f3f4495938c72f3839f,unidentified,NA
19f8a3c221b987624f13c21403566cc1,Monascella,soil_saprotroph
92c4fdb0ef755e4e353755f4f0a645ae,unidentified,NA
32aa3f491cb710aa4eb354f75c047a9c,Pachyphlodes,ectomycorrhizal
cefbff70e24e251971b30dce08d7c34f,NA,NA
58aa629dab8251ec98b5c745f6cfd70e,unidentified,NA
5b9ce833efdf92f9f65acac68626d893,NA,NA
0f35a07b68ac3c9600f50a8deb3eef76,Hyaloscypha,litter_saprotroph
a376fbb1ecb03272545cabaa3b1ea16a,NA,NA
16e816c2de448550549d492678dd90f6,NA,NA
fbb6b3a4956ad2d7b899a254c39ca15c,Coniochaeta,unspecified_saprotroph
b2fe328cf7f08437ec66dadfbdb989e3,Leohumicola,NA
0d48be0cbbd7204cd90257eba2381cd2,NA,NA
9ce1e758b17d054b96da7015239d556b,unidentified,NA
7c9dadd9944560a37e1f55a0c5654b7a,NA,NA
707c57af998219f565be7da3162e21f8,NA,NA
fdcbbf10f7ccf3fad8d3f9bda4d61f9c,Echria,dung_saprotroph
1e818e31d0dbfe8e37374a2c5f8ab4ea,Talaromyces,unspecified_saprotroph
867ffdb1c9da9ef41324ef0336e64f4f,unidentified,NA
069ef06d8b235c2ab88ded428277fa6f,NA,NA
00dd2a596cdf9a05a899da24e7e64e67,Mollisia,plant_pathogen
64741f6c0b762e8870d6dd487e91f504,Coniochaeta,unspecified_saprotroph
544d5e370d13cfd9ef7440e85d8fb8a0,NA,NA
0da51085c6d23ea28e25031d5ec755fd,unidentified,NA
d70eb9ccf5e3001f13483abd1494e586,NA,NA
9ed6f9cc7795123705d9177ed05ba2fa,unidentified,NA
d0337ca93022fa4a8db556cd826c1f03,NA,NA
973f5a47badd0d3c8c49bdde6cd8bafa,unidentified,NA
eca8e0053d3734181157b461c0a10c7f,unidentified,NA
afba6480fd2eff1774f3074b27ffa718,NA,NA
6af9e06a65319d938503089fce2b7cc0,NA,NA
597960d547a217335e30481ad4e95cf0,Clavaria,soil_saprotroph
5a88293931f0768a53587635165f568a,Claussenomyces,wood_saprotroph
0ac34121479f9b90f2e1ed1d34f5677f,NA,NA
b0ed1b9c3646a0160ffc5d5a9e5fa1ba,Hydnellum,ectomycorrhizal
64e674ba99b2e6f14bd9bd18dda8f117,NA,NA
7c8311500c4a5e127a4fd215a0d6e3df,Thelephora,ectomycorrhizal
7accaa4580f707e353eee6130a70dca5,Tremella,mycoparasite
5ae8cd89515005db3f0efd7c8d0e4660,NA,NA
4e340c8770ea5049c9bdbcbc44afc353,Paraphaeosphaeria,wood_saprotroph
3a3d3eb1860557e79132b26c84c29d30,NA,NA
ba81e17c79b96cb36ccb8531c7430527,Leohumicola,NA
671fa02420d1000ac28a17479a7dcfd7,Cordana,plant_pathogen
b5e655c41f479e3c12eae02ddce7fa7e,unidentified,NA
20d9f27a7b1ad2ff6d0ed627b283e9d9,unidentified,NA
686f6314ef748edc811ed741ff1fcfcb,unidentified,NA
e5a3bf4699bd098174f9034fbd2fb205,unidentified,NA
89ef58b934a09faa410c110388f34a9b,NA,NA
8a6f27b6e4cdd28e7e1c4e7a8e76a4d7,NA,NA
aefc769fdeae1d8bb3db2b9846762cd8,Umbelopsis,soil_saprotroph
c79f64db46ee1e4ce03bf4e28cb80645,Scleroderma,ectomycorrhizal
3246025103b7c954ecb44c566d674eca,Dioszegia,litter_saprotroph
959635f6600756172e8cd0ed7935563f,unidentified,NA
ac77c95f34230392cd7e33ba12b226d2,Tomentella,ectomycorrhizal
bd2cd73088ab7b67edb4ee9f67ad8f78,Purpureocillium,animal_parasite
faf562ac238699a0a1e42cdb95396751,NA,NA
1c9b7263bb849636e9fb87aa17890efe,NA,NA
cbc62d11d5b47cf776fc35021c5e3298,NA,NA
26e559b5a701082d1f922e7e1194ba1c,Sagenomella,unspecified_saprotroph
20890dc08e9b3bc4ab7dedecb2e9fbb4,NA,NA
d9e0630f8655c1864f9e048f57a31442,Rasamsonia,soil_saprotroph
5a59bfb99ab8261a41b0b2ce2686d913,Hannaella,animal_parasite
4437d702f62fd97c9cafb13fe3ce0fed,NA,NA
a665e8e9fb1e870472d22dd5d45c68ac,unidentified,NA
0658a02a3dafb32a89681c2f022e4168,unidentified,NA
effe0e0ee495b28bab9e87780e9afe41,unidentified,NA
34c8db6a78373e3440411728a625bbb2,Paraphoma,plant_pathogen
22e6321a9a34c8ef7013706f15be0204,Cortinarius,ectomycorrhizal
4632ba27aa3f9c6466dcda4d2d37f446,NA,NA
2ce6dab398cc579994802eef923e491a,NA,NA
f6d60baeb0f67766176495109f7fb1a4,NA,NA
3a39c3130adedcf4bdaaab3afab12189,unidentified,NA
2b8bcbbd01cb3bd3ef0b257c93fc63aa,NA,NA
b4be8b5f23a832e11a60df3a7fa34b5e,Pseudophialophora,root_endophyte
a9aaac1bd1b36d79947bc9cf7aefb0f2,unidentified,NA
6aa022784f569bbd068e039d19b60c7a,unidentified,NA
351bcf0d2ddfb481191f226160598291,Russula,ectomycorrhizal
623d80667b88af0bd048cd7345721578,Curreya,NA
97e411df498b5d3a4c4352a6dc0b4f69,Beauveria,animal_parasite
6c303ea7d58ae84a7879a423e8c029e1,NA,NA
3f9a86a6f4dba19eb670a2809cdf8450,Atrocalyx,wood_saprotroph
72fe4bc62f7bec33a8323617d8cc06ad,Cortinarius,ectomycorrhizal
26ff39c20396babcb80e190e75db7ad7,NA,NA
5ea085fc23bad2d8bbcc5403c24c9fce,NA,NA
be33d0b3a5f43d93c51e9aa47c79bc2b,NA,NA
44bc1a9e502a40a010453f9a9a8c9f52,NA,NA
4e20f58ec0db222ec603e585fc172148,unidentified,NA
c303ebb3bd4f40068f88b661ca4423a1,Rhytidhysteron,wood_saprotroph
1cc10a0d9315b3f04b5fbf03c1d45dc4,Penicillifer,wood_saprotroph
70f64be99d0f22261043e61920197e2f,unidentified,NA
b6fe4783536854fbfdc7a743c523d135,NA,NA
da1a2ca8fc0b558bdd893a6bc084f968,Cryptococcus,unspecified_saprotroph
0538b3e0f74369ef20924da8c9cd0beb,NA,NA
cfc955a6a84f992645454a47356762f1,unidentified,NA
f2117e3522cc0252d7ae0ca71c88f216,unidentified,NA
feefff6e315a170970e636a2addac840,unidentified,NA
5b86e2230f55a6f06c748d902dc96e68,NA,NA
d34f3cbcdff4dae303ba8ff9e4627ff1,Tiarosporella,NA
ba4ace1954966f4df3ab5e9d77073389,Boidinia,wood_saprotroph
6cbfc95f330a8be265611a8dfe68067e,unidentified,NA
8017ff765685162770c10e5b1e007126,NA,NA
82b70550bb57f24aec0ff7534f22f6ea,NA,NA
9e33d93d2ebd90d9f4adf7e886af8d19,unidentified,NA
aaed53966c1945489dc62181f8ddaba4,Striaticonidium,soil_saprotroph
e32368638de29608f2e653ef25738cf2,unidentified,NA
47426171fbf5e85d62002ef908fa8f52,NA,NA
f72ae19587cf9824f49e90a552230a4f,NA,NA
d7df0f577d495afad8bd542e9aefa5f9,Coniochaeta,unspecified_saprotroph
1c0c56bace017df707094a5257fe00a1,NA,NA
5066a3582090c35b01c2c0cf6f8ab02d,Coniochaeta,unspecified_saprotroph
2ab32201d0bf3857d4955adaf3d9bbc5,Pidoplitchkoviella,soil_saprotroph
a52e262e1207190415f07b02d6a1e77e,Trichoderma,mycoparasite
8ae57ee6dfaa641065bfa05214638bfb,unidentified,NA
d838b020f9242036c4bb38bfa66163ed,Astraeus,ectomycorrhizal
eca890eaf612bafb905e9db632afb8bf,NA,NA
c25bbc45460c0605599db92a491a30ae,unidentified,NA
138d0a1e85a6f65c3c3abf2f1f9f4551,Bipolaris,plant_pathogen
f7fe72cb69a879b8763dc8ec8b6d239d,Tricladium,NA
8da90523a5fe6aecb9ba075b890754c6,NA,NA
f419d6a1acbef387d7cc91c1ff954866,NA,NA
6b1458209e6a992fd824c40be1b1b37e,unidentified,NA
932f69d0cbc55aaae4f552685fa6cffd,Filobasidium,unspecified_saprotroph
e5aa1550ec6cb4f2c5cdc3c3b7b5a55a,Leohumicola,NA
fabbc9b9259c9fdc155f9c06038f7020,NA,NA
789e44747a1f56d7a3cc1b03b717299d,Clavaria,soil_saprotroph
eb8b9c7b4e336597e96834ce89e4b00e,NA,NA
b6c91ca0b996bfc20600e0da09647ab4,Mycena,litter_saprotroph
210b162e1ded2beb904605fefd129707,NA,NA
8f7fb2f03b5fc92b176ad62057639246,NA,NA
ab55b0492c179a78a536af93630d1932,NA,NA
42a32af4d5fcd10b6f0c139ad9a88cc3,unidentified,NA
d3d45e9b9f69476975f2148f60644a43,Leohumicola,NA
e7bd0519370899da5f8841ca56812b9f,NA,NA
06044dfb9a7be96d99f1cd27affc3264,NA,NA
bf8b395b1b8583a4d651b401978e3756,Russula,ectomycorrhizal
eb658d9027ca585edb28c995eb239bef,Tricholoma,ectomycorrhizal
b97c54ecbde842884cf8a1c22fd9b1f3,NA,NA
6f457a5c769cd707ac572a203fb85d97,NA,NA
ed23e3c7b4530f3b057219033ec95c23,Devriesia,plant_pathogen
428466005f5fdff77a34bf683c82773a,NA,NA
16db231c9b80a0987bc10dd975c469ae,unidentified,NA
a126f23609e52c73582929e271f15750,NA,NA
b7a175485c76298839c0f1dd994a088c,NA,NA
0944429038772eeda9db286b2d7f83d3,unidentified,NA
4c084a5f482265384cd3fe6b42d22d49,unidentified,NA
d3b13ceeb4a6c48612fd68dbef860dc9,NA,NA
18ac43ec4dd2550e5f3f3660625de799,Inocybe,ectomycorrhizal
bf390802c95c930da3241167dec58fd7,Russula,ectomycorrhizal
4f77454ed57f7ba36f03ec5f12ebfa8d,NA,NA
9712521ff49c0be1c77d4958a2c05b06,Phallus,soil_saprotroph
d5a57b1304893900cb14bdeaa4c9f5a1,Umbelopsis,soil_saprotroph
066bc7967f68957d5dcce64284c935ba,Pholiota,wood_saprotroph
6b20847f4417c665573bfaadbe607d4f,Pseudocamaropycnis,litter_saprotroph
0d79744aef0b9f1a9b97ecf917d48e36,Bifiguratus,soil_saprotroph
045110d18231567aca2e8f6c0d4962ad,NA,NA
3da292b3a4c253d42f005b139835bcfc,NA,NA
1d4a915aad41cbbb81eec8a6ab3668e4,NA,NA
de81d08bdc1c7f74199ebb66960aa9e4,NA,NA
62d4e970f64ca456b4e3d4f6680ce476,Stagonospora,plant_pathogen
8ef1b17c6dbf8e0ebc5f6e85b5119172,Mycena,litter_saprotroph
b06b0bdcf229e05102a1464783a3c4f5,unidentified,NA
4b206fdac3a8be20a5f5534b620eb979,Nigrospora,litter_saprotroph
bce45f485a3704e7ea212316d9393939,Sistotrema,litter_saprotroph
1e0639c9bfcf52c779f2d07231e7b4cd,NA,NA
0139d393faf8c50190b1267860ea7fab,Russula,ectomycorrhizal
a04b8af7a2c785ac8431f5b88681f104,Favolaschia,wood_saprotroph
1b3c35caf5cd14ed6b51a51fb14045bc,NA,NA
6c42aef076279a77c8478e59c4e0d277,NA,NA
ae931d4a80d32ac2742c5d2b06b659c4,Cortinarius,ectomycorrhizal
69b51aa578fb4f992cbdb37545a690ca,Dacryopinax,wood_saprotroph
27916e197ef4dc43f469a4771bcd17ea,NA,NA
e940aba21515e02d6ef07db66ca375c2,Cenococcum,ectomycorrhizal
cb830f2b028aa4cb260b6c5b8548f776,NA,NA
1c1682977f1705244712605f06e0cf7d,Geastrum,litter_saprotroph
e69eace4d684f9b967e565959117a4ed,unidentified,NA
ea20b0573fdf312b96077011dca9617a,NA,NA
63667f0a62296995d5440e25aea24f8f,unidentified,NA
efed6772da70d14cdf4a7e3fe9d1a09d,NA,NA
2271f5a86b47ff0f5909ad9163a2b1ab,Kochiomyces,pollen_saprotroph
fcc7ac0e5fbc664bec1d55214f969e21,unidentified,NA
509c2efc2916dbf57463ff1d523e5724,Coniothyrium,plant_pathogen
0512f3b55cc262baf3a58a06b4c0a54b,NA,NA
8968b5daf03f562b7e5164420745d278,NA,NA
c3719211275932207ecfe6e18635649a,Fusidium,unspecified_saprotroph
230260ee04c3117e77406bbc4660162c,unidentified,NA
835814f05451adc87f4f2de3c03d5f08,NA,NA
1f1852badbdf1a46674a5b5f2da98ca8,Amphinema,ectomycorrhizal
a150069e81db6a017ccc37f4dc30255d,Preussia,dung_saprotroph
d0e2ab591278cbbb16894ccf588ab1e5,NA,NA
dd029a58e5fe761e8fafb8c44a114f47,Hydnellum,ectomycorrhizal
a50fc1c3f04b66f3176c86f00bfd68b9,NA,NA
4a2f0a63111defe542c5a8b9a483956c,unidentified,NA
40fd2fe65a905cedc0984ece09e8bc31,unidentified,NA
5d033c3bf94d7b90889034a14a70e13b,NA,NA
19e9167aee7024222f3aa8b5de1f5ac7,NA,NA
f74829e5ea28ff516ca877674e1c4a7d,NA,NA
6af6f20a41e690e002b918fb4d4cc68d,unidentified,NA
41888ece58f2f439a1a2203167163d36,unidentified,NA
67c09e5730bd6916cda6274caff98b30,unidentified,NA
b1257f801c0db6f54cb3a7ba28560d9d,NA,NA
bc66743e0470f1056bf36b1aa6e6b740,Achroiostachys,soil_saprotroph
02e4f13fa3c00438d032d1d202d23e41,Neodevriesia,NA
129d7e1be32c718bc545819640b2b498,unidentified,NA
632b0ea736c66d171963a7f5575fe9fa,unidentified,NA
40c17ba948f5e4deec93449726e7be23,Trichoderma,mycoparasite
0e383800009db534f3e85c41a3a7e426,NA,NA
0c807b15e6e868f13cf24745d15e1c40,unidentified,NA
27279260d307c7087da3087f35669dc3,Cortinarius,ectomycorrhizal
ce30b77e66d74cfa677b0939f0889a4f,Papiliotrema,mycoparasite
c8e773a1c90a0ac3e53290554f1d8269,unidentified,NA
9bb783420e2cf2235ed128e8192a91f6,Sebacina,ectomycorrhizal
cfe4cadb9dbdc6c1e19b4b7170196971,unidentified,NA
899dad2b484e3347e511ff79555e45b6,unidentified,NA
c75150744fbb7ee4c8b1fe466a061016,NA,NA
5f1bfc39a291dfce9f29b2e9868b7e8b,NA,NA
a3befec342543874e5157feaba587029,Russula,ectomycorrhizal
43741602846db20c74d9cf8fc6cfd927,Pyrenochaetopsis,foliar_endophyte
ea197cd1e3a51f953901654eeb1b1d3c,unidentified,NA
76a57162275d1ddd4192b784ae673b8d,Neoroussoella,wood_saprotroph
1c5f6c3a03e53d91f61113ce050ea959,NA,NA
54c08601009dc3aeaaffdd5566c57278,NA,NA
7474dfc05a991e1d04f6d5fa981cfa36,unidentified,NA
0dc06354a98694179800ade15bbe48df,Clavaria,soil_saprotroph
99a0b5126bc0b2e0a8f598379387c285,NA,NA
1b8a07e748bf5288d30d67c3ef8f9f95,unidentified,NA
45b6465211aa05d13ea705825bd31096,Tomentella,ectomycorrhizal
44b6972e50e05e177fc8c1dd7b833ff4,Plectania,litter_saprotroph
d9a15c3e9b56635c8b0b6195c98a702f,NA,NA
83286e51e092ff90b4a3f0b761a94c77,Dictyosporium,litter_saprotroph
dd45cb2f66c775bd36d3cf71732975c7,unidentified,NA
90f60bd555ab4ead668577da2161f36e,Paraphoma,plant_pathogen
be40a5162e735e582753df454aa898de,Thelebolus,dung_saprotroph
f228719e7637369075c63889d04bdcf1,NA,NA
39c8ec447d33913256e1b2070d8bdec9,Cenococcum,ectomycorrhizal
457cb69b60a538675c777e0cde63f69c,unidentified,NA
a1770a53cca25bd0c75b64abc50e1b0d,NA,NA
d0cf25ad068ce7775906704666617053,NA,NA
1cd6e42d33d37fa629a034196210b88b,unidentified,NA
3352c802b7dbd88ab7afe8b0c5cdb274,Laccaria,ectomycorrhizal
b78e69148587c8d9eabcb949da0fd025,Stachybotrys,wood_saprotroph
bc03bbbac802708264d760b4d6a83359,Trichocladium,unspecified_saprotroph
34214e8ec51b9388c0de574b39103de9,unidentified,NA
895adf5d2a09fb6738d19270d170d9e8,NA,NA
dba46b926d13126fbcfaacea4f16d9dc,NA,NA
3ae0247190701d1cc032b71a266b697b,Inocybe,ectomycorrhizal
dc7850d12fe7a9f6024d135e93ef4e39,unidentified,NA
4e1d0bf1f1d4bffd35ff8c08a0ecd023,Pseudocamaropycnis,litter_saprotroph
a16630e1c11b2fc2a3cb2f945ae3f2d1,NA,NA
a314aa54027e8c610e9e9d265b5e7646,Phaeosphaeria,litter_saprotroph
951288de6482196df27aaa1919fcbd8c,NA,NA
121c57797a2e7dd0db5cc70dd887818c,NA,NA
b3983254fbe12beadd864ca09fb60017,Scleroderma,ectomycorrhizal
056d0c4c3e6da59292c5559ddad43be0,unidentified,NA
12eac403d735c50b7dceb788ae394e43,NA,NA
7df4a845a468b34ca7921b4b740b25aa,NA,NA
f8b25361245ee686019a85f7c025f5f4,Tremateia,plant_pathogen
2e3369f46840f268c40867115eea05d2,NA,NA
325e8288806efad7f69c5ec16a2915d0,unidentified,NA
bc430564d731438deee2630dad7ea98d,NA,NA
413f64272bf453d1686f0364d11a78f9,NA,NA
713dbc82e048df3cb59362f72efd8c43,Marasmius,litter_saprotroph
628f5bdfa1f28516440f7c403ec45694,unidentified,NA
5333fa23cf79d5c1c111ddb6482c77f6,Hymenochaete,wood_saprotroph
031692cd34d0a96639064fd0d909fe4c,Clitopilopsis,soil_saprotroph
fb27688399f09017f3b536642cbeb478,NA,NA
d94004d8562c9efe418cbf2afb0ef12a,unidentified,NA
c0e8e41f922fb42b5ebd9dd6b2079599,unidentified,NA
ddb98cc79000f3480452de44efde727c,unidentified,NA
1a4649ec6bb6765379455c4c703ab59f,Penicillium,unspecified_saprotroph
bdc91dbc882f20c9e2691696fba513f8,NA,NA
68d6737c1d69929c79198f7fdf141e9d,Alternaria,plant_pathogen
12ad8c92266567d978fc19da50c056cf,Cortinarius,ectomycorrhizal
e08c1b328064827c7fd25ee4dae7b154,NA,NA
4d93e30455a2bda51f70beca2279aadb,NA,NA
afa5269b82de25d2e58f0f871f485ab9,NA,NA
2ab314e77963b5cb451b2ba0344f8cb4,unidentified,NA
bb5bf95ca649b0fd7e83eddeb6b4190e,NA,NA
62f9ccb9ba8db91c2895ef98b226356c,Paramycosphaerella,NA
5559b0c0d7bc4cf3143121bddde1e45c,NA,NA
9f1c4c6ab2c9b15ec084a72a471272de,Talaromyces,unspecified_saprotroph
733c61d6f718489c0942de5769cdcb4e,Geastrum,litter_saprotroph
c5ccf93c5af4affb9d5b1b55f2865da1,NA,NA
20288def40ba0db2ebcd8288f9c19c70,Cortinarius,ectomycorrhizal
9a7d8574034492f41f8b2f09427c1000,NA,NA
372b0f4f10119fa0635f13fa86f67403,NA,NA
54a7284ae62043644821c77fd06bb922,NA,NA
8f67e2c7e867fa78fcbc626ac6b24fbe,NA,NA
f6a0175e79fbbfceb017582e6975480e,Amphinema,ectomycorrhizal
00bbddf2531f731c96159cf705c52624,Robillarda,litter_saprotroph
ce74320131eb432ee036d404fa8525f9,Scytalidium,NA
65e3c93d7cde08b619f5028006ddc04c,NA,NA
18464c04aa6c35a648ddbe056feb981a,Leucogyrophana,wood_saprotroph
bb117c7c08206f0f9925e644b08f1e20,Leohumicola,NA
4bfa8cd51c0ca93b297fdc2170583dbc,Talaromyces,unspecified_saprotroph
bbb1148ec88e2cc3e48ef2cb02ff5539,Lactifluus,ectomycorrhizal
328838305ea27a64ebacec21993e3959,NA,NA
a34fe26b5551b1c7b689ccf58d16e4bf,NA,NA
9ca4bc077e7c004883f176bb88539190,unidentified,NA
d337ab41e9adf2a87f35b28b63fff042,NA,NA
262c2d9abb4432acfa8124899d21d080,NA,NA
ef190e20e22f5483b3d0201678d4d088,unidentified,NA
b406bcfe730d87ddec38f788ca3aa279,NA,NA
d8cedaaf3184304c11ed584fb62e997d,NA,NA
932559b8158e8617557de1c6e8e5bf21,NA,NA
4a18ba162b8e9dbf0d33e1285253dd3b,NA,NA
357d282455be9501479dbfd2eda02686,Xylogone,NA
eff7a601bf6ea68595ef480d500e018a,NA,NA
666d361078024632b8a898dc1ea4f823,Lycoperdon,litter_saprotroph
9489eb8b9ecb542cb8ce35fcaa55f888,NA,NA
cd013699f17cc9eac11a10e1efc50f6a,NA,NA
5bb917c98b8338e9a9156d02a73db9db,NA,NA
64cc0a2804b400fda4e503ff1003f207,unidentified,NA
6f4b336ab8b936149ef392fb8c9d70b8,Bulleribasidium,unspecified_saprotroph
ea3952e6ed5218633cbf9be4647459da,Clavaria,soil_saprotroph
43197e636b284c8e19df8f1635f6ec46,NA,NA
dbd52a1a2c6a8b4abf4edd8400f83eff,Dactylaria,NA
7ef100a30a4c80a6b3eba1b843cb83d0,unidentified,NA
c5dad650135362c4cc97e70923832863,NA,NA
371014d1e5e121ce378370d24f036fb3,Absidia,soil_saprotroph
02300d11e7567f923ffbe276efc414ff,unidentified,NA
091843ad3dc87b91ba83dd8a2f9a9ce6,Thanatephorus,plant_pathogen
eb87496df5f2d5932e3a6c30c2e078e6,Acrocalymma,wood_saprotroph
d20b797f573eb9506641fa8c1e66502f,Cortinarius,ectomycorrhizal
e4bcf1303f9ef95e47a7d0eec7365734,NA,NA
24a9d37c5c32da58ed1e5449626b4072,NA,NA
6b1a78e52f349b03578e21c9813dfed2,NA,NA
f428ac153726bdb5deee7df58bffe75e,Inocybe,ectomycorrhizal
d8191ea79f014b547307e5e8f9d9a188,Serendipita,root_endophyte
a0ade0d04fcf4c1804db9ae24709cc51,unidentified,NA
e8e3ed9fb769dcc8629557cc98dc2dd9,Lactarius,ectomycorrhizal
354d0968a16c5cf1eaa07fe6bbc6cce3,NA,NA
abb8eaf668e727bf90d6dc62112e65bb,Meliniomyces,root_endophyte
2cff78f7d3afd09c2801dd3bfe09eb03,NA,NA
af0b63708c3c28a5900f88cbf1f5a915,NA,NA
08675259e913767cde585cc55fddb613,unidentified,NA
58b9200c184364729f3d80eb4293651e,Nidulariopsis,litter_saprotroph
38ea072f4ef69ce8cd2dcf714fae302f,NA,NA
42a701cc2924430dfb7e55f9fd455066,Minimedusa,lichen_parasite
719afc9a3d52f7ef949e70fdb443c8e4,unidentified,NA
c2e9d58ff1b4d73f9297fb2bc9a4457f,Pseudolaccaria,litter_saprotroph
ee40ed67aeeae00f6d81761d671959de,NA,NA
05821e9a15c818c8207aa3e3e9d2ceed,NA,NA
28267ee53a4a3ad1e97088edf4cbcdcf,NA,NA
cd43590684748c76bdda79bae861a494,Toxicocladosporium,NA
5077c89ccf564f2eaabbe576663799d9,unidentified,NA
d9a2fc201242e718320c2905bff69dc0,NA,NA
e246bb6d59f8bead4170b3119a3f60ab,Vararia,wood_saprotroph
297958a1fdc974c598295317188eb8fd,Thanatephorus,plant_pathogen
0c60798358baea030cae397f3e3e603c,unidentified,NA
31fb74ecc406a7a18e23013471e3a89c,NA,NA
9e99b84b3da0cef1b227181fb8d6c709,unidentified,NA
7682a0d49da19ecf90fb0464148b6c96,Devriesia,NA
d1659a9910371b0f983c858b6f7ce9f5,NA,NA
480bfe6f64e0dd76415155e9d0b152cc,Pseudocamaropycnis,litter_saprotroph
07b41cffc0ae06c93a7d67e81ea98c0d,unidentified,NA
71c1efd573bf82eb0d648d2cb0a502e2,unidentified,NA
5c358be2873329ad7cfcb99dcccd968d,NA,NA
5ac342a2f7990053fdafde3cb7af8f6f,NA,NA
b67c4cf849444efe4404e6b73b1b7ee6,unidentified,NA
a9ee3b97c0da8dfaddc31cd207b486fc,unidentified,NA
d0411b19cfaa93aadae4a821de77f1f2,unidentified,NA
ba1253b8a94b4298c0fd3b40a1a3b578,unidentified,NA
4ab3d18b6da712613af77ccf809fcf9b,Lactarius,ectomycorrhizal
c37b90a214fce28a54b34223aa138559,unidentified,NA
900d9e29b8d75e6149d30fd8657fcb8b,NA,NA
e7c96d490693a5ef7220923dff98c045,Trichoderma,mycoparasite
b4268cda920816acdc086c6621ebe286,unidentified,NA
7a41ac9cb28a2fb01fe70a26267a2626,NA,NA
a48c016beb0bd26f749c1482c3e0c7f5,Diplogelasinospora,soil_saprotroph
ab29a51f575f71f41fe6a84ea0a519c4,Humicola,wood_saprotroph
b05d1ec4d3808c96c95449519e63c9d0,NA,NA
36829ddfbed565409218e6fe053a3f8b,unidentified,NA
3ddb504653e3e43bf2d7760674964782,Trichoglossum,NA
e5cc6d892fb283055e46a4224e6a0efa,Coniothyrium,plant_pathogen
79d9c9fd6311abc8b64c84b3eec85cf7,Stagonospora,plant_pathogen
ed478136f54e8bd5a89fe5fd5ecc5c59,Thanatephorus,plant_pathogen
da76fe6ac180c20ff31f144be339cc7f,NA,NA
a5ab4235e684364e2704dc9a4742dcb2,NA,NA
aae9c542cdb8f15ddfde0db00d37a895,NA,NA
d523aac39c3e4e2c4a53b00b3fb424bc,Neodendryphiella,litter_saprotroph
dba5d91f7411a24893b61ab19b19e889,unidentified,NA
665c302ce177886bfdb8b817df9bb46c,Umbelopsis,soil_saprotroph
ad939c9661ef0723d9dedb4c30e1dcac,NA,NA
98b3f78a7fc26960b528ad2d2f4f96b8,unidentified,NA
1c2e2a6edf0d6d788d145c24c6cb7506,Serendipita,root_endophyte
4d74bd97dee64f8e2906015c699aac04,Lapidomyces,NA
309d1b1d51602e676c7ae2861e24e018,Diplodia,NA
732f5728f582e81168916e32406f804c,Pachyphlodes,ectomycorrhizal
4317dd398901e54a6001120058dbd324,unidentified,NA
88e973664cbae586a57a5a41733fb240,NA,NA
a1484225ac79a6413e6e8228fcf767a6,unidentified,NA
cfd91b5a2c0f671a91ac2f10c15b12fe,Recurvomyces,NA
b4ac4612ce4c6abb387cfb3af5ce7157,Purpureocillium,animal_parasite
367894653277a587a0cf0e026109b795,NA,NA
4efd848470ce1f2ad3c73a94bda02036,Sebacina,ectomycorrhizal
78c70ceba247753929e37d117d74e49b,NA,NA
d9a0ebedac2283b63c3dc23d4a29245d,NA,NA
fcf6185c3853542280e24ea9701690d5,NA,NA
b01c8a6466a31912c8fef9b080f50f48,NA,NA
6ef928278cf08a1895250e74f058c3dd,unidentified,NA
64b596ca0be08cebbfbc79f1d8c3474a,NA,NA
6db77cf3e8ee942c29560168dfd2d774,unidentified,NA
afbf3ee1457bca95070b2f3508448418,Rasamsonia,soil_saprotroph
1a40819f5b27eb3f42bea4cb0ef2cf8b,unidentified,NA
5bbf79722b802e9aa7c87497c03d9088,NA,NA
fddc225cf66175d0fcee510e0caf14b0,Amphinema,ectomycorrhizal
11aa494b29e6edcb6f592dab444a21b9,NA,NA
c9eb143f9093bc448e1533bd2984854d,Stagonospora,plant_pathogen
49d5870e96d495af42d040cab071d13c,unidentified,NA
796c6b6e4ccd071ce097397a81230983,Elaphomyces,ectomycorrhizal
a4e60a6949bc2ab360f946c4f16db0bf,Trichocladium,unspecified_saprotroph
dd46898d7cc327f82cc2afade882d907,NA,NA
a4b2317b230d13038b2385341df46bca,NA,NA
7edf7be68bd38775b64c140b094eeee4,Beauveria,animal_parasite
3cfbcbb340c285af5e1c5f284203d259,Entoloma,soil_saprotroph
5fd0883c1cb410f028cd73676f0a78de,NA,NA
2c73bfff03dcf6ebdbeddc7148a90cbd,NA,NA
de531fd450e7be273a298f8d10dd0330,NA,NA
91f9f30a88a97fb6618ca908bebe509f,unidentified,NA
bcedd1f6c80b3911b1da8a37ef54ea8e,Mycena,litter_saprotroph
25d80d823ed4dbe2c106caf12138d346,Coniella,plant_pathogen
436fcce4df0953bd39f251c50e06cdc4,NA,NA
8686e382ec381d79e11804af4b25ec24,Zopfiella,dung_saprotroph
e9d560562e9c1dbdd07bb2a78ce41934,Curvularia,plant_pathogen
1564d8a5f6ecc2680b5049605724f42f,NA,NA
e05cc80e98a8d988f48feb24b2e04fc2,NA,NA
e1f63287abda3f6d41636ab9b16e6447,Xenopolyscytalum,NA
66b46602a6df86c21d9ed0efc6d0a80f,unidentified,NA
23948e726bd2ded604b3fa486cd712fa,Mycena,litter_saprotroph
ccf7875b48e0f45abe63fbe9bfe4a4bb,NA,NA
798d7cedb8d3b4dc32c795f684944206,NA,NA
4a7debeed3ea1e8fb6df759c2018cc95,Sarea,unspecified_saprotroph
3e406904cc15ab342efb9c43cd7e38e4,NA,NA
e1931256ac89f95e4838513ef730d6b4,NA,NA
f82ba0a8bc71118e89274527b3cf369a,unidentified,NA
053938ffdd6ad4b7adbae263d9adb295,NA,NA
d28ebf31b59e92f99c6ca481fe3f70b1,NA,NA
59f2c1e4ce16d8911fb13a81054b89d0,Clavaria,soil_saprotroph
73e52fd292f18b358045f66ed560569d,unidentified,NA
38e8017de38db5866fb5b507ff7ac63f,NA,NA
316dfff6fda2a72826cdff7e69c2882e,unidentified,NA
106552a9facc24f3ed388ee1c1a0ed87,Sebacina,ectomycorrhizal
41d50497f2dc06effd5418fc62e59c81,Talaromyces,unspecified_saprotroph
63c25f94a79b24b93b3019f87b30fa18,NA,NA
ef628ec856ea64710079ce5835a8c92f,Tomentella,ectomycorrhizal
7795903a8992e79119b0b4c128fd7688,NA,NA
18325bcc27ba390f0c0a5e34b1ccb981,NA,NA
3cdbceadc53495011526d2496c182912,Clavaria,soil_saprotroph
ec3d2109e6840ed895598452d1d610f9,NA,NA
95083fd7aebd13773b486d5b9891c76b,Paramycosphaerella,NA
56cb1cd0483ed276f24cb7e7bbb54375,Sordaria,dung_saprotroph
d0b76be9930a7fc3f278a12c21a85f6b,NA,NA
ae353077927725a26ee026f7a8221e90,NA,NA
f59e2f68a88bcf978243d0053f40d1dd,NA,NA
21d9af29733bf6b66b8972ace3ffa7dc,Phaffia,unspecified_saprotroph
80abbb52b40d329b857e6eabd45189ea,NA,NA
0fbed736db5cd745f524e4fec68be189,Xylodon,wood_saprotroph
b1d211f8804b88ba23fbf2e672a35599,Tomentella,ectomycorrhizal
6004ad4d2d97ccab6da4465b9c743798,NA,NA
d25d985e9936a9a84bf74c032673bf90,unidentified,NA
a374f4ae7582bb933072b9b5926998e3,Russula,ectomycorrhizal
44390e9f3134e32eb2845eb5f0563071,Cytospora,plant_pathogen
3d25e2115e8a5c73558f81f7b2d87f05,Mortierella,soil_saprotroph
c22a071651871c9ac8b0238611df7292,NA,NA
332ff613597bd4832e76d1deca63d199,Ganoderma,plant_pathogen
a66fcfd4de2e72c87cf5592c8eb5614b,Clavaria,soil_saprotroph
46ba2cbfb6a3b4b189d5faa05ac7416a,NA,NA
c468a0142a2278e4483cd788c094c808,Parasola,soil_saprotroph
e85848c9c290aa900e1d53dbcd6bb4c2,unidentified,NA
e7c6ad027f1c989285700ada4fdcb3e9,NA,NA
d77fc2394e5cf28cb88138e12d018857,Lindgomyces,wood_saprotroph
c1b16c852f2799a0e7130fea1ef093bc,unidentified,NA
208ea68c546436aca7dc91da34133efb,Cuphophyllus,NA
27450d9e75d0557bef17c1a32e37bde0,Infundichalara,NA
e29daefd7a6ed7ef7ad07cc173b7aa5d,Dictyosporium,litter_saprotroph
11ee08fbc060f465f97c391aca9aa29c,Inocybe,ectomycorrhizal
ab5560ec72fe88fd6583cae5082598c6,Cercospora,NA
69fef0b5fe0c9e77b4cf961fe4021cb3,NA,NA
cf4b1edead8f30caf8965d1181f55396,NA,NA
aceb27570546d770f1993944e103cb62,Trichoderma,mycoparasite
32404555344ada0b63ec82eb96832a0d,NA,NA
af7d6fd1efbc684554b9c12bcd6a4848,Ophiosphaerella,plant_pathogen
0e7ddb33ec2277e483f2a9c856e735db,NA,NA
85d836e7c205df337c6edde0f100e854,NA,NA
8600deed21e3323d31d140761bf3a620,NA,NA
237b4a53ff87b24175bea69353effa1b,NA,NA
86b03731efd7093939d77df52c05dd2f,NA,NA
a6d9261ee6ca11d65d6a7dedaf0ae2ef,NA,NA
2b52aa07b1f7c255f87656910bf8fe0c,Tomentella,ectomycorrhizal
26aefceca66745874fabe1c37e9e1410,Geoglossum,NA
2fee3c17a0567c5620bd47e42afdab9e,unidentified,NA
6574a32e2df19db65bc541cef2b901a7,Sagenomella,unspecified_saprotroph
fc0031b43b247e61d2d036732678934c,unidentified,NA
aadeb5ef8031cdcef3280a2b1aacd215,Trechispora,wood_saprotroph
37da308a195facb6e1a1cb2f44e2999e,unidentified,NA
d009f8ac597aeb6a1281cb391df44ee8,unidentified,NA
783b064548ff14e90ba3ca27859dda29,Clavaria,soil_saprotroph
cb3a620c0b7607edaf0214c812ebaa89,Sagenomella,unspecified_saprotroph
ac999d597320732c91508186caff0f76,NA,NA
87c2833511d52adbdec72d7da73fcc62,unidentified,NA
6b1ccc7f5f431c1edc8d5082d0e0fd9d,NA,NA
a1d670c26f0199d4bc5e63160f30f0a1,NA,NA
e49caa60132cb45a77337afaa0792fde,NA,NA
7f0adea7a00cd004ea0fbb9188b663e0,Septobasidium,animal_parasite
06aa2b2d7501187a0a4aeebddb0ebfa5,NA,NA
dfd1ca2b1aa28a2f8f52f8f0eede8e31,Lophiostoma,wood_saprotroph
4e39c5e811a028bfaad370a1357192c0,Mollisia,plant_pathogen
cf2bb733cf0e6ad6a234c5d31d471e3b,Spegazzinia,wood_saprotroph
eed313620f89b1e603868db2c8a999f9,NA,NA
c0f825a98c955a9f3caf350a63c5f31e,unidentified,NA
6fc0b287ee8250f77c4e018488a15b3e,Cystobasidium,mycoparasite
891ca0be9c2feb018399d6bf94806a29,Leohumicola,NA
d78628b39429bb4de9cc42495f2eb0d2,NA,NA
3a64ca0aeb964c56e3abb968c2a36d60,NA,NA
9a9ff707feb3154f94233a6dfe80d2fe,NA,NA
d960efb738d735f0c24fd2a76ef74e71,Coniochaeta,unspecified_saprotroph
c2155800a74ebf24b00109610d3a7562,unidentified,NA
6f771108f5167ff468e636d756d64d45,Russula,ectomycorrhizal
ed23244bb994440db6bc8f233ed95373,NA,NA
a42c6a92572cd5dc44861efae4667878,Colacogloea,mycoparasite
3862789c7b47ab2e02990f250e661228,Tomentella,ectomycorrhizal
0b9e77c0f60d269e9b59d741e5dff1f6,unidentified,NA
c3106dee4db0c5f10aa3a3ffb8e0bbd8,NA,NA
337023a2b9d125027beedd41eb57f6df,NA,NA
d1cece18cae712c84b8d31181d7a48d1,unidentified,NA
3723b1e04b4e3b6c0775eee9e30a5711,NA,NA
2ae4cff724f11543b66368fc2ba5ef67,Acrocalymma,wood_saprotroph
467d6b499b45fee40ee883d49b4bd0d6,Tomentella,ectomycorrhizal
d100775ebacb2ab01f1055364f607455,Clavaria,soil_saprotroph
905e356f90c22d14043a590a9db7d9d2,Russula,ectomycorrhizal
ce4efafa07af6e98f12d2da0bf1f55bb,NA,NA
4bf7fb419e333be4f2cf113cc65c159a,Russula,ectomycorrhizal
f7b5765fec17c49a95e649dd850f1b0e,NA,NA
ef8dc8b515703475776af108a6a9e280,Staphylotrichum,soil_saprotroph
65ada65d5e2bd7f3cebe1a3563760cc5,NA,NA
588822f4cab79a282c48e9d04d671ee0,NA,NA
f3a2b770eb8d076d6cc45ac52ea66d14,Talaromyces,unspecified_saprotroph
c0383441e2ab3bb29879c5849b9669e6,Conlarium,wood_saprotroph
3a9cfe139cc9656b546770b89eaeb913,NA,NA
88e445c851cdf876afa1ddc649e5974b,NA,NA
c95bb7566d4c9b3fbc1f071cfd4d313e,NA,NA
5e5ef5ccef6c2a0fa13f99572bdb60d7,NA,NA
627eb022ff73da283e23710028359ef5,NA,NA
4776db624b1ef57147d7ad20f18c2b81,Phialophora,litter_saprotroph
6f904a4149f345925c707d4fa3bf04ac,NA,NA
7bb9fd067759f57a0859bc2c3a00fda0,NA,NA
f239eb668a2cc8d044d07836f52ab45e,NA,NA
0d3d7d7a9e8c89a955a00ae3cf631194,NA,NA
4e9a57c4b1e40f5dbda9d3e5378db05a,Boidinia,wood_saprotroph
fd1d2d8ffad4d7e9cdeac79c80da2554,Recurvomyces,NA
5076c519f4a6d908b6c4c902897ef92c,Albotricha,litter_saprotroph
8d80dd13be2cdb52a97e117cf687f147,Entoloma,soil_saprotroph
f7b19c8397f573a4d91497558b8022ca,NA,NA
7dacb2f77203a10b7c38fbc4a7c7d36a,unidentified,NA
f50670e51714b643306c8d50986feb8c,Clitopilus,litter_saprotroph
d3b01f1542cd1b115ad54f0b4851617c,Septobasidium,animal_parasite
62a0d52723120e50bd6e8fda696a3bb5,NA,NA
ebe093341eea02a7651ba62aa7fbccf5,unidentified,NA
a93946303f364ff250b36aca984e765a,NA,NA
1d95fbbd97730af8bc21910b589966d2,Rhizopogon,ectomycorrhizal
b510641b15121a583c88136c3a5fc0bb,NA,NA
ac577ffeb9dede0e0f04a9f5160214b7,Tomentella,ectomycorrhizal
09b29df2ef57d781861ecee78935b5b9,Amphinema,ectomycorrhizal
4150588fef5f07ac1f86f251f2f973ec,Mollisia,plant_pathogen
9c48abbf20f305fd433b3afc6f06d5ee,unidentified,NA
ef88406d51eb589057d4f7212e9fc621,Clavaria,soil_saprotroph
6d372e8c9f905efde849ca4f9a0f9287,Mortierella,soil_saprotroph
378cb65596eac928dced76fd650883b1,Conlarium,wood_saprotroph
0e7fafa1d6984738f8b76a317fd19315,unidentified,NA
5f8f77d6cd90da94bd8b185d344616f4,NA,NA
8fb575a8090efd8b9f1e2054c1ae0455,Toxicocladosporium,NA
5acc5c12883da9359b73e1a9273a895d,unidentified,NA
f1393aefbd66c2db6a7f01c8f08e6c4c,NA,NA
c3d98e6025d084deb3e3e92c221d6edf,unidentified,NA
ce15e9b0d02fe2aa3cc2ecd57e779463,NA,NA
d2f46b0838a4c7e2ba31b39a3d42cc74,NA,NA
0939a7766d3af49eb976aa56ea5c9ce8,Cenococcum,ectomycorrhizal
2b2a160158080815cbe2ac538ec40782,NA,NA
a1b60ad8f3ee19ec79307ae1f841bd65,NA,NA
ae9db85f61582ddb67b01eb454b9fc80,Vararia,wood_saprotroph
640eb1ad03ae98a731c9fbfcdeae6b89,unidentified,NA
4daf551a67b148a823c0ce016fed2148,unidentified,NA
daf8362b8718fdbff020a7051c659191,unidentified,NA
f6e9b03f8dc5cab3efde650cd295b1dd,Flabellascoma,wood_saprotroph
26c6105d1254d7397af55699f623c3a6,NA,NA
d0398b98a4637fdc63d22c02b4bfbdf8,Leohumicola,NA
94a05006a2b3d7c0ef7913a7ec75199e,Hodophilus,soil_saprotroph
ffbd2364300a4eaa35b9b061a97bbfeb,Roussoella,wood_saprotroph
e0db9bdc5145e71924b130892c29035c,NA,NA
965a414b552ddea8b7af44dabf1a2ff1,NA,NA
f41696f4c55018cef77add796e6eebc2,unidentified,NA
c9dc58cc5a08cfff86aef50a91731ff0,Hannaella,animal_parasite
b2a6fb38354a58a63601cab41a9abc27,Cortinarius,ectomycorrhizal
17a6417d790aebb55f00137c0b842962,NA,NA
3df9691ad4960b391f47d1722e0751fb,NA,NA
106f75563514020b2870402cc72179d8,Heterobasidion,plant_pathogen
8cc4581dc11ec7a15b9cba4d02d94375,NA,NA
850a5e715657b9706720f26b6c0bff3f,unidentified,NA
df929c6da49ca66f44008a0d9d9bded8,unidentified,NA
018f9525262a674c41f73e6c49d30573,NA,NA
f78e8eda1f21775d9536ce98d2075268,unidentified,NA
0297441abb0a38ef273c1baebaf760b8,NA,NA
e68007d8365e1e215c44afe99b73d1b7,NA,NA
80c90f5707651d88adc9fd1800403a97,unidentified,NA
4bf1f5637fecaf444306a7cf8159ff3e,Veronaeopsis,litter_saprotroph
6e482878f48e826d791e438d7eab3a1b,NA,NA
514c09aca953fa1eceb54bd454bc0f72,Pseudoplectania,litter_saprotroph
a890d6b733379af89f78e4802730ae1c,Cortinarius,ectomycorrhizal
026ce90d7849427a201054f188926b7f,NA,NA
2d8f5bf008cb436f662eabfae356496c,Aequabiliella,plant_pathogen
e1c3c198873634e7094fb81168925ee5,NA,NA
3cb83a6fff2bbeee563301e685ee0f19,Xenasmatella,wood_saprotroph
d15f35f388a934360d86783ffa00e2cf,NA,NA
6ce19e141e137bf9294d3ab6eb7913b1,Simplicillium,animal_parasite
81ef17ad5c5d916681d600bb7ed630f7,unidentified,NA
a0554cbbf4809655473151b6802df20b,unidentified,NA
d9c403510f7a4576bbfc41ff7b4e4662,Inocybe,ectomycorrhizal
55322f7938819b745c96a162e642a76a,Trichoderma,mycoparasite
bddd3afca5a75dab509145d841c57439,Lophodermium,plant_pathogen
f50be72ce98af3eb3e2746b6673ccca2,unidentified,NA
5efdfbfbac6ed08a1b8391027e1742e8,Coniochaeta,unspecified_saprotroph
90fc30c3d06ccda8e8cd802454365513,Skeletocutis,wood_saprotroph
f118fdc7eb6b42fd923f3a1b2982f674,Spegazzinia,wood_saprotroph
8f0f47355f60477bdd0579a20e3e0bd9,NA,NA
9e537e082fcb102b270a3bca0c85a563,NA,NA
a321cef6ec94c500beecdb216e0579e4,Thelephora,ectomycorrhizal
4cf037a7e0f0a80ee77f2bb9e302638b,Exophiala,animal_parasite
304bca7a93e931672e1009c5ed44e0a6,unidentified,NA
d54bba1819634da2c5d41cd39fdbbba3,NA,NA
c9255947dad4397921340a9ffd5739a1,NA,NA
a741487250b1f0fe705055c66fcc404f,Paecilomyces,foliar_endophyte
f8af2a1ef1cd99e504548e2b9784b953,NA,NA
cc05cc9629194b5b24c63431c63873c7,unidentified,NA
eb639fa1187c6c00bc8b21153dfaef2b,Russula,ectomycorrhizal
f6477e062c1d55d7987ff5f85ec9f989,NA,NA
a7d46144a9cf21d7d3dcb19aac371fee,unidentified,NA
29b1b1943724937587d1c8d21254e1ec,NA,NA
87272228cde9866d48bdcb9d81e7058a,Ceratobasidium,plant_pathogen
588a662d9264b91434e997f83c4ea1b5,Rhizophydium,algal_parasite
491e30c62508a02ae8464ad4ee53708d,Xylomelasma,wood_saprotroph
988274ae46496739195d5f0c81d04d57,NA,NA
cdfc6d51463c2553d35e5aeb0453ae7f,Cryptotrichosporon,plant_pathogen
c217ac12fe4b3a6aba5ef6fc5cf40366,NA,NA
c6b2bc776c9072df5573c6b4d2801130,NA,NA
19f5bf30881c36037358956b20373d24,Sclerotinia,NA
48d388f2ee9e57f216506987be307249,Clavaria,soil_saprotroph
a64d2c46325b55d91e777d1dd790876b,Neodevriesia,NA
65c77975a98aa4c3f71e269595cb1798,Setophaeosphaeria,plant_pathogen
2303afeffb7dfa4440ae4b25412b64fe,NA,NA
3550fbe046d036d27d1e8abb1dd7a43e,NA,NA
601808b7ac20483791d55d854dc60cd8,NA,NA
9eb4168d84b976ca5c45842416f17570,NA,NA
1fccf42dfdcf0f58c6b081aed4756e5e,unidentified,NA
60f155c58ed860af2fa309bfdfa2e7c8,NA,NA
3f484660c843942c566b23d31b961e60,NA,NA
b2be111bc341c3296b43a21a6848457f,unidentified,NA
23f0a35e388187d0009206eabfa8f8b6,Clavaria,soil_saprotroph
3710e12246742d70649eeb0f07d9aee3,NA,NA
14e6984662fcafc6e4d528b4d7f5c234,Papiliotrema,mycoparasite
e5e02110a06d2658250fff3de11c20cd,NA,NA
a1a599de2164bd5869f50a113a6fbab8,Basidiodendron,wood_saprotroph
1288cd1161b98aaca4eac8d5e906c001,unidentified,NA
a11fd0e8c1e8b66e940cb1600ca4fa53,NA,NA
8c1a4f8af7ad1cb63f38a93e255bb0a2,NA,NA
880a14bd50c4040b95dbf6305bc18df3,Nidulariopsis,litter_saprotroph
f190c2a5334e18562d3b180d0e1c374a,NA,NA
9c1c7c14b76b327ea79be6b2e64b6cdc,NA,NA
596ab1bf3411f8dc86a1d3be02429493,Zopfiella,dung_saprotroph
0fff9305ea95c37f55a9b86ab81972d9,NA,NA
6f69c2868b1baec3f892d74beb84f1d9,NA,NA
38874ea65cb931109fdf26f25595e851,Byssocorticium,ectomycorrhizal
52b9056935f9264abe691b6cfee96120,Calocera,wood_saprotroph
24f8a3b113dd5580be6d08bb02988d9a,Saitoella,soil_saprotroph
462be542ed75ccf11cd817d13f864de9,Ceriporia,wood_saprotroph
9bc230e9ac98453d05e1775e620d2292,NA,NA
325472775ef1038a14687c80d9c828c1,NA,NA
e8c58a21bc5322e604beb24b83014bd6,unidentified,NA
412b37fa3ec8a669994a87a8c4b1387b,NA,NA
3ec7c5e8048ca37e8ecad1acb6943e68,unidentified,NA
0afbbbee78fe095c6eb2e7e2791efd8d,Cenococcum,NA
fd321c7309cff84f7c40132f8356da19,unidentified,NA
1faa7e5489c0e825322ed0dc34720646,unidentified,NA
b91afc649671495ad206c1cf2ddd2934,NA,NA
50d8045edcaa65e92d7f2dbfe07f46d8,NA,NA
1c8ef53b26fd336f86c6513b5768ecbd,unidentified,NA
0fa71727202ef80a340ad941d27744c2,NA,NA
42527bb0c24571004b1afbb16dfa8f78,NA,NA
b8c5f0523cd0b653f8b1ec0bbaa69aad,Myrmecridium,soil_saprotroph
59b41cedbb6090db2a3d4234b03c2ba1,NA,NA
2a1b32493d3c0b39c1eaa7fb21dede14,Rasamsonia,soil_saprotroph
526dc99bbbcc9db233e3299d63dd9c5a,NA,NA
6636718d30892e097b43f6d2bf706ec5,NA,NA
02700f05aafe680cac5e35bff42ac69a,NA,NA
f4b9fcc67a4043e98ff501d86d47b024,NA,NA
c7e94270f02b7d818b772f87aaf90c84,NA,NA
d900dc27aaebc06df0dc5f8135df278e,unidentified,NA
12917a53be89ced028c874f7e086bba8,NA,NA
9caa224cb9c1f19d2c3926b5b690c439,unidentified,NA
9990ce2ad77ce8417f933e5c16bb474a,NA,NA
c095510637e21402dbaf6b90c46f1061,NA,NA
dfaff60a0312541769fe5a5062152811,NA,NA
7a04232f5d6ebcccbe917751152b3852,NA,NA
6656a1aba5c3cb617cdbbd14c00954f8,NA,NA
f017ba66dfbb61c122cce3ce4cd006f2,Parateratosphaeria,NA
2934dc5d8a08b3d7fce632fc42be82b2,unidentified,NA
0f01fdcfdfda3cc5a2f88678161777e6,unidentified,NA
b24fd1a043c6092f6de599ca319d9721,Lecanicillium,animal_parasite
5965122aaf507b8e11b64093cdb3a21d,Albifimbria,soil_saprotroph
da7660cfb24b3cb33d681114b82cbd59,NA,NA
a18080fbf5463d5510b912a86c192cf9,unidentified,NA
e88199b2dd705b6c76bea0917571e094,unidentified,NA
e713ecef131a8391e4f1881516be9437,unidentified,NA
197bce2e7e6bb7f14ba4bef33d95a784,Sarcotrochila,NA
034ebf5723ecab3a7920f3c38adc5b33,Thozetella,litter_saprotroph
745052756c8e84cefc70ade38af97392,Articulospora,litter_saprotroph
8d7d40ad3006d9d0da8fb01a48f59b5e,unidentified,NA
2396084ff4d9b951bef12ee86bf48a05,unidentified,NA
da1a591b755aef43056796e86be013c0,Mycena,litter_saprotroph
3284f8b6db28b5c9ca20a0261cd4654b,Inocybe,ectomycorrhizal
935992fdd7042bad1bd0fb965ea991f8,Umbelopsis,soil_saprotroph
2ce070bd91617107a3fea0d2c0779d8c,Geastrum,litter_saprotroph
d7a367e30a313848b2b31ceffd3609df,NA,NA
fcf6df965e5c0088cdb37cbb38198372,unidentified,NA
15cf9b3ebf19a36b5ec769f48b86cc73,Septobasidium,animal_parasite
a874aeac64c99d16736b8f8d88de4c33,unidentified,NA
5b28ac54a8321c4471145681d8d8a663,Trechispora,wood_saprotroph
3c5df76a5c149723dad91b94f0f6174e,NA,NA
f3f5a6cef8787c21930fed051f399840,NA,NA
27682c0a8fb3ee546db6e9128eba170b,Phallus,soil_saprotroph
781f5ff81ca79dd9c39555fb8f87b91f,unidentified,NA
94be1e5c2a809ba4559c8ad19b5143b1,Acremonium,unspecified_saprotroph
b02b83748769f3a99d35a63ed7b12e71,NA,NA
e42a7c95e5bb6b02d7330e90ca89b395,unidentified,NA
7ee757f538c756e94c3a93bd944d4e4b,NA,NA
2e7f40b108acdcd466f50c5965f098c1,Leohumicola,NA
63f48854f8f2a3d5edfa0cf93c5d95d8,NA,NA
e78b7895bb95509594d8fb26bfdfcc61,NA,NA
b4aed0b6acd3c9e12c1442fbea02194b,unidentified,NA
9e83cd3d42a9663404518cdc74d938b2,unidentified,NA
34345901417d7c83469d25ab69cf37bb,NA,NA
dc2458d15f4011694f57f8f1fa49a852,Curvularia,plant_pathogen
586ad28c25f5ea22b7466d21e69b4d17,Keissleriella,wood_saprotroph
9a6279abf759ac64cec485777c7c6e1d,NA,NA
840b9ee1e281a3c8688863e3f03ad14d,NA,NA
6d6e0134c283303a59bee1a97981c25d,NA,NA
27ce94d059e3dbc8b9e58ae3167770f0,NA,NA
9c621021a0b0a805a35e6346634a97ba,unidentified,NA
19ab193790ad57ab02a1af1b30e49b96,unidentified,NA
7449160f53ddd0a1ccfd8d19222768fc,NA,NA
284c06e68c75e9927cac7616ed6f1f47,Amanita,ectomycorrhizal
7b1dcab80d6ff3461cd58a8ff5f6db4f,Myrmecridium,soil_saprotroph
843e82239c33adbed20f6bc5ff4d5344,Agaricus,soil_saprotroph
933d70ce0972911bcdc093767d08d70f,unidentified,NA
971e4e7dba266644b0f93b0ceb9d45ed,unidentified,NA
a26c37030785f8ba998fe75915f175a5,NA,NA
30573629b24fcd5551abc9e0c1b67573,Talaromyces,unspecified_saprotroph
54beae16c40e81194af83343ad0bf6ff,unidentified,NA
e2c2a977ef9c6b03188661c442328efe,NA,NA
d19cacbe86175ce2cd65a49722ee76d6,NA,NA
f0d7f0042598f9ed766b6555d0dc027f,Extremus,NA
ee8697ec803b5adb0ef0ff4bf18adebe,unidentified,NA
7fa128982c4f6b42bb238dbc62684c6e,NA,NA
f3cbba356f8a83cabde80f86d4660173,unidentified,NA
8f219172f1cc6bff3f9341a0c076158f,Phialemoniopsis,animal_parasite
a436a15f2a4f6d94f0137bb2c4d5393f,unidentified,NA
9b6c43b28b2973861c261c6399fa0295,NA,NA
dabdae1c9552fb9e99bb8720fd5305f1,Odontia,litter_saprotroph
b3051dfe761781bd5ae9e8af44b47d00,Cystobasidium,mycoparasite
3f21a970f335de7e5e2bd72c7dee1a79,NA,NA
49867dbd276d9d46f253b47baaebccb8,unidentified,NA
86581adbc8e0e1eb473926348e690b52,NA,NA
b860e409288b83b03ce5090a75600227,NA,NA
51dcb62ce083818e563a8d4df8617955,Athelopsis,wood_saprotroph
86571a2283b934a7947e6e39eff67379,Pisolithus,ectomycorrhizal
d24c5ec6ce54f40e01e3c912e556dfa2,Dictyosporium,litter_saprotroph
73ccbaa4564a994408e7f1d6268b2185,Tricholoma,ectomycorrhizal
b2e8806792ba12e11a63bcaba233e5c9,unidentified,NA
ac69e11e39e43d2407c56c5bf04131f8,NA,NA
0e824911858c44611c67e5a3e9ae3c48,NA,NA
87f49a63a42b88dc06f25138de0b6e01,Diaporthe,plant_pathogen
1ca2511e68f82e677ba56655e9b34e42,Clitopilus,litter_saprotroph
e8f24526961a00a8dd1b8aa11a0ebae5,unidentified,NA
33de958fd836fe220837e65a4de7e7f4,Parasola,soil_saprotroph
5d8f78214d78c634c4639b9432a0f84c,Geastrum,litter_saprotroph
7b128c19175837c627d23dbdd04c2c3f,NA,NA
b26d9e2995eee6ef74010fff1b9b35c9,NA,NA
e1462bff98b878f39aa4c5ee72183b37,unidentified,NA
f5c15e5d647304b6603ab6b92a404131,Pseudorobillarda,NA
517e6619f0685660d710dd47c2e7a53d,NA,NA
e77151bbf75fc7043fe98d45067d9617,NA,NA
87ce2b3f6cd6dd4758836503e50868a3,NA,NA
98617aa582e919ad3e63257085bcc10c,NA,NA
62c61f067bc93698001e3366ab6e2f95,NA,NA
83bae5c458e5c7c6bf27bd7d02918e4d,NA,NA
69e2e27865bbd49af8d1fd99b418ddb9,Clavaria,soil_saprotroph
8882c150efd825a5dd1c151cb908a981,Trechispora,wood_saprotroph
3482960be747715545f6befd73212a57,unidentified,NA
35562654f1e55565075e9424940110c3,NA,NA
86f09d796b95570b545625f43759fc77,Amanita,ectomycorrhizal
589d5ba2a6428b8130770e39c14495ce,Arthrocladium,soil_saprotroph
4fa45cb9e0bb9a8b2ddc5eb2e9e26a31,NA,NA
8216cd716121d1cf130d7e3b29fef456,NA,NA
5c451e445af6f0fdd288d04f965c6fec,NA,NA
3340dffacb17a75f51cbe72ad37fd7f3,unidentified,NA
45d4793addaff77a8f090326b817eda6,NA,NA
c3efb7cdd13e17689fd948cc9c01475b,Talaromyces,unspecified_saprotroph
e1705325c7c6cf3438b1d9f2cd298e34,Inocybe,ectomycorrhizal
e1a2f20edb0c02c88d05b9f2b6d34bea,NA,NA
29097d0cce1695695b5ccf5e0ac5699a,Talaromyces,unspecified_saprotroph
efe1dc9bb082c7ea46b7b6b97d8220fe,Tricholoma,ectomycorrhizal
b15830e81f638e7eaf1d9a796ff9d20e,Venturia,plant_pathogen
3f19c32efc26f86bc498ce4bcc174c70,NA,NA
6cf557232b497fd01bf640de0998a116,Neodevriesia,NA
92612dfec0f4d2750d087ae2a662c280,NA,NA
7975b61ae6bd0cf90a7798d25dce31e6,Pseudoplectania,litter_saprotroph
f6d2e97496ed4ef3e2fa16ca7c175423,NA,NA
bbaa61e69df5a9cf18f292bdeae26267,NA,NA
cb8cb8afbc3e14c15552490cb0136fcc,NA,NA
c3069a4e0a13d8780acf9f62c268d9fd,NA,NA
39b991476caa57591a8b0f1e61f46104,NA,NA
aa603f4d79757011870b5255a6037138,Odontia,litter_saprotroph
1dccb9f24cc135724d1a4017d04e974e,NA,NA
8064d4015c3994c70bc4da703a246e33,Parasarocladium,NA
4f8940b39e8e1951699ac87fd2509911,NA,NA
7c3fba451fc7e8c915e7cc159dc0241a,Clitopilus,litter_saprotroph
7ebb1454c8775bd02765b0320589af1b,NA,NA
ac6cced3086900488dfee32c5ad28fc1,unidentified,NA
6a000831d8dd1cc5242cb028366e256e,NA,NA
2486067680b049202209187ea09f8b71,Mycena,litter_saprotroph
4706aef63ec28b602a466b763b9bfc58,NA,NA
7b358ae55f386a00b3ce2cbd6f68aef0,Microdochium,plant_pathogen
0e1ed4342fea1faf13141dc4c44a8fee,Trichoderma,mycoparasite
73248f94d1fb184c56b39c28f3358366,NA,NA
c591d6b7826464c99ea6229bf28b995f,NA,NA
2364d9cd7e0ecbcc978c283f7737534e,NA,NA
b94b264188419087a2ac67a5f12c2562,Rachicladosporium,NA
6bbc1c97cdb84d8739d61f7fce037377,Coprinellus,soil_saprotroph
3dc7cc02d3212fbaa0b3a4985d80a97b,Periconia,plant_pathogen
b3518e2995785fe8915649ef1d32661c,Mollisia,plant_pathogen
cd009bba74bafd3b96cd8fa731c6a752,unidentified,NA
758fa576f0931ed458830893098fef1f,unidentified,NA
eff71869aa4280c5942886355a7c0afa,unidentified,NA
621eae372f9000950bb9edc402983f3c,NA,NA
9198e26985464074d40283b49a82dcfa,Scytalidium,NA
7ac35d552e0bf3fe948f6db159a4eff2,NA,NA
fecc13ef51729737399f1303341e230e,unidentified,NA
fae267c5223908e8bba8b6ea38910414,NA,NA
012cf3d865732ad9cd8e77062991fb39,NA,NA
c81be5fc8535f34391087447a670b8f2,NA,NA
cf70bbf962440cf55381cba48a77a243,NA,NA
193acb812c7b2fcb87fd58b6fc9b58a6,Lycoperdon,litter_saprotroph
a47650d6c3d7154ff1d0d07d30357665,Inocybe,ectomycorrhizal
df8433cbd1eeda4477bf921547b44ce1,NA,NA
1ab65a19dbe43d1f34b65b1916cee218,Pseudocamaropycnis,NA
110fc4313c6d3143ee614a1cc779e467,unidentified,NA
65da4e5e655acbefc10e625347b26808,unidentified,NA
d709a0ec490ca8d2474231231dec99dd,NA,NA
29d68f3acdfbbc43c3113a90fc782949,unidentified,NA
660fb05a3928922631c3c5fbf642652a,NA,NA
84be0e519608084f3a004ac3d1716b7c,Clitopilus,litter_saprotroph
754aa8c76b8d46e46e4601ea135b588c,NA,NA
01efd976b70a76eb6845869c3bc88390,NA,NA
209ebcfa5615f54ebfb0200a02b4d1c5,Myrmecridium,soil_saprotroph
010bc1edadd112cf1d431d798e317ee3,NA,NA
a7bf3e11e8d6dc942d52c905eeb86353,NA,NA
599c68401655465fe66d416a8c0a1e82,Paraconiothyrium,wood_saprotroph
0d1d3e5cd3d1dd717d5eff0ce6226e8b,NA,NA
d506d5723f3afc34920025e60cf9640b,Diaporthe,plant_pathogen
298d9bbe137ddca609332d99ebbd9401,NA,NA
bc3673ff67f7360a7f76398e0f6b2cfb,Rhizopogon,ectomycorrhizal
aabb0c38bcb6b613def160293a3644e7,unidentified,NA
90d8eba02502def52c07ca4441c4b15f,Parasola,soil_saprotroph
1446b57167111d9fca701268f0265f4b,NA,NA
4e789890ad36f195c87d30947507b9e8,Leohumicola,NA
626eeaab0e2c7ffffce674fa07f53db4,Geastrum,litter_saprotroph
d5d5e6627ef6d8765d034e7479b6a5e3,Aureobasidium,NA
3684e642ec64a2b86d3343e08f3bf08f,NA,NA
087e82729e7f2cee4c2273a63b1af93b,Diaporthe,plant_pathogen
9932c7a3d0fb4c5c89205f6530be2eb3,Coniochaeta,unspecified_saprotroph
2f56a1a3ae0541d1bea747bcf45b05ee,NA,NA
f3abf08ddb5faec172ad1cc5da3be2e5,NA,NA
3776a85fd79cc167cd01f05033694258,Infundichalara,NA
4b1e037d2fb98c7eb38d390ab1048207,unidentified,NA
23d78191b375af5d3d8ee444ca78ddf6,NA,NA
61b41d5db8031400a5d259a8e77899cb,Bifiguratus,soil_saprotroph
659b64c7978c4c56b485d4f908210191,unidentified,NA
723575a1a78618c1247ec560e6477f9d,Athelia,lichen_parasite
94a0bd7c5dec0cc8606173f37fbaec2f,NA,NA
7f9d25240c26a1456789b79b7355f46f,unidentified,NA
dcf46dea158591722b21e56a951cd790,NA,NA
10a47a966860a3e17a778b04a3c5f0f1,Xenopenidiella,NA
bf95790d7794db954cfead7f4a471c58,Ilyonectria,plant_pathogen
492418d0da1a738d5517c47836d9e8d3,unidentified,NA
a2899564bd5ab190822d4532633022d0,Entoloma,soil_saprotroph
ec5ef3f683721d5eb412160654eccb4b,Bulleromyces,unspecified_saprotroph
d20a1e2c4ed4a1cd2a7b308060f64f81,Clavulinopsis,soil_saprotroph
1b95a35c7e7634d3ca17dd72ea7bf975,unidentified,NA
3021aa2d91473eb928dc409698e3877e,NA,NA
24cfa874ad52485e2c8f9e8e82a01145,Pezoloma,root_endophyte
18aa89d813c191307252922f644bc6de,NA,NA
c6649d08f713853486e29761184c76e7,Lindtneria,wood_saprotroph
c6fa4c8a0f3852efff56d671cab46e4c,Ganoderma,plant_pathogen
70b5aa76b5de9a1dcf5432972684fdbe,unidentified,NA
824e5fe655c40695569872cc2c396768,NA,NA
b008851321af05af7bea38e66eaf3080,unidentified,NA
2f728644ee8928d9f33fd29844f9813c,Mycena,litter_saprotroph
1a2433559b8bcfa8dce11954d68916a9,NA,NA
cc1ddd865c6971401f7869ad1c47ef3d,unidentified,NA
a491500dff95b36604d6525f5b096849,NA,NA
6849aafd16a91f95b689496b8552b2b4,NA,NA
90049ab2fb19d50cdb6063352e7c41c5,Biatriospora,NA
66ad77d0461024dc323bf8ecedf98af7,NA,NA
786f4f27bb07f3936c0ea04494a6745c,unidentified,NA
a5d88efdcfd991df144b9712cda9ad94,Clavaria,soil_saprotroph
85f839ab62a8583ea6630f9617cffc67,NA,NA
1f3def7af657b9b7738a6bb16f77b528,unidentified,NA
17500b193a001200a7f5015c4b6aabb6,NA,NA
a59a921a2814b9bc9e604f5c4488497c,Pulveroboletus,ectomycorrhizal
6bc0ce38a911c4e54e8162feade3ca51,unidentified,NA
53b152a7384d3666def7d6904648f057,Tricholoma,ectomycorrhizal
99ce77efc29d03bcc63ee028c18d4356,Boothiomyces,pollen_saprotroph
2bf162752fc21f43998b76908f038334,Amanita,ectomycorrhizal
ef55f4f16b49475efba006dc60894634,unidentified,NA
2d4ee0e73add80e79d2210e8271f3be8,NA,NA
707a5d1b09307d98d2a3ed7905f8a1c2,Tetracladium,NA
ef2fe6a2fd11ac4de1e68b2a6c86ead2,Atractiella,unspecified_saprotroph
4584fd083b9d2b45bb7767741e5285d1,Calocera,wood_saprotroph
f76570c8928615223b355e837b78f78b,NA,NA
90622dfd274266b6efe34b023bd91563,Pachyphlodes,ectomycorrhizal
d21b635977ba3d0359a78506dc0cc313,Leohumicola,NA
a65f7dfe7e0b7dc06a5f79aa0662f81e,Paramycosphaerella,NA
962b414f4588b383904bd1ac7110f9d9,Unguicularia,litter_saprotroph
f22fb6423f204f240907377822d7287b,unidentified,NA
69d5727b2f4faae86150cc5a1ed15462,Geastrum,litter_saprotroph
d14938e4511825a32dff0feaaf05af63,Preussia,dung_saprotroph
dd2ddec488c06aa0869b88457487a6cd,Absidia,soil_saprotroph
c9b5f23fbd3ab9766f50408f12496e58,Spizellomyces,pollen_saprotroph
37a3f77b5cc2891847ee105e6e6b7a2b,unidentified,NA
55f2a631d1529dd9f02d4f2bbd33d19a,NA,NA
a47ac8a4d4d7cea94ddba15cfc1d6f54,NA,NA
b411e3422a589571a21a40571dba1d6a,Myriangium,NA
02d53a90c25a1ee8744f6c919ab06617,Cortinarius,ectomycorrhizal
38e112da670319bfbb2946be872b3f86,unidentified,NA
c5e1dd5dad4152cf4f099a4bd4e7556b,NA,NA
301404b8c752ed07568cc0b12140d6e6,Colletotrichum,plant_pathogen
6603609fd0afd14217c90faf7614b287,NA,NA
d0c85719adf599ec8d9af50ddcbe0621,Mutinus,soil_saprotroph
cead24b51a53947954d77366e942b2cb,NA,NA
c7808f89c02605ad2e9ae61a397590b2,Mycena,litter_saprotroph
033ff8ce626caa85243d4f433cd7f6fd,Russula,ectomycorrhizal
942211f67f2a65544f5c2a3ccdd1e833,NA,NA
204a92aea08db3132bedb294c3f9f018,NA,NA
03ea5dd1d576f56e3bf5ce42ce4d3035,NA,NA
939704c5fd9deff280ddff203c65f227,NA,NA
d2fd0db76b45f98e9c3b8bcc710eedef,unidentified,NA
3e4e0b98441dcce038b54b5d6cea1071,Conlarium,wood_saprotroph
b3ec7c87b9bf71a9ed1cabeb2a932dd2,NA,NA
da4afa0982c14c31c77bb4050a480865,Papiliotrema,mycoparasite
a74d88d516378acebae600555bc0d1ae,NA,NA
775fdafa351e9bbf3f3c4b1cd12c3790,NA,NA
65bf9a87d22958e461ad31dcefdfcaca,NA,NA
da269b0e0759afac4438b7bda2340246,Rasamsonia,soil_saprotroph
f02fe8888eb36b2d02103c97a42e6b59,NA,NA
35f492e275c7421f0ddf3610702a15e1,NA,NA
46c2fb07f5c03cd232082e46a37a3506,NA,NA
b98ca60be8e5c57409ee0f48b1b4be43,Sarea,unspecified_saprotroph
09eefcc805f0e814c282e9cfbe85409e,NA,NA
e7081f9a7fc6c9ae90130648ac538a84,NA,NA
a5187cdd93be9c418867f946b2c8c8de,Mycena,litter_saprotroph
f7f3b5d74469ef9dae2767b02307ccd6,unidentified,NA
cf52863bcc68c6da11164a460c1f06c9,unidentified,NA
eb6dc3d6229a7b1f5fec8a234a326030,unidentified,NA
992cc87e1b9f76c828d91be5e490fc8a,unidentified,NA
2381a478a1e14d6e8b0569fbc13aea8b,NA,NA
2811ea671d9961a09669fcd9baefe2a2,NA,NA
f4b9f21bc679e02cae60a1c92f90e534,unidentified,NA
428ec72ec03307ee23b6c5c0b8940d71,Lophiostoma,NA
9e4f232f40febd10a03620dfb8df15cc,NA,NA
b3af0c17e4922aac6c74f1f421715a13,unidentified,NA
8d4dd17e4a40d930c4d6f5c2cb4c74d6,Geastrum,litter_saprotroph
40524e7e95cba728138e853e070b0a99,Amphinema,ectomycorrhizal
a5768658ce53ba932b36d141ffdfe2d2,Coprinellus,soil_saprotroph
594bcf657e42e580d9ac6c8bab1b8ea7,Thanatephorus,plant_pathogen
5210648d7cf84e0b3a84fa010723f5af,NA,NA
a3b8350e7967b60fec1a2a1588f01e93,NA,NA
2b5081e0540d3df52f3673fbd78483f9,Acremonium,unspecified_saprotroph
3a57a1163f6ac5bdb90abff179defa43,unidentified,NA
fc64da9ad3cf633af6612e3392761aaa,Coprinopsis,soil_saprotroph
b1eb6fa5ef54557dd4e1ad9796d09e11,unidentified,NA
4950e6808129d43bb123cd9b6ad9c48e,unidentified,NA
d0a8074b4d7d5d4c91f9289f2dbe0b84,NA,NA
6a0da7b96e2c97448baaa969e607f752,NA,NA
6c03b47dde45e70a0b87924c5a929125,unidentified,NA
66ba7449f37399e186dc37af0d0750b9,Phaeotremella,mycoparasite
22d9ec7a253bd970cf065483b934c7fe,unidentified,NA
1af6ee49cc2cb804af64abc60e97ddbf,unidentified,NA
6d1d74a2824b8708e03759cc4eee324e,Atrocalyx,NA
83ff2f061a17fd3645f410008302e072,Nigrospora,litter_saprotroph
24a107bb5a0410e77d189818adfd1353,unidentified,NA
b6327d0a68763101319e8416a3e07ceb,unidentified,NA
54094331e8cd8300437a3c7bad180a08,unidentified,NA
baebbb5eba8471ba1f1b8742bce8361a,Russula,ectomycorrhizal
21434ab67fb0f99d149aaadcedbb9efd,unidentified,NA
59c6a17700a8726b22fef483ea5b3cb0,Fusarium,plant_pathogen
5da205cbe49479e40000eed187ce9fbe,unidentified,NA
ed3e1cb3b25a707c696fbea7a2e7041c,Geoglossum,NA
b58ac7c925f43efb8ab153212eab332e,Cryptodiscus,lichen_parasite
c9ab7caca747cfa3df7fc2df74331cea,unidentified,NA
3ca7740cdcb89729470448a439f3c655,Trichoderma,mycoparasite
9a6064a1fc178d983079a173cb622671,unidentified,NA
ee99e0c7c11262a4e2d9eacc50809201,NA,NA
d43f4b667c3fe7c2e95070f0dca9f874,Thanatephorus,plant_pathogen
88d7a6be63e9590af03ce0c536161738,unidentified,NA
3489a78ef02beb6d7ef66b4e8c5bf8dd,unidentified,NA
325577704ce738ccf5ae17221e0a1e2c,Clonostachys,wood_saprotroph
8816a38aef74916314d7b5910b670ccd,NA,NA
d16fe85a55ed92ae5ce502ebce35ab71,unidentified,NA
48e40a1bede3134a7ad5a7a34d51a49d,NA,NA
36616674782de5414b1ae19a7535a663,unidentified,NA
b702b8dd7e5edaccd40cc4b33e816319,unidentified,NA
1777ed3d2e280a34acd2498a2c859d92,unidentified,NA
7c56c624f667807f94821d89b1768f38,Lachnum,litter_saprotroph
c10a62127946f954941174163d736eec,unidentified,NA
fca9332e8bfa5e37aefac3966f53befa,NA,NA
9419f1ed4ef74df1e0d1416bef093ec4,unidentified,NA
a79c755753c69c31685c623586b36de4,Articulospora,litter_saprotroph
09c3c95f40900b9b6da6c5d78660ee4b,unidentified,NA
06b0997015ef4d7d3c568a1a5cf0aeec,NA,NA
4b28dc39de6294beb3cb0bed585b63be,Mollisia,plant_pathogen
e23c27bbc5a78ec110c155d39d79267b,Russula,ectomycorrhizal
c4f4e2f0c5235fff558194bc270e91ee,NA,NA
213339b0da28c25f74f0d4dfe7859c52,NA,NA
445b7245fb900e1f77c8ca3e8af3ff02,NA,NA
1cc5a969b08c4c8f571e4d64f97b9102,Inocybe,ectomycorrhizal
bbe35acfea113d5b93fddaf80b4eaee2,Coniochaeta,unspecified_saprotroph
577eff7ceefe823e12a38bfd1644d8b2,NA,NA
f43e1aff5481fcdb85b5f92d761e697d,NA,NA
08e97936bea2c895b7d45de3a89939b1,unidentified,NA
f17d351a657299b422d12446474d0130,NA,NA
f71cfef413c03307ed92fe5187c8e0a0,unidentified,NA
2f94828c77941c424337c97914ae271f,Clavaria,soil_saprotroph
12d13106f576835eb8792ae42e74e04a,unidentified,NA
dad160a0e276624f8ea9c54916ea86b6,Papiliotrema,mycoparasite
e1b479a83d751f60495f553e182dcc56,Leucogyrophana,wood_saprotroph
91f297042c5894b93101dbff9eb2f387,unidentified,NA
4768af2ee3fb9608c6436090c3d797cd,unidentified,NA
aa7acc8aab1161ecba452011714c1754,NA,NA
dad7cb519d742099fdf197f57e5134aa,unidentified,NA
558e56b8198da0e50ce3a6074ec3d0cc,unidentified,NA
1d8f4ca175aea362b810f8a93531da3b,unidentified,NA
3334af3eade5e0f92616a3de7a8149bf,Neopestalotiopsis,plant_pathogen
e60b80d07d08ca1b93cbd8e06eebabc8,NA,NA
51a8e526136b051ef16835a43f442353,Amphinema,ectomycorrhizal
40fd7a5acab230c21288fc8029e17af0,NA,NA
f9a5b6c81749dbea89e3b3071ccf9845,unidentified,NA
23125497c544116bd36b8492fb359331,Fellomyces,unspecified_saprotroph
32cb9971bb2f3efd1d7ae9e25406e13c,NA,NA
0be60efb7f7d151959765c44decddeef,Tricholoma,ectomycorrhizal
492a9cb3ebc038515dcf2e1821523088,Odontia,litter_saprotroph
b827096297f9a0b4423d0dfab2f8bdb6,unidentified,NA
e6e15f7a43d071f22447df3715be804c,NA,NA
b7b7af66da9db62868bb0616725d30e9,Lycoperdon,litter_saprotroph
901bb099930b91faea2ff36e993ec64e,NA,NA
3ce26a2e016f1662590188cf7a2afdd5,Paramycosphaerella,NA
5a7c598b21e76d2e7f740355b56727d5,Rhizophagus,arbuscular_mycorrhizal
f971d135fecf61a630bf2345d81bfbb2,unidentified,NA
faa4ee11deb6b1da0f47d9d135ce6d5b,Coniella,plant_pathogen
7a524930d89d48b99deaf4949f1bbffa,Lecanicillium,animal_parasite
97eed266b370b7ea860957dfa7cf0569,unidentified,NA
f72e668101839bd06b50d48390308760,Cortinarius,ectomycorrhizal
1e10aa9831f7bbb6e67814e8d060912e,Cinereomyces,wood_saprotroph
445c7ae4c05b4f954495fd025a298932,Striaticonidium,soil_saprotroph
c0b75714cbc05f5aeccfba6098a052c9,Russula,ectomycorrhizal
40d784bc809cbc1bff19be0e1125ba4e,unidentified,NA
6b1cc01c5c232d1f3e2ef14226c63330,unidentified,NA
385fd7484965cf574c092af2579e1781,Bulleribasidium,unspecified_saprotroph
2681d1afb9663d43ac800774d4118419,NA,NA
dd70089e9290c5dbf5fea1f2729ce14d,NA,NA
6f17b679e39a8a09d75a0b8d35212955,NA,NA
e7bbda220d1996f3d8d632c3d11ca7a7,NA,NA
7d7e0f7d8e2c207d254edab18e62f7d1,NA,NA
4b1be1471f2b7d3d6f75becfdb87d77e,Thelebolus,dung_saprotroph
46b9aaaf5cd445cbb02c40cc1cfdef04,Myrmecridium,soil_saprotroph
bc8f6ed9c90dc3693028d7a087966f7b,unidentified,NA
468e1678d4ad076eeb1d9af7f6fa5ddd,Paramycosphaerella,NA
a1a00a04588e2097c6ef788967c1ae70,Hannaella,animal_parasite
f39ed8b31f684164e539f5d1b88c5648,NA,NA
b3236ecee92614bab104359724c3cdf0,NA,NA
a996b6c0296b2f39000460cc82cb062b,NA,NA
e2cd84471161f20e3b226c7f7c9a6a02,NA,NA
5467d6af98f64a2b15ec1576be5b5ab4,NA,NA
68dac9d9dc8bfc0665953d4edcd34e82,NA,NA
6a2a95a89ff53880035ca8c7464099f4,NA,NA
0a6d57875c73ca98c02577c0f8f05c84,unidentified,NA
3465715936475cddc586575a1446ee0f,NA,NA
044c06784f171355ba378e5205182966,Pseudotomentella,ectomycorrhizal
70f43fba556b10eac674b16be24f30c6,unidentified,NA
75759ee0519329eaaee3d6f061770eb4,NA,NA
fd1f7d9b0e12d9fb0282b9b6974f8076,unidentified,NA
3b3e2abce7a51ae759c00680fe08d372,NA,NA
66f232517f66cdcc9c2d7a3856f8d9bf,Russula,ectomycorrhizal
73c949b4ea857c8efc587645e4e66c7b,Pyrenophora,plant_pathogen
f4b46a04d3ff8f3f97b79a5be1ec8672,Tomentella,ectomycorrhizal
1c0c203921c6a2a3dab84cbc58505b56,NA,NA
aa3168468cba246b522a6995c7e66762,unidentified,NA
e8ed214a7f4f2d894bbf73785173bbeb,Schizothecium,dung_saprotroph
e44ed2cdf1df1085b609a3f1e70d9ad6,Scolecobasidium,animal_parasite
67a64d1cf6f7d53106aad08acabad125,NA,NA
aa2b5b9a6bffd38ea17098439cfae741,NA,NA
6f2e32a04c8021788f8ed3dc2983622d,Russula,ectomycorrhizal
7efc9af64e048733230e8e3087f599f3,unidentified,NA
4341e3d30a31139f2a83a9325fb30478,unidentified,NA
097eb2643ce19fd58c5d3be59686614a,unidentified,NA
ac12d92dd57c78ee128e5eefa1b738f2,unidentified,NA
eefa58a7d87f748f1d1d4964140afe5e,Cercospora,NA
e1ba698e0a09704c8044645d8e154584,NA,NA
b10aebd9d5ca212db07f0f268308d18f,NA,NA
16addaab19230c38cbabee471a51a937,Mariannaea,wood_saprotroph
0fac57498ac09ff14a0252cb4d34ead4,Fibroporia,wood_saprotroph
0b65990f8d55ed304fa4f7f7318e11ff,unidentified,NA
5114d60f6a7d0d8085290a7a58a32fd8,NA,NA
9e1fdac5aabb3f94683cf0adcaaf3410,Cladosporium,NA
3bce21dd4b8a18101291f94ae1c6ab36,NA,NA
e52771705525fe99348f965e304e5757,Cortinarius,ectomycorrhizal
cb0b54b43c2066207e0b982271d4ecaa,NA,NA
01537df5a7b16e37e9fbb898d1407d76,NA,NA
3b2d9d7e866af1a6677b353235e564f4,NA,NA
d97bab8b3887919f431114a0862c119a,Neosulcatispora,NA
a0e433494cfa4ef368961bbcc65738d2,Biappendiculispora,NA
68df99ac442220416029d9b1338d1fcd,unidentified,NA
05fbf07381eb3fabf8c848ab24dd67c5,unidentified,NA
f66b51a0d488325c84ee30fdff00872a,Sphaerobolus,wood_saprotroph
fd86f84e28bdf8dc33217d0f756c0565,Pseudochaetosphaeronema,NA
5cb06c7597d37781a3e544c3ed745159,unidentified,NA
bf82be253fa3683ee26576189ab5dd38,NA,NA
a4d92dfdcd3004236cb747aa28930f39,NA,NA
89e6f0ab1fa2a79da9bfff7cc66e5b4f,NA,NA
05f8b9034c7ec3ba5176edc413be9b8c,Favolaschia,wood_saprotroph
349776938c423b1597fa47e06e053ee2,NA,NA
bb54d2442018be8693e474a7d15c8d78,NA,NA
8d6f05f519044f1dc1865da63064555c,unidentified,NA
7d6b99fa3fb180cb9c1c356f68e292b2,Paraconiothyrium,NA
71662e6bcd9221bc79bbed8eb1fe0884,unidentified,NA
5c24de0bcd4e660a8b617ff60dab1000,NA,NA
b465af834a796f5759baf98c6989b41e,Acidomelania,NA
db030bceb3b83e91ce885c65468e671b,NA,NA
76f5dd10c75a5f4100cb77fa6234597c,NA,NA
fa4719d32d336eaaca19ff6f5f7698fd,NA,NA
124140cd34927357a932ba110314740a,Crocicreas,NA
b0c1e298552793ca625db9220a984f8c,NA,NA
7ac5501038cb443139261626842f22a0,Umbelopsis,soil_saprotroph
867d79cbe18a2915b6ef97a8f507684c,NA,NA
474e4355698c0e976ef725a6af7be168,Thanatephorus,plant_pathogen
06e2383f65318242874d9c8bc3428882,unidentified,NA
0a3dcbd6b0053cc9b3dbc2e2f35f228e,Microdochium,plant_pathogen
301a21f81bb4c5bc3e5ad8ed737391e2,NA,NA
cda4e7af50104d867402a99567eec567,NA,NA
b70ceee41b3928ecd0d9834c74c6a299,unidentified,NA
cc02754d3ec6c627f2ba9bcc16a9862f,unidentified,NA
23a11df3420c2764c365e952d8231239,unidentified,NA
c8a7e86eafbf24a81dd235e570c7e95c,unidentified,NA
0ba993c7dbfe01607a8b11f2f42552e8,NA,NA
4072561cefa5ba04f3622639b3a1799a,NA,NA
9d681aa86c325313f03d8db080af4035,Basidiodendron,wood_saprotroph
e7eda0f4ecf95e4decc79045b17aa628,unidentified,NA
968df25513204153966bb00f6285b7fd,Xylogone,NA
4f316b8039f08647580ffd765250e4a0,NA,NA
eae230def44020421c581ab3985fa677,Pilidium,plant_pathogen
c9c24ec92c281dcca6f5f02e112991bc,unidentified,NA
e5e2b0f821e2f9e17e6bc880c5665164,Sarea,unspecified_saprotroph
d981e0d86094c86e96abc7c4a8e85545,Venturia,plant_pathogen
8e21eaa2a893a6c30ccc002a6862ec43,unidentified,NA
4d2a0dc205f602c0e6e28d7ef2e4a8f0,NA,NA
8ba3a9a5eddc36a740ffc1f4ea0d9e95,NA,NA
5e3655ac9ee78de15fabb963df381da5,Lactarius,ectomycorrhizal
969c6e42f8673f99a7c16c66970306c6,Mutinus,soil_saprotroph
14147c0d1489c4982c045e849eb4f49f,NA,NA
e32f2a47cecd1c338ef2f5b1f6be1c55,NA,NA
c3db1fed72b1cfed46539665f17135d7,NA,NA
b0b61372f15851a4f30d1469f4e88136,Penicillifer,wood_saprotroph
eaa2a23f19017d8caf5c4b329ed21632,NA,NA
8fd770ab319eb724d422f0a2ab719744,Tricholoma,ectomycorrhizal
cc9d1f4a1a8b8dcb9af30ccedab7cbfb,unidentified,NA
a035ffe47c3c3cb7f5546cca9fd3695a,Trichocladium,unspecified_saprotroph
013be02cfbc2976f94478479f14f9bc5,Clitopilus,litter_saprotroph
e26299877f3487bdd126231853880ce0,unidentified,NA
303752c2f40b4d523e8c0b7ad540814d,Sphaerosporella,ectomycorrhizal
5f4df5f115959fb998b24a91d2ec0391,NA,NA
d8235973d301651b8895ac2063057b77,Exserohilum,NA
71933191e23ddf04818786b5928ca1b9,NA,NA
4b466ccc1b3f8c27ba5b1a2c1219335e,NA,NA
a85cc7fb95a0e542cf6fd48afdc9c903,NA,NA
c071e6fa8fbe100441075ac873c6a003,NA,NA
9d45c05716eb163826e3cce0d53becd9,Phaeosphaeria,NA
054d05a2e3e53c823e0f70519fdc14bc,NA,NA
ea8d23d81c3bd73376e2a094bce72527,Fusicladium,plant_pathogen
d8368e8b97a99522a41448c64520b3b8,NA,NA
d28b6b4ae6b53252d5426a58e70e83f4,unidentified,NA
5408a0fe1ed5f1db379080af76da6900,Biatriospora,NA
d3cfff8572dc4ec6bac9948e6f3dbaaf,Unguicularia,litter_saprotroph
31509e85f031f19c9dc790b1176b61d9,Leohumicola,NA
1880477a13437b900ee72e774111969d,unidentified,NA
ec0f84ceb5af0701fce6bccb7cd4525e,Laetisaria,plant_pathogen
7cbea599380305da55c9505ef3702ca0,Basidioascus,soil_saprotroph
87873caad728deafe0bf74f905e8b226,Rhytidhysteron,NA
39e898d4bea431bf2786bb98c0ba3a46,NA,NA
fb6fc35c9b38b7b206c184f8ff0c5dff,Clavaria,soil_saprotroph
f2a721a36309463840c25d517fbad3e2,NA,NA
67f38eb8198f5ed00260bbf3ea9a8cd7,Rasamsonia,soil_saprotroph
1314e35cdcccc1381439feb62cc28f32,Lactarius,ectomycorrhizal
c8746e07e7a7d4ec363cf34c06a23952,NA,NA
77cc158d0a35deec0cbfd7800c001eb9,NA,NA
b749f67b1afb69b3f3eecac460ebbdd9,unidentified,NA
17227204710b967238e4d68fab772559,Thelephora,ectomycorrhizal
bb165ed950e4ecb541c8de0b1aaaa59d,NA,NA
2429371c6ebd6874cb7a5594c67d3a41,unidentified,NA
0000c65d144487f51dbec7af9e692dac,unidentified,NA
b99b9a62c47dc17d48e914635e3ebc42,NA,NA
96c81b70a4b2cf0681e2cecc0fb340cb,NA,NA
7ac065a74a693c1de66c04796a1c707c,NA,NA
05a5a4e764cc41e1498cca5e385b045c,NA,NA
cef4054359f83d7aab6bea2a1304e85a,NA,NA
d2d544e16ea8643698f2ded142f76f0e,NA,NA
21b4d720cad07815542060c6aaa9deb3,NA,NA
8c6973ae37862b46cf694f0d934b144b,Trichoderma,mycoparasite
d41cb50a73b9d6b2efff3020509337e9,Acremonium,unspecified_saprotroph
211ddfa74782cc894b9f0cf9887acab8,NA,NA
465523e162b8a9edc933d41be2222ad2,Acremoniopsis,soil_saprotroph
75b7ba248b9e6c2b6b9c27d11ffab41f,Curvularia,NA
e59a0b189fec6317e42a219cfa98aafb,NA,NA
319b204555519f6437ae2d6ba314632b,Preussia,dung_saprotroph
8ef35c26438af4288c44bf56939920ea,NA,NA
727905323a3b0d460ffe29e5bfc73195,unidentified,NA
1651f6a3a8761a33cc1e048c51bda710,Fusarium,plant_pathogen
6ffce5956999c15bff86dda1e6857888,unidentified,NA
94c6c207a95e5fce51de4a0e5fbf01cd,Acrocalymma,NA
4042c7de3ce211071b5a1b03db72e688,NA,NA
be0b49d781d77b9d5c5e048f71b85b66,unidentified,NA
466c7a64939862fafcfea524a239bc83,NA,NA
5c88746dc9bec8aa383b83438bc7eb37,Psathyrella,wood_saprotroph
1d9daaabb09c6b18167a8d87af94b3a8,NA,NA
4ba8fc899b3ba277a5131ae012e62902,unidentified,NA
d5c9d2ef4b9b05ab3b53bbe57d53c35f,Talaromyces,unspecified_saprotroph
61a467e1d4e0aaf3e6211bfac729a314,unidentified,NA
fb0d1bd0440e3a307b1dd2d8c25d1c2b,Halorosellinia,wood_saprotroph
43e189b444f3372b4b4ba5b826389ca0,NA,NA
2207ecd4c055477a6f51d5edb73efd88,NA,NA
a69ccd6514e7640f262fdc3e90e9433d,Botryobasidium,wood_saprotroph
bae935b1c7915a4105071b17cbad2bc6,NA,NA
3bddcaa2835ffa764a2473746dc27cde,Plectania,litter_saprotroph
405ee053ced88d7f9b0492d5cee8cf86,Zasmidium,NA
9f03b99712a1d36f7dc9c0a3775d4831,Neoascochyta,NA
2c2ef78846affaa16e327be95e488b20,Myriangium,NA
00317ade8abdb29d8455e56a31885ae4,Mollisia,plant_pathogen
9f082e6c55ec2bd87816df2755dc1d21,Bourdotigloea,unspecified_saprotroph
f8e7f0fc47168904b476420ed7f132d5,NA,NA
35b09ca815acab71b3a31578e2954d84,NA,NA
940bd99c094eb5bd3dd2988a2f0b101e,NA,NA
a739b0ba06d3f5d63d151c95cd67aaf1,unidentified,NA
7654d978fbe552e28c77376c425167be,Pholiota,wood_saprotroph
d9dc5aa3e61ae28d4399b56d18492dd9,unidentified,NA
98a54757a945313fcdfdc0b06009d561,NA,NA
67e6ca2dfe991988d9f604c7a2c43778,NA,NA
edc1e1a310c97013e28ebb84f28bb447,unidentified,NA
32a5b4a369789e609304f37f85d7eba7,Lachnellula,NA
338049be7ad2640e89942c276e5ef5ca,NA,NA
b1759d0711b5a634b6a9b5f523512dfb,unidentified,NA
1fffb8b267684d2aff0f63d8118e2dc1,NA,NA
b72091eb8f788e2c75ad5170aae55f0e,NA,NA
a43e8788b996a3f2a799163d5eb4db92,NA,NA
3e35df0eefc723eba47d7038724bad10,Paratrimmatostroma,NA
e641a55f71513493593b6d3bf406fe61,NA,NA
08fe50e748707e2a51ae796d8e193ad5,Mortierella,soil_saprotroph
f82a7f8f9369eae356b166260c5beddc,NA,NA
052374c8e391a886b5e2ac512de9e25b,NA,NA
ffc2be8a25ece5f56bbbf8098935884f,NA,NA
a9e3629523d9845e0232b87e9a176a5c,Russula,ectomycorrhizal
9cc02c6199f0456a5f21d5405b577f57,Clavaria,soil_saprotroph
e32a1a5b795961d12e56f0034564137b,Flagelloscypha,litter_saprotroph
0f0f1964c3e32f396a20befde5bd22c0,Keissleriella,NA
6e94c9dbd354747199fb97c207aae075,unidentified,NA
289ebdfd19adcc230d5e3fd01d1622e8,NA,NA
099af0bace36539923b7c055b4740eb4,Cladorrhinum,unspecified_saprotroph
83a4aabcf15b0dd5ed7b954da04ee9d5,Amanita,ectomycorrhizal
5968d98ff1cd7f88d635b85018e97501,NA,NA
ad8206dafcde649995dea632e16e0cb7,unidentified,NA
0e2d9e7abfac9cb141d238dd3955dd3a,Thanatephorus,plant_pathogen
78fa6f04f38921290c1d37f49a992f59,NA,NA
b4116fa7101ff7af68c9f5be5bbbbfdc,Scytalidium,NA
3a3f21357ab559f0423218ed42b02d8a,Oidiodendron,NA
f929a1c89fa2dd8243f0a994c867cb7d,Cytospora,plant_pathogen
844c41ed0eb69ae81997fa5e88d32556,Ascocorticium,wood_saprotroph
e46fe0a1870d051b0002636f9e9c8e8a,Archaeorhizomyces,NA
01a800622b2076155ce7a28e0572fbe0,NA,NA
6c14acfdaa8478b025a9dda020097e4b,NA,NA
c85a65d49c940430c005d1d7c731c9de,NA,NA
ce6c1e1f447b0c17ff70ae697dca0f42,NA,NA
e290c256cca39fcb10cdfb91643ea519,NA,NA
c1c1cc278479e636749befae5a00243d,Asterostroma,wood_saprotroph
cd34417138fb070bd3ace6a72568f66f,Mollisia,plant_pathogen
7ea9852a1251aaab6743244a59486a6f,Russula,ectomycorrhizal
27bce65ca6eff65597370c258c683b9b,NA,NA
e8fa65063344d88f48f5522f01c0cd4b,NA,NA
a7ea53b955779756ac2d63ab5e23b470,NA,NA
5009ff75f8f6e061f1f933a859f95ea5,NA,NA
c2948ecf6b3d7bd78418e422f88208ac,unidentified,NA
f1d96ca559934c4cfedf56bf24286670,NA,NA
3b9cf496a1155ffb531dae4833819317,unidentified,NA
a861794ffe447f45cbeaabe92d6a5932,Coniophora,wood_saprotroph
9d67f8a445786711648aa61522944258,NA,NA
4e07441295b8221f4e52c21f376bd815,unidentified,NA
2b206eb6d5d77e60a2cec64093bb3632,Helicosporium,wood_saprotroph
e8e4b5acf28dd91f7c803e9d66bd4f8a,unidentified,NA
ebc437546bdb391b539379d285569c40,Umbelopsis,soil_saprotroph
f8dd47c704a6d61112681372763848cb,NA,NA
8f0d23553c40c9a92253176dfe366f1e,NA,NA
5a904ac6f6d924905ae014e27883885f,NA,NA
64d330a8ca8dc80d3b626b0891bfaec8,Parateratosphaeria,NA
e1d22366ee4470c917d2db2d589af9e5,Albotricha,litter_saprotroph
121ea333c734570fe99900825f28bf02,NA,NA
04bbcca0b845a48ec433f46b46e6936f,NA,NA
fdd69dc0a6abe2e5443062a29bf1a2f3,Russula,ectomycorrhizal
74e85b24d9c02ab1093474989cc194da,Metarhizium,animal_parasite
e0105d113f462b2a92e606c4c20c5eb1,Mycena,litter_saprotroph
8e7d131fe281f47b96e134a4fb2f4892,NA,NA
399cf2ca977cdd71262e8d8775280c9f,NA,NA
50810d429c2b5f8fc6937fef92b993aa,Archaeorhizomyces,NA
6c6755a3119083a1462c33c4af079df3,NA,NA
7b0a20e54f0578a452f6cc83c75fa346,unidentified,NA
cab700f47b1b075aa65cb6910a3ab64a,NA,NA
2e5944d2107eb2915a0b7b3ff97fc8e5,Gjaerumia,plant_pathogen
4e535e67db7cd605461da38626cc79a4,unidentified,NA
82fd846a55ba4ef7faa32e06d2882f45,unidentified,NA
215e6223259d6821d528467aa14681b7,NA,NA
fe625e69e999b8a07bc23620e34b1bdf,unidentified,NA
d5c51948b0462e30e2506a8d65407932,Symbiotaphrina,animal_endosymbiont
b6eead52c6804b3abee1a150b4439b95,Cystobasidiopsis,unspecified_saprotroph
39ce4642b3fb5077941634d363224fbb,NA,NA
d9e1f7175528da01c637bab6275f29d0,NA,NA
36a6312f92c19d57b08e6a16f4c095a4,Mortierella,soil_saprotroph
094362b16547ede03db2b7fd858a9e33,Acidothrix,soil_saprotroph
62aac67458b064efa0bb597417d29b10,NA,NA
5768faf3ab599581ff7ebb07d3eec808,NA,NA
1edf1237456f6aef9facea595671a17e,NA,NA
353dbcecb88f3aa098cb8579f5fe3a30,Leohumicola,NA
43e1ad91efa59fb25e2ba589a7754178,Mycena,litter_saprotroph
fbe907f74aac0e4329b08681ecf29474,NA,NA
d9694d7a07a19ddd645f96aff1a16415,Septoriella,NA
f75f60f9bee0ede458181a8cd0bdf9e5,NA,NA
4b94223c07e8320223db339d0fdd89c4,Tricholoma,ectomycorrhizal
a67a7e6fa6a8f78bdcf0e5418307bcb2,Thelephora,ectomycorrhizal
9c12f4d7cde76cd3f635c2651274911b,Erythrobasidium,mycoparasite
eec8a261b2abc4f415b651be5d13a49e,Phellodon,ectomycorrhizal
58c022778fda7facdf4bb7a169bca91f,NA,NA
1a8cad1a7fd16533ac449553ed4e4f22,Cinereomyces,wood_saprotroph
39b7a5862e14f020a8d20439ecffb817,unidentified,NA
83a7eb87afcb5357fa192356cd7436f2,NA,NA
7f436073350cd8ba6bae2eaf7b9aecfb,NA,NA
dee25de1f9fa3217fb182e58b2e7b900,Podospora,dung_saprotroph
fb7f3b53f503cff924916121542a3171,NA,NA
7bcc19bc9a70d82bcd781a74de172379,NA,NA
69f1bc8adc1611fd16459d0f185267ed,unidentified,NA
8f90b75f63c5beb3753dc99f3d4dd232,unidentified,NA
0dfb7632249f09054b5b00ec4b019018,NA,NA
b216680da894663910f2b583bc77834f,NA,NA
8c9132f59fcb894c996ae590a1e34a5b,Protubera,soil_saprotroph
c6903f804d58e46f9d0943512ba65f90,Serendipita,root_endophyte
2bef4ab93f84f9025f89eb0bf373e52b,Neosetophoma,NA
b1e530a786d250a36460b045a65468e1,Atrocalyx,NA
049545a95d9936698f857e415b9dcae2,NA,NA
38a5cbc6f9916fa17a293d82be41098f,NA,NA
b057d0d5c78a7d1aee44f917a2cf9e1b,NA,NA
d8a09c59339bc423b925e6a1d0c0f01d,Coniothyrium,NA
fd560b0bf2de304542738e72c940607a,Kockovaella,epiphyte
ea0f6d21436a96191fad1ae1794cb356,NA,NA
e449582bdda3857fd4ca873276f1456b,Striaticonidium,soil_saprotroph
78075175f9ba8bcddb2ea47948c152f3,unidentified,NA
e63aaf8125e98c2ecdc3a04e6f9cc75e,NA,NA
c9fba30dad2ad9b8089c8bcce118e57c,Nigrospora,litter_saprotroph
18e3bdcb6ace9ca89d142259d0456453,Amanita,ectomycorrhizal
4c13a215ff47188dcb3097d5f52b2bbb,NA,NA
b4c8ba17304c866f73878c1edc2f1535,unidentified,NA
481074b9eafa458bcc2ede3bb5a42c68,NA,NA
1c5d10a174bf0e5fed89843e9a01abce,NA,NA
8dcd08a1279d66b43f87de94b416ca2d,Thelephora,ectomycorrhizal
e191cdb225fb220c4321ddae1cfc94a6,Capturomyces,NA
9ab91ce566c0c6d2a934acc25f9bccac,NA,NA
dfa5ce2a1589bcf466f9f683551dd41f,NA,NA
a4e18c5565b498b9b62b286990c62324,NA,NA
5e704117be13cc7306834ab0fd381d23,Calyptrozyma,NA
f5a7ab45a77a82a6e8c9dccb09b00acd,NA,NA
f1a510527a2709c32000512b11391578,NA,NA
cd65077efe5c0e9e57ffba986705f1a9,unidentified,NA
eee5ec4d527fe4e90d82346db92bd721,NA,NA
3a1be1636b86112bb16ff5ed996e9bdb,NA,NA
6a9af0e179930b05921f823380267720,NA,NA
e0fed6959d5e1daf6860f7fc3568cade,NA,NA
a5c6fe912bd5e232f935bb7778e80599,Anthracobia,soil_saprotroph
5ca3fcbe985535e51a8509fd63d4b886,unidentified,NA
3d048acb070ae5c4906868e8cb6397ad,Dictyosporium,NA
bc270cbe371bed42e8bb4691db3ad24c,Rasamsonia,soil_saprotroph
ba6df1e50b511fa48e31ae56b0a70bdc,Stagonospora,NA
eff43cb298a77302744108ea899f6511,unidentified,NA
83a07ee43f3c95e8e21dab48dac4b62c,Archaeorhizomyces,NA
8274b4b9afc16c8f53904c0274356e36,Amanita,ectomycorrhizal
5f4db819928c78d11c0593e3099bc492,NA,NA
66dcfb29312a451a93e4ae69ee414d7e,NA,NA
4dec3259d4be56fdd5ab52d716b5a53b,NA,NA
cc34927f7471256807491e59a894046c,NA,NA
ba0cfdd11428af81afc81785c694809a,Phaeotremella,mycoparasite
83bcfe3a311596410cf5891ec7d8e8b1,NA,NA
21e0616b602caa81910fdecb4a5cd543,NA,NA
f0c891f3f8aeac1674fcc6930f47a0ec,NA,NA
fd40c9e72df0df96e302ecb7f1f300dd,NA,NA
95213c059811108d9b5c288ff5b1bdb0,Papiliotrema,mycoparasite
00807e0c37c5b012914b868ac11539bd,NA,NA
1088db66429d68ac791d8172cee7ccb4,NA,NA
8b043af9656959621702de5f92c051f5,Rasamsonia,soil_saprotroph
33430e9c75eade7928f98cf23a815575,unidentified,NA
61d4f8628d3cb7a57d27489602cf7a1a,NA,NA
618798cee82e0d8cf13dca36863e07c9,NA,NA
0bb1e19daa8265ea29df27b3c58577fa,unidentified,NA
6c7a78193cd16e0023c9e5d585eccddf,Infundichalara,NA
75d680b522a521778ed45e6f9c99ef84,NA,NA
938f04ee2b86eb63cc6a6bfef470a17c,Neosetophoma,NA
41b3fafe5f35d748e875fca82eef8f6c,NA,NA
946019bdcb7dd7bfb998f256ab22df83,NA,NA
aa52cc684c15e991f223b73aa300808a,Umbelopsis,soil_saprotroph
081e295a964d9d073d9b6b019a7c9c23,Lecanora,lichenized
82d95e7caa9a2cb9d09ecf245bce28bd,Geastrum,litter_saprotroph
5ee73b82bb37edb168f2945b46e45e5c,NA,NA
f16e686b863145f9e9c167bb3644b676,NA,NA
758fceb5128eeb33cc84761026d75d89,NA,NA
1957a79dc77cc1eca29b13739560928b,NA,NA
60c7e8af271e340e8f36ead1ff80efbe,NA,NA
ba01475216e01c14e1ecd9d44c234d50,Clavaria,soil_saprotroph
8e1dd6e6b75ff037c98abd3b1c81349c,NA,NA
2214e1c09a0f1c301c38382b5f069c56,NA,NA
6bd2b9cafc728f99efd8d79a79d9c1be,unidentified,NA
cf956117a66cbba4c7d4f5c073231a87,unidentified,NA
24a10a9f0254fdc322bb153b8256c630,unidentified,NA
dab2d8ae824d3c79356f47e7c6f63ec0,Sugiyamaella,animal_endosymbiont
70e08ef5c1039762ec6b7e7c5c347556,NA,NA
46cd8bc305c43db26780cd5fb4a019de,NA,NA
bd0f79c8bf5bf5d80c95e4584a72852e,Teratoramularia,NA
10a3a80bae2e515aed57159e9884fcc8,Cutaneotrichosporon,animal_parasite
b4bbd4c50e94086fb5f98779540b4043,unidentified,NA
42f7888ae747d23859de4d4fecbe63a8,Paramycosphaerella,NA
3d9d86e84578b9b020964d553b8510c4,Atrocalyx,NA
003d45d8233995ce0ed6f50b2bad1d5d,NA,NA
8a599a60b68bb2b281dc8cb257bd51b5,NA,NA
aa3a3f4a28c8c181b9a0c50f8badcae2,unidentified,NA
423abf1bb3fbc4698e4a4e8a59e0ce89,NA,NA
5794bdb25bf78d52fef0a89cdae71835,unidentified,NA
bd443cc2efe95bb89053f4281f79af8e,NA,NA
f808c1f35ab346ec510b1cfecd0b11f2,NA,NA
b66e7211e5aeb3e3c8b12ded15da1c83,Metarhizium,animal_parasite
c281a84dfe9d257b7326ea607f4304c3,NA,NA
b18b5a994a3dd750c1df79a0b732e61a,NA,NA
bd598b50aa955b381b1c73428a525326,NA,NA
d7bcdb407f1563c3b7901ce6f6d0e143,Talaromyces,unspecified_saprotroph
0f7e1b30922e0620b5a6cd54d14745c7,NA,NA
e29af67d032bf4779b967457f7ecbb3a,NA,NA
e751b041064c83393f30d957f3884b2b,Recurvomyces,NA
021d2e1d584b5fc59ddeb281243a99b7,unidentified,NA
8294ef229c63c2925e2ea3d17561682f,NA,NA
734e8ad6db3ab77ae36a9655167f879b,Xenasmatella,wood_saprotroph
5588ad0096c7e680e8d0194c76146859,unidentified,NA
65ed0a91f897d48ab116ad3e95483416,Solicoccozyma,soil_saprotroph
7c18c47b35d132f5dce988c7a99f01c1,Serendipita,root_endophyte
464f7fbd2a59e7afcb18ae8ff7941740,NA,NA
f2e0adf86b9a9d7589242c033a90b361,unidentified,NA
fb4c5afd8e3a9490dbb51cd8d37b8c2f,NA,NA
8d6b68cfc7aec526972386adf9363df0,unidentified,NA
d113d4d610018f0f1a392c79738731ed,NA,NA
c65d0c854c91e0cc9d2682c0b50833cb,Phaeosphaeria,NA
c8dd913fc8102f14d756eb271c059afe,Neocatenulostroma,NA
7b9b36bcc74af5deee9be72033a30482,unidentified,NA
fa87ee6d5af659e7f67873d1d13dcfea,NA,NA
fc3b952b4b076d45a075c2e6f939b9c9,unidentified,NA
f9df172464f3f76181bfdd27fc035762,Mortierella,soil_saprotroph
b6311ca5f5ee328650ea423bebf212c0,Geoglossum,NA
94ee9e53c3862d19834faca803e4313b,NA,NA
47e953a68258af4b4feec7a7c3364506,NA,NA
e0d411e5f067664aed65214b3e8891aa,NA,NA
865502beb70c0e68e4162b4fdf179c98,unidentified,NA
c77404eb61ad3ca8876d1cdb566e83c1,Geastrum,litter_saprotroph
b0dd41847b792e3e25066e3e009ae240,unidentified,NA
5b16a9e582f41ce5a5787ced6cc2be73,Clavaria,soil_saprotroph
75ac8128718ed2cd881151ea54235f50,NA,NA
f704e70a1d3562b2081b1b17731dae8c,NA,NA
e70b6e68f2134795e404837a1cd19c8f,Fusarium,plant_pathogen
4a126d73e8aaaec0a707075d6716288c,NA,NA
1eaeeb6c562e06d33e51c2cd180611a8,Cylindromonium,NA
2858dd32bb7cf5693852fca2844f0430,Geastrum,litter_saprotroph
1a0b2572df829d76549ca5f3c9b8ff2e,unidentified,NA
1860ad50a9e3158e23f545801c0ad108,unidentified,NA
51325ffb15abfba9e7138c2848f8822c,unidentified,NA
802986d52dd4e8bd1934c6f7c241491f,Inocybe,ectomycorrhizal
e3a35a49dbe0d597fd1c2ee4901e0fb8,Odontia,litter_saprotroph
dab9e613a2c8b5a1cc374d236208c255,NA,NA
3fe548ac3bdadd05943544e752936876,NA,NA
a0d8a9cd2b143321dc05ec28de1f110c,NA,NA
db2bf7e5eac6f24875da1214c1d36b3a,unidentified,NA
ac9ca3058bd456984de42f38dd989be7,NA,NA
da05a05ef38c3c3bab491dccf1668110,unidentified,NA
dadf3b717ff91beb382cdfabafc0deaa,Scytalidium,NA
1e017f66e560fb85169daf2026f1d725,unidentified,NA
d8f3ef6cb049b833e67bc72abe980698,NA,NA
25e66e4cd385cc5256112fe10ddd7e7c,Toxicocladosporium,NA
8be1c8d2963556f3b48ec6b7ca478b73,Russula,ectomycorrhizal
cc57c7b99089feb2c4b79fde1a6ae07d,Rhizopogon,ectomycorrhizal
6aa9fa363ca6b00401dc5252cdc2a70f,Trechispora,wood_saprotroph
0ca1a0fcfa09407b3a5cb872e762a1d0,Amphichorda,dung_saprotroph
937459842840b5c6f3f2465fa347a715,Rasamsonia,soil_saprotroph
433f8f3bc5845daf27abf25f38723979,Neptunomyces,NA
8866a1103d098bf6f6c4c87d52792432,unidentified,NA
4b6ef1b4b278a827f9045c4fe00b669f,Dominikia,arbuscular_mycorrhizal
4ba3d87b87aca278d678f1df0b8b67e8,NA,NA
59861bccb6f89595c2522e4eccdd9de8,Pseudolophiostoma,NA
ce9b0afdb94bf99f86a98466fbda0d4b,NA,NA
ff16ca3427109fd35dd2602a19798bba,Ophioceras,unspecified_saprotroph
b84c833ec4dc7389057c6c82b277abf2,Helicomyces,NA
64debb4efa8b1d79fa7a937e61cd2bd6,unidentified,NA
e3bdbc68b37502ce2a8bf392d3ad3825,unidentified,NA
ce581b15ce9eac6062d6968282106879,Passalora,NA
668b59a94adf0fc32bd9144e8b69ee95,NA,NA
3293cc12cfa03746bce817ddd36831b6,Haptocillium,animal_parasite
528c41c4e6819c56f479fd1d06a3a500,Tricharina,soil_saprotroph
0f855d76158080c6dc4be59ec936fee1,unidentified,NA
421e7933c96352bd8f4f9aaedce10f34,NA,NA
a05b80894335b422c982798c4074308d,unidentified,NA
8c511692b3d54ed62d16af23dadf5cd5,NA,NA
9f082769bc19590b2da4b92cb4d546ec,NA,NA
e74174d5d92e12e8e39e19b15406da10,NA,NA
a99ae11d47c78ba19e669a3e1c6d2a43,Pseudocamaropycnis,NA
dad57ee0e5433d069279c5d6db3bb298,unidentified,NA
7fe7fd0681d7917f29a47600e87a7107,unidentified,NA
2294eac91f4879d07ed79ed7074c16e1,unidentified,NA
e6179835052beb034d25efb990504462,Bulleribasidium,unspecified_saprotroph
4e43e4e762d8668e5f91e9316d8ad770,unidentified,NA
f9baf6e6970a9d0f0b039bc6c7fc65c1,NA,NA
9e179bda655f6a178c45fc0bf349b843,unidentified,NA
34c86fb70b08a9fbbebadbd696db84a6,Hazslinszkyomyces,NA
010ee61ec51931e562aa3621c119476d,NA,NA
0630778e0907f0f88bbedbc616eccd84,NA,NA
f6bd8119dcfab3ba9b49800714d39b14,unidentified,NA
47d3325ad4de6059ec6f56e5ac82efb6,NA,NA
5eaa6a7b2b3d5897806e493137b3991a,Russula,ectomycorrhizal
ba604328f72a6842c300fb709f67bff9,NA,NA
5785183a737dd5e9c4f608050d867898,Cladorrhinum,unspecified_saprotroph
a3937dfc5d98d1bbc1d0ada3df60cccc,Nigrospora,litter_saprotroph
20ec6cd83d87fc51f1c62987eaafa69d,unidentified,NA
be8ddbddca5dbe77747d4f12e90c3f5a,unidentified,NA
4d333f57cf45f5f63ac560e340ad04ac,Coniophora,wood_saprotroph
a846956b91a8ab3fd26f7dc641560e5e,Mollisia,plant_pathogen
7344e813e88446ff6afeadd367c39081,unidentified,NA
4668700c66b579cb01422bac17751ba2,NA,NA
ae417dbe6c61e88d1dc5be4f190bc449,NA,NA
2150867e5f415be37f19b4d0df58a106,NA,NA
8970a9fc48479feb92ddcdaa0df35ac6,NA,NA
cf180088f945d7f9089096f2f83b48de,Toxicocladosporium,NA
0799eb06ead4a3646387fedb80b84158,NA,NA
3628efacc387102ca8acc405bfed6b2a,NA,NA
8b80cb9f5ff3023d41810d6e3bb7ee51,unidentified,NA
94013f2019c30f9beaa7777938f71f96,NA,NA
7b052df0499a567be60394f2679de2e0,unidentified,NA
e5028444f39e7e6e05659c2d0cdcc2e3,Venturia,NA
8132d82a881a073fbefd0784f85fa5da,unidentified,NA
6193575ae1b588c33be338cee90f4c74,Dactylonectria,plant_pathogen
1fc54785eab74099a848c492e866e482,NA,NA
3caf53c2248b0659c27cdb05b77720ca,Carcinomyces,mycoparasite
ca41498d83731e38d560afe877455995,NA,NA
16c7d50919deea62fc69313f25e4922c,NA,NA
16b381aa0f5f08d3bf0145d6aecc8a19,unidentified,NA
42464cf09e66783a52f4330fc6f9764b,unidentified,NA
561a73ce58cea13b72ee673aaf740382,NA,NA
6d07deabfa4663494db015d0104310b8,Leohumicola,NA
5918a1b8e04ccf4f6d5dd8a67f6b5b61,Gorgomyces,NA
a3278c8dd5b1bf4d7549f49600157bc1,Penicillium,NA
8f94f616dab3ad7c711cbc574eb47460,unidentified,NA
7b1b325c2a599922bcfaf81a6da145c4,NA,NA
872a0403fa88fefeda0c658eecb6f0e5,unidentified,NA
b39e46cb35ed5c157dc6fc3543ba1159,unidentified,NA
432022520181865f5cf016a051cbfa4e,NA,NA
710da008c1f9b5b0cc80431ae14588e0,NA,NA
ab4f555c3b3abd5bdfb1e9e58db83d72,NA,NA
01600692631c13b4e01486e2eaf6e270,unidentified,NA
3f536add7eec1b01b6ad1434ebd11394,unidentified,NA
247f46b86a4203dd11875de3d97a0e1e,NA,NA
116716af11989ba49eaf55b609c244cb,Myrothecium,litter_saprotroph
9503d59ca80fd16d627f101dd209aa15,unidentified,NA
ea102f7a61b3be0955b47cbb6a37fff1,NA,NA
74f320675a5263ec95126d1af9e42eb1,NA,NA
0da4ce097de769a9a1551a394f00431a,NA,NA
746abfbf5ba03409e26681cdd1422824,unidentified,NA
bd4fba5d752a28ae0cfaf624a1003895,NA,NA
11f5d8a19466a71e5d354d1a0e199113,NA,NA
6cc13b1e7234c6596b568a895db7e47a,NA,NA
d324ab722e5ef603a2d2a39fc93c1e8f,unidentified,NA
fd5f4abdb7c75c34e81b8bd0b13ed732,unidentified,NA
876416cc2af2d2e200774405064ba72c,Lecythophora,unspecified_saprotroph
333353071745b4bc667c8a20d65ed869,Laccaria,ectomycorrhizal
feeb6baadf19300424b4303f5e867acf,Talaromyces,NA
3ff423891ce9bd971fb25c50991af2f5,NA,NA
e55cfc2f5b87db74007de5b2e130cf3c,NA,NA
c7e9c179a01b63df6ed1107dbe92a458,Phallus,soil_saprotroph
6c4888f38cdb3d66ddb68f25fe6c22f0,unidentified,NA
ff81e670e59ff30b2d42cfb1de64a155,NA,NA
b6bf7bdf634f361f2dd3a10bddcb19f5,unidentified,NA
f364a8d7bf5e363066398b6f8dac44f1,Cortinarius,ectomycorrhizal
821352848353881f24bc0a9c3e96a046,Omnidemptus,litter_saprotroph
c5d87040d4ca7df19806aeb947909146,NA,NA
b82a1e2df914834e0e71fa1fc769e706,NA,NA
c74d280fb2df82b939829125457d4268,Ramularia,NA
f3cad1a988cd89e11c7228eed594a729,Inocybe,ectomycorrhizal
9aec0da78f8b9e3fe7f39620affcd5a9,unidentified,NA
f730513ce43f2219380f4663c1bee683,Cercospora,NA
e50c6b5e63074c8a1a9d6fc5b1ab4dab,unidentified,NA
41588d0dbff5636b966f8797a2d1d447,NA,NA
b979630ea731f589985444bee8974d91,unidentified,NA
8f7303de86625e0b340fa386e236d728,Pseudoplectania,litter_saprotroph
3426625ae18bd75f85ebb8d7e7742b02,NA,NA
4dca2887b4d2bfff067e420ae98e5cad,NA,NA
3b5e2f572108e83177c60084ea0bdb25,unidentified,NA
8e02863677eab6124b0299cbec81fa00,unidentified,NA
3b043c3f3fbcb6ca2dd62680709e7925,unidentified,NA
6ebf8b33092454ed74249498be67a0ef,NA,NA
0c31a4c0c2136b20f3574fd741629b0f,NA,NA
12ea58f986f526953b9288b4c53b6a6c,Clitopilus,litter_saprotroph
2e1e160007bffe123e023aae4d0c83bd,unidentified,NA
5def1e02514ad8ec4d10b5228539332c,Clitopilus,litter_saprotroph
ea8625e803387b2682bf2e4928af953e,Pseudochaetosphaeronema,NA
e7479ab7b4e3665cbbb7ef07a7e2499a,unidentified,NA
8a0d82435defd28486c0e44b202fcfb2,NA,NA
d06869d029b9621b969f91c38cd32d2b,NA,NA
bf6e5295d1af578e0c6af0e3f3892238,NA,NA
2a1c8f4793baf35095b92b986f7c8da0,unidentified,NA
f3134bce648a9f85a66c9455617f95f2,Rhizopogon,ectomycorrhizal
235d918ca28fe8f2f191e6bf15e59f5f,NA,NA
07b537f8e176fec25c62ee3c8acbe3a0,unidentified,NA
dca9bf260883d01e7af08f912c02ded6,NA,NA
3f35c97379a80d8fbbadd7b21c6e3547,Mariannaea,wood_saprotroph
0e81a1640e25836d4bb3d2fbea42f91d,Trechispora,wood_saprotroph
4b9cbe32ead818fc3ce0427a09cac80a,Antennariella,NA
0dd1cecf2d44ab3c0f6acd51195ffbbf,unidentified,NA
dde950a60cd985eed6f683cdfb83e1fb,Hannaella,animal_parasite
70cfdf9e5f06590c08b605c8cab90d7a,Rasamsonia,NA
9b671ea58b135c11538dc14f169f0aa8,Paraconiothyrium,NA
21d7b7317ed05aa9d64b6c431782d3c6,Vishniacozyma,soil_saprotroph
2d19f0f1b3c3cc1b9e4f2fedadb40460,NA,NA
848f052dc3ae76fa8508a3c5c61a65ca,Talaromyces,NA
e5f8b159aed3dca89c2b0c7f8b415f63,Botryobasidium,wood_saprotroph
eb3127e93a2cf25de8865b7ede46fa14,Sakaguchia,unspecified_saprotroph
b7002231fae1fa3cba1f8c2764d99a42,unidentified,NA
185c8900c917a6c9169defcbafbda03e,unidentified,NA
13fe38d4a939d0d8fb3b07b30e0cd4c1,NA,NA
376d7fb68b3e5c618cdb39a9ba040ef4,NA,NA
44189513eb115b10d4d234f887ad297f,Cortinarius,ectomycorrhizal
fed2efb3c58493f2ef12d773cc04526e,Chloridium,litter_saprotroph
3cd6bfdd347d2e63547eabf492b4720f,NA,NA
6a8c1e963a3bc471b34c320e9821e971,Lachnum,litter_saprotroph
fc74e00eb01324edf592714046f1ee6f,NA,NA
b0439d630fc4d0c5da08f88b57af5ed9,NA,NA
fb08827a5d0f27a4b73312a3433b3325,NA,NA
b1d9d3bb146a8e96f732e21f585a25c4,NA,NA
3ba4f25245f36ee13ab904f60311b269,NA,NA
53bf450e9aacf5340b98209978bb61ad,Plectania,litter_saprotroph
7bb819013658574e937a095bd8e11df3,NA,NA
006b9929cb2c914ee1262441dfbdc7dd,unidentified,NA
0ac4190935cad195eb1f47f4fac68b83,Tomentella,ectomycorrhizal
27443c8fdfb07022b1dbfeed330974b6,NA,NA
275a9420bc88a6835f72fac0bdad7157,Aureobasidium,NA
9a147633143a4f6c9646f61c1dc534ca,NA,NA
7c6169057f9b1ff4736adec45e383bbb,unidentified,NA
1b311a3bee3a472f7b9b1265308b16df,Peniophora,wood_saprotroph
d8d76c3900da3cb0a6289eeebed2b179,NA,NA
ee0fcfbd835b6e116491d4e744e36bd9,NA,NA
704ba9d7ce9c1fa347863690d7e02876,NA,NA
6fdea73aa5ec57d85ee2fb65489b453e,Rhodotorula,unspecified_saprotroph
3ecb5f65cf2dcdca1d2ac7aa8bc7030e,NA,NA
a7f74392c7cb83a3094f1752f00d46bd,NA,NA
24c16c0e69875caad34083fa37468e9b,unidentified,NA
1305ad5da8a1945e480244f42c41402e,NA,NA
dfb316bf6b42369af64fd8ca7a42ca0a,NA,NA
0b74a06565de8714093148dfccf847c9,Vishniacozyma,soil_saprotroph
5342182cd6291a28c47946eabd42223a,NA,NA
f73cc98a4feccca3512abd9ce4f1914c,unidentified,NA
a6a0f0ca12f09bec885759b0dd81e2bc,unidentified,NA
cdeaae84b09d666a8291a2644604f2b0,NA,NA
a2901b730bce49ea69fec4377c728da8,NA,NA
121bdc25c9150562f1a5ec8bfa9696d2,unidentified,NA
966967534c269fc9492120ebfeea522d,unidentified,NA
9e2a4340c7941871443494f61ffe8463,NA,NA
d3f6a55f114c69089f7d25cfff7e916c,NA,NA
6e51301fca2015b49c3076ca5cbe8225,Lactarius,ectomycorrhizal
0e76804841912c772c66ed8399d4e3bb,NA,NA
3442674bc62baa6e39b6a36e1cec8439,Zopfiella,dung_saprotroph
0bc4bab44a435f33c25a588ddd01bd24,Phialemoniopsis,animal_parasite
6e885350e83a9891b27428cfab58de0c,Podospora,dung_saprotroph
36dc63a059ab634dc194a39419fb7371,NA,NA
af55d6db31f64014693c667a51e47579,Fusarium,plant_pathogen
139699324b42087093826341eb42268d,NA,NA
06e375e4d2b4a10fb34a6ac4c3379b2b,Stagonospora,NA
8dfeebe868b77b77f6f0ba8298585eb7,Oliveonia,wood_saprotroph
b6e92cbeb908c1d8c286ec8bc63aabce,NA,NA
db534e1cbc295cf21c7651414c2ce7c9,NA,NA
3a901e949c49e94349333e2c1ac066cc,Amphinema,ectomycorrhizal
24497529e55bc5f738d0def3d5794a78,NA,NA
b048ceae5e8e6256095a5316b9f41a6a,NA,NA
cafa2cde8f9368a28b5ccdf5988ec83b,NA,NA
e6c7cd85c0d4c1dc8c498e82cdde16c9,unidentified,NA
9c957bdd284c1b2500a75372ef0232b0,NA,NA
814bf55eae33b7f369b07587ee029d75,NA,NA
46099a3fb5a370a1ae42dd33c51cabf4,NA,NA
77e4ab850eec9d02f23e4cdd19d8b543,Geastrum,litter_saprotroph
c02da5231bc88b570c3f00c05f1bac20,NA,NA
b1d7383b7a579affca9b03e12de9bdcf,NA,NA
285bf2890124e2ad6b20bd19dd2f14ca,Rasamsonia,NA
e0ddcc253a07578aac8327bf48aaec7b,NA,NA
87e0fc0778d13e7f591cfbc620a15371,Podospora,dung_saprotroph
b4cb14282ae3126184051af0e0409a8d,NA,NA
a39e276159be727389b223cfb8a23f53,NA,NA
6616ba055282886d47f2ce1132ec4d85,unidentified,NA
bf48044ccf1960bf52fb8c3e98852b35,Geastrum,litter_saprotroph
633b317c0a5088f06f7d049da437d5a6,Acrocalymma,NA
7309c574c8b277331c86c11f1c4c6f4e,unidentified,NA
cfc6850e52f9922dcb9a146d05b7e5a1,unidentified,NA
b11a41925c1d3a67845ab8a51b4d2d23,NA,NA
a47db6f7bf4175fb2fff9f707337866e,NA,NA
daf31433d8ed1bcfcfec8dec02a61774,Russula,ectomycorrhizal
86e9f071913f85d271d9c51197429075,NA,NA
14229efd38a3d71cfd631f0ab4656324,NA,NA
5d0a1a96f724b0319a59c427ccbee932,unidentified,NA
da4c93939467d941b8f7a88235e0c9d2,NA,NA
f73e57d1e9a110c14fd90c3dd86bc3e6,Trechispora,wood_saprotroph
b9b2d0a8cf1454d7a9d25abe04207cb8,NA,NA
279e78821134f36079b4d84972d1e5c9,NA,NA
63a3eff974e2ad3212b009dda6f59ffe,NA,NA
97384ce7f20d84ebfa44850eb025a776,unidentified,NA
d59b177e46ad6ff47587aacc81cb4296,Geastrum,litter_saprotroph
58c68a6ca7bcf0b6b3ad2be22f91c2ec,NA,NA
8c75f89a4d448fafad57b079e745d3dc,Symbiotaphrina,animal_endosymbiont
09c3050eacddc4a5a75a329580eebc82,Volutella,plant_pathogen
125594ea237fedfc8351bdb7a2a0bc73,NA,NA
d36d0e20e56f90e4fd49e8c938f36445,Infundichalara,NA
42ead1592aa05a81af06c93772113ca2,NA,NA
e2f94f0559411149f3961a09d8d6d18a,NA,NA
740ccbec24c197c6963b3b0c10724b20,Paramycosphaerella,NA
30978efd001b63ae71f94e39ca9cacbd,NA,NA
ae7b5a90e032f9a821c33bc4fd44372a,unidentified,NA
a20c5341dad40605e3090d877696c0f0,NA,NA
c151d4e1830a3fa84428fee70ea15294,NA,NA
added6925d37ad4ce6d95fbb777e7d24,NA,NA
d68b7cdd457328d0922f1d31ce609ea0,Serendipita,root_endophyte
2cf6ab105097d609e714b481d5faa82f,NA,NA
a63bf1b23dc2ac83ed6e6ba7b4f6586d,Septobasidium,animal_parasite
2089872fc8a5357e5d4e539dd9ac6c9f,Agaricus,soil_saprotroph
c571a6097236fa58c5b1c7dbafb1816a,Xepicula,soil_saprotroph
d4bce22e3e32cb4c0d5b29d1b1459a57,NA,NA
ab4b803827f29fb0e988535472e73f22,NA,NA
a1da65dff9df6964fe82cfc2d82b2a41,NA,NA
6000231115c5fba831be97ba978fd8ce,unidentified,NA
01772b44092e456cf24a3f8684d3aac0,NA,NA
ec96a537862cb8e591db6180440c85b6,Fusidium,unspecified_saprotroph
3099c847d6aaa065d5c0ef305b7f16d8,unidentified,NA
b87d1bcdb106d55e42d7a9db4425bf57,unidentified,NA
ee65995a69aab0b74e2b1280dd46908f,Dictyosporium,NA
06854e79009ef08feff97d77b19c5286,NA,NA
8068c048c4c1301d00371f97422ba719,Moristroma,NA
6cad62e3356349e130103d7c8720be62,NA,NA
ee21add2b545bf1239c62e8a2ed2c123,NA,NA
7819dadc524e4cf3e1e25d74a4da9f3d,NA,NA
901c26aba80125e2567ad098bcf69db2,unidentified,NA
da617a2ce5e196ba01bfbc25c3016c72,Mycena,litter_saprotroph
44ccfa23c0fced2f6936f04eb81aac2f,Stereum,wood_saprotroph
00af1c5c7e0350ba7978ee04bf8f1ee2,unidentified,NA
db421dfbab838607c1aea21eb420050e,NA,NA
e1045d2d1adccba59567ada24880a431,Cinereomyces,wood_saprotroph
7f06492a1e53be505685825d74025c02,Myriangium,NA
6f868789af1ddcd5a45b56de3a84b0c8,Paraconiothyrium,NA
8059d9ba6d3aeead6d9a7d4a1094e4e7,unidentified,NA
ad94dfc14ef6985fd07383972b249c0d,NA,NA
b345200f0df61ae1d1e645a624a23eec,Hydnellum,ectomycorrhizal
abe11b80a774926b1180aba498eaaf6b,unidentified,NA
4ccadf28780c13571232e3cee3ec5f28,NA,NA
02af1a23bef6b0674e98c8ddc70bfa0b,Fusarium,plant_pathogen
0a58790854a6fdd383ff5964ff17f3f8,Alternaria,NA
caf10922e2bb51ef065d31b3ec821063,unidentified,NA
2ffdc648e87a9c6a204081b3a1ddf8cb,NA,NA
2225332aff186ce9d37d944ced097e58,NA,NA
99d8c916ac6faa9307c4bfae2a4210f1,unidentified,NA
f03beb2663e35fbd8ede7b47652375bf,NA,NA
db9b12d705008b440f162125e7296bf0,unidentified,NA
46485be7d4f03732b91cd3c207f0b3b4,Lepiota,litter_saprotroph
f8248b7824a983cf674af9a64644e6a7,unidentified,NA
96bfb40c6571e1c5b7f9c2bbfdef40e5,NA,NA
14e7c8083023b40aec82dd9eb5a4f1e4,Acremonium,unspecified_saprotroph
03ade319f83fcfc3e6979920f9882baf,unidentified,NA
359dd32d1cbf72a779ec67e3f906c282,Thanatephorus,plant_pathogen
bde9536204693bad3a4e4b0ade05a437,NA,NA
85bff3d19f07c836f61e13d0293f3a2a,NA,NA
c36c24d6e7cba0a7711ac7e1e85da92c,Phanerochaete,wood_saprotroph
a9c873eab2fc8e252a40393aa3a55871,unidentified,NA
e59868d4d7c637b0a6506aeb65977dfe,NA,NA
094c35b509d225b6378be30dc54c1b4b,NA,NA
a179aab2ce367423667efa82c7a015e3,NA,NA
70002ad8eead22921e6454ce2b0d21c2,Tolypocladium,animal_parasite
f359ded5c33fd6159fad0b4d760f7c80,NA,NA
c57587ae9a3cc2bba614f19b5f56000f,Scytalidium,NA
55de91235ed4e0fb97e1f104930da482,Clitopilus,litter_saprotroph
00e187c4ba065a53b4fec359e02aa6a0,NA,NA
e751df3c8749954838d401713ebfc3d6,NA,NA
756dfed389b929a15c546a00e77bafaa,Hawksworthiomyces,soil_saprotroph
2bece865b157e75e547d23e8d56386c0,NA,NA
8ca28f4e8abad8f0deb1325f65f183e2,Plectania,litter_saprotroph
0f98f34dfb6785367d9dc5ee6d6db2be,Pseudoplectania,litter_saprotroph
0bb65e5b151bf7bc24227f8a52114e53,NA,NA
fa94904b20bda83390b2c29534b27b9e,Thanatephorus,plant_pathogen
352f4b5bbc0f2933da195604344a506d,Clavaria,soil_saprotroph
f096e13700c500c0193a17aacee7bb0c,Thelephora,ectomycorrhizal
9bbab58ec6068911f869ea47536135ff,NA,NA
b15a87f62c8d04ef3d6678aad45277db,Mollisia,plant_pathogen
6dd82602c6d28f2aa7baadd856011971,NA,NA
fc6ec80497b0370e3a177fb4f0b272df,NA,NA
6fc82987886ea0e7d4c6b5d724ddb8a3,NA,NA
78ac0bc895f1bf412e735c1ed6088c76,NA,NA
4cf72a7cd636ad72276e67e9b59042fb,NA,NA
33bfe823f5c5d52c1d77c851a35832df,NA,NA
660bc39df40cbf97d15b103d310581b7,NA,NA
3c764f9eabfb59c36bff71c8538831d0,NA,NA
e80fc4eed6e67ca7d1640a9e87e43842,unidentified,NA
a3aa152c10bfc9db7e5f84ff105ba6bc,unidentified,NA
03f948914de5cc2b768629d4cb7908de,unidentified,NA
987adcddef2468a2ce7657bb2d79265a,Vararia,wood_saprotroph
e068aecff59f3cf48fc716e487d285f0,Leohumicola,NA
08b6d8d985c489bea4ef6f93ca16a633,unidentified,NA
61df6562ac3b5c5921489b30e15ac6e7,unidentified,NA
c4e2e1484605b49f6ebc9776ee81491d,NA,NA
23541d7cd7e89dcd3cac72f1d24a44f8,NA,NA
45d02a657c20fd4dfc4d916fb51612aa,Lophiostoma,NA
041ce625cf78da85b3bd2a4931d45b9e,Schizothecium,dung_saprotroph
460ac4a513bd4377df8f20d2da8720ab,Hygrocybe,NA
26c8cb4bb6d53243ce843ca55239263e,unidentified,NA
d6e479d8f568e97dfee160ffc96d190a,NA,NA
e102b1ffee4698f65eacb3a0c05fdc4f,Mycena,litter_saprotroph
aaa1135380a09cd117899968dcf28d9c,NA,NA
dbf65603dc5cb89549ee3934b222d62b,Lophiostoma,NA
b5e9c2e78d3239972cad7686694859ae,Pyrenochaeta,NA
471845ac3e8d893f91837008b01044f7,Cryptocoryneum,NA
1a1aed349c112266ddc18056ddf2a913,NA,NA
d31a9ec6b3cd31fd02858ed2892f7cc0,unidentified,NA
18b788c75c5efd583c9f7d47d974fc69,NA,NA
38353bd2958bb784402cc74112d73b18,NA,NA
d4a15db1c0b5dffa75e2821bcf39e895,Mycena,litter_saprotroph
f30d148e0c2289a4e5c8f7ea22fb2761,NA,NA
6328bc28bdb74f0129c201022c181b1e,NA,NA
d1e91b231823b16406c1f1b42e930c4e,Russula,ectomycorrhizal
23869908f24fdeb85e420676c7d5e5f7,Gliophorus,NA
599969bd8391227de60647c1eb662c6c,unidentified,NA
eedd1c5305abd07d8e349b4fc1d366e4,unidentified,NA
e05e53800fa2266aac213a467219c06f,NA,NA
e4f84611f6c27b25041baf77ce231aec,NA,NA
ab66c3abeec3c006f6aceafaa739fa7b,NA,NA
93b9f65431ab1c5872ae6c09d6c93bca,unidentified,NA
1b79e6ce95aed8fe6ec55e89a56d44e7,NA,NA
68d2dab67e2f040d4a2ba6a4fc0c1e8a,NA,NA
d8604d5f0a1ac0f4c1b51b7a194ed8c4,NA,NA
0bdee1a6069168285a50a6cd1cb3ba21,NA,NA
bb8e65d848614d85250c8ecffece75e3,NA,NA
e206c31cb760945d41356c7de2a21eba,NA,NA
350be38173d2c5b9ef45fd1b3297cd09,Oberwinklerozyma,unspecified_saprotroph
d8dbc977f7ed25f5e9f543699b142ad5,NA,NA
1d36e7ccba6f95ab9e52c3b733ae12b7,NA,NA
4a95fcd6d9b0e8cfe5f96ef91d6e973a,Russula,ectomycorrhizal
211865e97f4cc5a5663b9f854e690367,NA,NA
10466164ceb39e0417ce2ad236a9a268,Mortierella,soil_saprotroph
433204164a58c265670a968dfaa714b1,NA,NA
10a1b1373f7ba6e11e4d6e3294ae7702,NA,NA
d84e79794a0923f617db922e05a88e86,NA,NA
7fa55f018c8ec0f4d46cd28cd8e7d6da,Trechispora,wood_saprotroph
c4ec5e843888da8f4249c3c0dbac08f2,Metarhizium,animal_parasite
f781dc0c816d774c667767d0e35f410a,unidentified,NA
79e0b1829a0ba66cd3da9b16fef19408,unidentified,NA
bb590537745f3e74cd9d23e807889c9f,Scytalidium,NA
ad1ecb1d7a85744bf8b35ce05e120bf2,NA,NA
1a628b0fcd4d9911b160e1596c8b7207,unidentified,NA
8c9cbbf5a43d3ad930db7faab0370d57,NA,NA
1d8445ce826f6650086466a9dc1a3037,unidentified,NA
c4b715de839d24d59c52ebd67feb7744,NA,NA
fa1f960bd859dd16dfbc2ccbe3e9c682,unidentified,NA
196b24e52b3f1eae80c9e7803f017acc,NA,NA
87393c18f405a4c0e9a1360e727b61dc,NA,NA
089cacc56e4ca48a3639d906f35ad54c,Colacogloea,mycoparasite
1e4443779aabbc8fff624344be458439,Tremella,mycoparasite
27eaebe82b96314a3c50c960927fc507,NA,NA
697415746d116309e3b32029f3cbcf80,NA,NA
dbdb4ba362d9c6a4ddd3a15475c5a7f5,NA,NA
256e9b1308aec79e0106ac0af495408a,unidentified,NA
de460931b15c20f558e2c254095f9daf,NA,NA
db500d008c1ada7dab7d8288892b9c80,Pluteus,litter_saprotroph
2b8322987690464c8c7d6af83e2f3150,NA,NA
40b327206be027d4bf655e74505d17bc,NA,NA
301a100a19f0c4d2f76f3c9f96378bed,NA,NA
2f3bd2123326567405e2fc39a07aa2dd,unidentified,NA
a39c508399b52f15f7968785b8d637f6,Inocybe,ectomycorrhizal
cb5bf234a7ee2596f8bad1b749158dcd,Saitozyma,soil_saprotroph
de57e82eb8103cbfd7eced7731438836,NA,NA
8c2528c1b4dc477018c443bee1c9b61f,Myrmecridium,soil_saprotroph
47b375796a2d1a1e1387334a881a84d4,NA,NA
904e472351587014eb8ea1727fbb7b50,unidentified,NA
cde9a69fe1c17d4a81d4fe92d0338171,NA,NA
58add0e8bebb17bc2d7f29a8a2103ae1,NA,NA
9b0839fbad4dab24332cabc60a13f74a,NA,NA
0b454a9ee2a7f93b013fef2254bb3ed8,NA,NA
e156d29fb0bcf99002cf4e36c4470d20,NA,NA
16166b63b31827865eef9ba5813e08e5,Capronia,NA
1e8f3cae56a2eae93734f2f628ab1e30,unidentified,NA
76a67c999d0b6fb00243d33cf1ea891e,NA,NA
44e8799fa2a02c717188990e30e74721,NA,NA
5a9009dc4d28b4bfd6e93cd81f0e0212,NA,NA
6c15ac62d3793263f81db0608d41bd4e,unidentified,NA
cbc2c84015dce23d49b18672bd5bf62c,NA,NA
599494d4ada3cbd77af3080c298fe7cc,NA,NA
96148559f0577a62497b9fec14864015,NA,NA
4599ef6c7a54ffa11dbd38d21363ba91,NA,NA
cfbb740e7a76abc245af1aed52560f1d,Nidulariopsis,litter_saprotroph
707a503038e5995929601b0a09cbfd0d,Lyophyllum,ectomycorrhizal
c1f29159d6ccc3da763c697a7f8ea8db,unidentified,NA
fe8cfea53f62f66561d63a6bd7889da9,NA,NA
e0a9496db145d781c9fc9c56a703cf4e,Conlarium,wood_saprotroph
5e97562a39c19e085129013fe110aebe,NA,NA
fd1d96bbb2ac4aac17d8ee372d74bf6b,NA,NA
f08d98e3747fca7ad955061e02634c76,Russula,ectomycorrhizal
c7a23d8dee02a7dbe859a47671151a52,unidentified,NA
4d47068ee975398d005604ad9238e668,NA,NA
5231dfb945bbef6dde4caa99bb0ce952,Talaromyces,NA
8e4267f24886a22c241744cdc3c6cb92,NA,NA
b880876d3284aab8f36185918f3bde09,NA,NA
ed17180686dc880b74692437597afee5,NA,NA
fafc17bff5a76310186cbce41ff5d815,NA,NA
268dbb8b2c38a388b527d5c0612d6727,unidentified,NA
88e09b969ae964f1c7c7455e91aa012b,unidentified,NA
0bf37b1063fe30fbbebf5f7fda93771e,NA,NA
4356a28a68f2df4e375c7862d88cd014,NA,NA
5953cd64da4ff00cac89ff63bd03043f,NA,NA
8d425f456f67db00e75ccdf605775201,Rasamsonia,NA
602fdac164ae83f5fb4df77e522fb988,NA,NA
4b1674296a04118c7d9b46b7aa803491,unidentified,NA
1038ee9fa7723e4af9e8840f1d7c4848,unidentified,NA
0b0a91c86afde1e56389cbf85726cf84,NA,NA
fdb28951e975196da643d8ab23984d21,NA,NA
984c106205400ba4c0dad52297bc6a01,NA,NA
9fb8b0adb5ffdbdcd86923f0c049b14e,Clavaria,soil_saprotroph
e6e45a41aba17cfcba02d23962a9a124,unidentified,NA
e44e2d0eeaa3c0748c2ff21f5b4cd8e0,unidentified,NA
473065f4a7232c736df973c292ab0637,NA,NA
d365fae1f610e5ee66da43ac08940f61,NA,NA
d1794a2a913430c08804edc33c2c781b,Clavaria,soil_saprotroph
75ea0cbc5225b8038c63f6752b1f1d23,unidentified,NA
83f6c3c835dde1e78ad0df6ec8ed88b7,NA,NA
7027eb1070a76c780c162f6aa9766f5d,NA,NA
3e3316aed838fb379c0340256ec7b7a1,NA,NA
ae112c87aba6787dbf3cce0201dc131a,NA,NA
08590ef639cb26b34ea3a290bc7e94ca,unidentified,NA
b13df5794e134d29d18bdf22a20eacc5,NA,NA
afb0093a8fe189f567fc8fc5bac0f364,NA,NA
f7917e225d9294282114afb9f7bb98a1,NA,NA
265aaef9323bb6721edde9f08c054839,unidentified,NA
0d82ecc6b67b0c33e1324c78a2179c15,NA,NA
94808a1fe1639cc7a96c1c9ab53c67a0,Parasola,soil_saprotroph
f5adfab0f1a36b2354b316861066b20d,NA,NA
60d1605104426952cb9d5cc9d6a65c7a,unidentified,NA
c338821e1720519c397fc25dfc23a59c,NA,NA
a4cfb0501122bc2a564ea5cafde2ff3a,Parmotrema,lichenized
cabb02160adc5dad2702812c4755ce8a,Conlarium,wood_saprotroph
55b06f6e3769487b80745f919e1f13cb,NA,NA
a662af72b99e0342e3635472de05a659,Coniochaeta,unspecified_saprotroph
c8292ae5e0bec22bed6a2a4956f21c91,Phaeosphaeria,NA
4f3b85d76188123d5d48c68aa8ce6ef4,NA,NA
d5656b1d2788b700d0722b91c95ced63,unidentified,NA
b3394d661671e41254268ae78b52860d,NA,NA
65c4c167d9437175e4ed5d3cc334e851,NA,NA
c231ded8c8f747609810e08399bd74ec,NA,NA
38ebb15760d4eea481e8fed922fd708a,Parateratosphaeria,NA
df102c3ff865e7a4384bb58d03f6a4eb,NA,NA
4406b361dd94674134b7808cd16e0b63,NA,NA
a46fb0abbf1ec635fb166b1b0ec1b2d0,Pseudocoleophoma,NA
fd5f9210a254f018ee378de9c4f717ba,unidentified,NA
6d7624f71b90cb979d79ff7146c242e0,Xylogone,NA
0b658251f3e11530db18ebdda6a7216f,Mycena,litter_saprotroph
b989e2f027924d6c9845a73f7f28b8f2,NA,NA
df404526a0a94aff38683856ff9691b6,unidentified,NA
941ec218acfcff68a2e2f3c67456809e,NA,NA
7ae0cc67cdba18f280ccb831cff8fc40,Podospora,dung_saprotroph
655f5a05ae6f934aafc81c0c488234b8,Bipolaris,NA
5511e71e58b94ffe6a2da17ac7a0cc65,unidentified,NA
e7a0128a23abf1b505e6345f44e923e0,NA,NA
c27fb5574beab2f05e427eab39c70389,NA,NA
5b1106e877f08af56157e017e3db55b3,NA,NA
b960804f2003d91472f2e2b9739a9c43,NA,NA
3b93ed11640ced6dbbdca702a63991ff,Cinereomyces,wood_saprotroph
20ea68ab493fe008222a4bfe45b67537,Cortinarius,ectomycorrhizal
e8123fa241d6d5d92fc92eb203189a81,Podospora,dung_saprotroph
90b1e257efebe323b3cd989ef4411aad,Prosthemium,NA
5ad497cd2e9739609bfd8a0ff30f9d7a,Amphobotrys,NA
429450f4e51c74266d2d01552e87df98,Archaeorhizomyces,NA
034a351a0939e3b2c3c6bb372b9852e7,Amanita,ectomycorrhizal
2d6d263f81b62a1ffb9f71d69dccb7bd,NA,NA
67397845e4ae29ce56b729c2f6a47379,unidentified,NA
ba2242847682761e89c9bf5baf3ece9a,Tainosphaeria,wood_saprotroph
21d1f95e8dc541946e26a5e8bf93d12c,NA,NA
3bed1f5b5109288a73a4f4a54252fc61,NA,NA
478fcff81f3a65826e39df39acb8a3e4,unidentified,NA
2976cdbab5b3fb1076578d1f0a20795c,unidentified,NA
d7e73722bf43d49e42a354506f990ed1,NA,NA
655d6667bfd1489895cd51083e7e8805,NA,NA
d3f4f3ee8d84879de10220468f69885b,NA,NA
6e4d136e6273859c64e07bd528eb7f13,Phaeococcomyces,NA
3f2530577c8950faf8bf8688358aca54,NA,NA
97318064ac65de2ee8f759d7f35bd312,NA,NA
a601858d51a31db5b246910a4156be63,NA,NA
f255abed4d816b35930baf639faf7c69,unidentified,NA
31f0b8f07ada2e993c18ee5f83701650,Bipolaris,NA
7641586470dd643afaa973522738f396,Thelephora,ectomycorrhizal
7cec1f876afbb0f2be13dfb8e8141618,NA,NA
df57ccfe0b95aa700fa022f443cdd9fe,unidentified,NA
f7b3411853c70757302a219a84d0bfdb,NA,NA
1cbf602e94fdd8e574e30e801c82646f,Veronaeopsis,NA
965197fff3f1acaf720f2f8897f9450f,unidentified,NA
ab7679b94902bc0f011cf7486a456c48,unidentified,NA
4167eacbadcdeb20c381f3d325d9ec6e,Mycena,litter_saprotroph
ec2a9df0e7eb0b8a1400f7a6d4119b36,NA,NA
46a28745fe7938afd6a16eaf3312aec6,NA,NA
15b455abbb081d6372cbc422daec3ff9,Botrytis,NA
bf307f8d87f43df1b4924ea6a1758cee,Curreya,NA
e36b25b8c9eef479eb8af07341971199,NA,NA
c58657b2e114275a6ac946ef15de0943,unidentified,NA
d0cbe4d14a36cc7f1421323550e0477c,Didymocyrtis,NA
82f207a56b2b2a1d5252dec7e78d4c45,Coniochaeta,unspecified_saprotroph
9a236bc3e8e39778a69021f35d8bbce3,NA,NA
eca5e882e2bea54ffd509d9d903eb953,unidentified,NA
443f2696aeab7f59b4be3acbd0040f35,NA,NA
34ed2304d27d14fc70b532c8f7d19f09,NA,NA
194d54e3130e1eb0bdde48c5d2dcb9e8,Chalara,NA
0a7edb7ece7ac1079de7c4d9f18e0be7,Rhizopogon,ectomycorrhizal
f7a1e2b6a79bfd11f159f8e741fbb60c,Torula,NA
7369a62ab5a6538c91620effabb665b5,NA,NA
0ad75e14eaa6bd048c495e443a97735e,NA,NA
3be745ba82892642a1d6c53ce09b2fbb,NA,NA
5ae53febe595cf1c087a96d105fb618c,Cryptodiscus,lichen_parasite
3ce60f79e9fd72247557647928231064,unidentified,NA
7207ed9797185afb55463f1f428d4417,Gymnopilus,wood_saprotroph
a244e9537976d577afa24057f474fafb,NA,NA
4714ee17f324bcd8a33edefc8ab510be,NA,NA
3d0378bf5bd1e7f3304a00fa5b40b374,unidentified,NA
bcf4851a6156e0dc1d918c3a5195ce1a,unidentified,NA
86881b73116fff1e09b95422a7847e2e,Penidiella,NA
c79c9b5785e91dbfdfad3f1553e341c1,NA,NA
f96dc270e26a7cb52af8e7248806f1af,NA,NA
8fc8c91ed28fe5d388169ebd26ff71ff,NA,NA
ecf985d15d795d40cc3fe6d1ce3f02bb,NA,NA
3bee940e2416d7e81e1be97fe5b9290e,unidentified,NA
89d4c22f5af19f45e2a79b63039fba24,Cortinarius,ectomycorrhizal
12f146baca9f9765e593aca831492ecb,unidentified,NA
16941e1e9ad5f1560aafab72807c427f,Curreya,NA
d9dbdef97c77b8479935988551be6efc,Lecanicillium,animal_parasite
98874e070317edac79ca829fa9d3e65e,unidentified,NA
bae096921b1ce3484f79ffd8aea595ec,Cinereomyces,wood_saprotroph
4b13728cac907ae8b6ddb7c39cde8bd9,Acrocalymma,NA
798ce96fa363c86e9c206d374e3b2f4f,NA,NA
28377df7a908dc1168d420a8042f1209,NA,NA
4d2af4504e38b728d310cb819c11e45e,Loramyces,litter_saprotroph
e814f2a89a7023b75611e2ff58fc5d97,NA,NA
3868c4bd6ee24b1f9eb6e610cfb97348,Rhexodenticula,litter_saprotroph
16d8ca5ef1afd9697165b66ccc3c6c70,Zopfiella,dung_saprotroph
174aa039e38af96345d544d85f7cd321,NA,NA
d44608f8bdf7d90391c0a5cd48d706f5,unidentified,NA
ec16fa5ec65ed4dd7921d3f50e35c920,unidentified,NA
df63f21e579a61e76cd8ba70e97f2e95,Passalora,NA
ba9f9d944c95ce853520fe2f354ccea3,unidentified,NA
dbd44948c1771617f526569c9d190a0a,NA,NA
88999aff294936313f857e0a93fc0271,NA,NA
6d278a44b8388bd0cf1989ce7a1f662b,unidentified,NA
26c76aec2ad54c4c9add9a5f829516ab,NA,NA
dde0900fe76a98e71c93c4ff9bf50aa1,NA,NA
64bf7b64c58aa2ac1afbe4137924abb4,NA,NA
7bfe7a7b04eb93e09898513e1acb7cef,NA,NA
08ee3f528307c02e9a1766eea18dd2c9,Thelephora,ectomycorrhizal
73249890a329531d6fb704e73976257f,unidentified,NA
db9cca10cf1b3466315fc0db7bd4f703,NA,NA
5f734cabc7101c74a49944e963612ba8,NA,NA
df5130daa3f89d6b50b09ad3a6f7bfa0,unidentified,NA
efb4560f50f5b60ce5fb602238f49b2f,unidentified,NA
9e3ffa218d38a0b4d69aa26e21bb85bf,NA,NA
e8ef461fe3852da938fef37290ae0308,NA,NA
0a39dced24caf7e3ec2f13d6af8c880a,Infundichalara,NA
f5d4c9501d5987f481759d98342e72de,NA,NA
59763bdf5db3c9c565bf7549861a5ca1,NA,NA
f59c599de0cae01c2990b3c9ae1144f3,Pseudocamaropycnis,NA
415bd711f53e01186b36cd558f31ee07,NA,NA
9d4323eed7e759e406052e5b49a4ddaa,unidentified,NA
65b3d6cb26014f7e47abc44c4414165d,NA,NA
9593958476b0b48a0dafc47ad6b7f41a,NA,NA
d057d9744c776e449755234ee6444442,unidentified,NA
25d869717a37588c9defcaa500457c7d,Cryptosporiopsis,unspecified_saprotroph
fa2f29563ea173c6b565753931b2b507,Albotricha,litter_saprotroph
1284c49e103c6cc15146ae9bc24d1a73,Lecanicillium,animal_parasite
dc1da2a135f67cc04fd408bf00fe59ee,unidentified,NA
17c6cc213375c0af79d673f985a36d58,unidentified,NA
f91781e96d03393666e1a9697f8ca22f,Geminibasidium,soil_saprotroph
79ea7bc52ac5baa2c42d9c773e91f39b,Cytospora,plant_pathogen
03e273a003743297a73604f38a002215,unidentified,NA
f581319b0d8a1d8a52d851fd89670977,Tomentella,ectomycorrhizal
6263e2bd98f2e9465870ccbccdf07777,unidentified,NA
1d44aafdd7216e5364a74f60b872e283,NA,NA
b49800b93d9352edaeecad57d976157a,Amanita,ectomycorrhizal
8b50fa57ba0515afff4fbddaa64e3f5a,Hypoxylon,wood_saprotroph
4b597e8bc81c51d67263fd003834279a,Mycena,litter_saprotroph
66e1025a527e984c7769eeecd54a34b5,unidentified,NA
287fa8fea4ee6876261bd708c7e2a2db,Chalara,NA
9c218c739593530e8aef585122d7da6d,NA,NA
ba360c83da7d861901d5cd308d0428b2,Arcuadendron,NA
cb24e7ad7ef44471cee47d2abb82f6ca,Gibberella,NA
a0b24e670e2665f0fd146081f93f11bc,unidentified,NA
f159793e6dfe6b4520ee5fa3d2303566,NA,NA
2d94a32ac94193b519bcbd92c5a86f07,Russula,ectomycorrhizal
4ced1390f8da4e0efd1b9fc8729ebbdb,Hyphodiscus,NA
cfe8198c548e2bc64a3925371858bf71,unidentified,NA
ca9e7796f9ae4117ee3da6c4cca629f9,unidentified,NA
e96b55a1176155e697acd6bd2a880b22,Massarina,NA
8ea58d94aa693fe9d80c8e44723b195d,unidentified,NA
db2941048ea23b1dc364e494e8f5daa4,Mycena,litter_saprotroph
c721662916d4fc12ffb7e3a22351e01c,Thanatephorus,plant_pathogen
4bcde36cb82a5f1e04ac5340f580209f,NA,NA
b4cf0f223be1b2a95340c73a012af608,Parasola,soil_saprotroph
cd682d1b6f4ee0063332690aeea907e5,Trechispora,wood_saprotroph
967702d9f4be8ca07763a068c72badd4,NA,NA
f7f1b09fdd5ef7bc6e7803dea5a4f2f5,NA,NA
57eca6ba6a15998a441b8e904ea18a93,NA,NA
2f673607896b6fe9c5c81808eab465f4,Paratrimmatostroma,NA
69a34ba46c9c377cdceafdb64b9488d4,NA,NA
a068c23e58eddb2d936936ccc3c6741b,unidentified,NA
4247da5c97550cfac5e3f7dafb1dbddb,Athelopsis,wood_saprotroph
23aa678b59299ffcf965bdab7fc6e76e,Alfaria,litter_saprotroph
61447d3636c6efb311957d3260e915c5,NA,NA
34a20dff930b2047efb6120bdb5e791b,Coniella,plant_pathogen
5238f5e51cae09700c040421de73e579,NA,NA
1616969c629a3be6636bf141ee7e2ffc,NA,NA
1fc61d24d1685c32cc952a391aa79a87,unidentified,NA
12b4b0d0669d22637a7eb74d793f78ba,unidentified,NA
57db57ae4bd0fdecd44d9aaddbcfd8a4,Pezicula,NA
ba10805dc09102f30a1f4bdbab53175c,NA,NA
0d9b4f2b37958eb9c134e81b7db3d54d,NA,NA
7b9c6a55d72862c860df3410aff524cc,NA,NA
2ac8577a12ff98a7a10414ce89b68028,NA,NA
dbaf6b68c2d24dffdd76d9700e46be37,NA,NA
90951e5d3beb4a2b4de2f850e7f17a2d,unidentified,NA
130e6cf6a7a4fbbe3ba304e5517074a8,NA,NA
d98ba1b1a24b401d5f69d77203a1ffb6,Phallus,soil_saprotroph
bcd2019011312fda1e034b9491dd91c5,NA,NA
dbca297753769dfeb7ca9875c3b0c490,NA,NA
403ba2afab60a059c5cdebf957c7850d,Penicillium,NA
08871855efb3e5e9bda50aaee9711586,NA,NA
625e920049e34e23a9e22f1092d6bf0b,unidentified,NA
10140eb21f40604a8fd50a411727c712,unidentified,NA
f334f7bd47505457df962ecd127d3c22,Xylomelasma,wood_saprotroph
2f3ada842e4eca626c578899ed15f9aa,NA,NA
747caf10a80bc9f613621c116444d098,unidentified,NA
eb7d81af99d3ca25a60814e0910612d5,unidentified,NA
68130d3186d65e006b184543e28f7373,NA,NA
daf17b7a6dfc5dc10e5e48390352c839,unidentified,NA
e626a728adbb8c4355ba6807654221de,unidentified,NA
36ee0bcd411e907e4f7aedd59d2ced16,unidentified,NA
dfde5ac2372381ec7099b24d0f30ee45,Orbilia,wood_saprotroph
666a54aa77c025a01704b10970eeaa3d,Strobilomyces,ectomycorrhizal
7e15df2952b9bbb5ad90d86f28bbdae1,Elaphomyces,NA
892c45c70e4369d77a855297b47780e2,Talaromyces,NA
62d03ce0f65c12ab6abc40633440de03,unidentified,NA
739358ad8f43f1ff86382ef44467bded,NA,NA
0e4f34ff5cd62287360fb3e0616e2a9c,Coniochaeta,unspecified_saprotroph
92aebc9dba0c3b811f237224876fb5cf,Fusarium,plant_pathogen
6c2e15a6b936cfacf97910724ca81cd0,NA,NA
dfca57f5c488aaa990333b2ff37f59d2,Papiliotrema,mycoparasite
7f9b0518738e2a120bdbebd0a6ce89fc,unidentified,NA
6fa6ae5e18ed604317d15f6b6a6e2554,NA,NA
6178ca4d150d80997865b88172e3075e,unidentified,NA
8a0c629e723ceda2ca4d9ba7186a7bdb,Mycena,litter_saprotroph
219c62ee205407c2cb239950d7f8137e,unidentified,NA
753109a7c6646f649563eff94b8429bf,NA,NA
62ab597dd0053833c1593ab5965d7381,Biappendiculispora,NA
fd104ccb13bafd8101e8d51f7eb3843f,NA,NA
1bccd6029c883a4311cce9affacf36af,Mortierella,soil_saprotroph
d923c74ee60a08fb2e362a8acbdb16bf,Phaeosphaeria,NA
a4da95bbd05c2040c698c3a4ea76eac4,NA,NA
b7d58c12be621f2d15d6b40de7a2a7d5,Sarea,unspecified_saprotroph
2a4ad6540089d588580162a991e2668f,unidentified,NA
18aa0f9ec89ba5fbb081f621d7531938,NA,NA
6c5849ff4c2e8ba1d6d0c0cda1b9cd00,NA,NA
15bdc12fe326d3568a2d78554f9fadb5,NA,NA
f72bb12dd20180aac534d0efa6504909,NA,NA
07758d3803cc57d77d7ae02f062d6d12,Helicoma,NA
e744a22410818dfeb1cde9e128bb55d1,unidentified,NA
d084fb2de9a8ca659044a8c5729a8d2a,unidentified,NA
48f62c5a5ca91f854448754734a9a78f,NA,NA
282505378bc132965481e449139b9522,NA,NA
4d66eea57afb011ca9725d54e5147121,unidentified,NA
cde0e579f3050c8a368750550c69f320,Peniophora,wood_saprotroph
6f8ea92b043a5a847f4752361ca9b401,Schizothecium,dung_saprotroph
d7b78abc06a648550c37947aadfe7cd2,NA,NA
bd28ad94f7abdf52e3cac3a25691027e,unidentified,NA
b4cb4e0c7afb148660a4af45fcbfa704,NA,NA
2e18eb93ec62a5141eeb68c49d5eaa2d,Scytalidium,NA
86e66bddfef3ce83e7e511345bb72cac,unidentified,NA
a35192b5849d90e826d8a509b4dfd42b,Plectania,litter_saprotroph
da5372329c27351cc4c3f1004f895544,NA,NA
eeb48a6367dca9825de096a75f550b7b,NA,NA
1f68fa67fa1b545d6037329024129c9f,unidentified,NA
460ce200f30bcc921b45e60d018cd4f5,Geoglossum,NA
68df2c487986082b8b41371fd1497a1f,unidentified,NA
8eea202cc4e7a5c479f1087db6281808,Mortierella,soil_saprotroph
b10f657cb353f167ea53e1e084b84312,NA,NA
c1281a4c1052506d68c5370a66e933c8,NA,NA
c9e81e2073b9132c866e8c2b74e8714a,Ganoderma,plant_pathogen
561d360cdb6f17684a2ca77cbd2054f5,NA,NA
c0135159c5d37600292987658bb7dd29,unidentified,NA
fff843af9ffa4ea40c53c63e23b6b35e,NA,NA
f66e5e687f83113ef15a4c12cda4ee8c,NA,NA
59497b5cf75aa778a4337343ec0b6615,NA,NA
6350f2b01712da2e04ccae75b5b1cf98,NA,NA
b195a321b2794caee2bd5d970b07dece,Pseudoplectania,litter_saprotroph
9a8f8d5983d5614c8ac4bf5aeb7d7d92,NA,NA
5bd74afa75bdfb41956836a3da6b696a,unidentified,NA
5f54778c7fc85e18fd94f970a69b8474,Eucasphaeria,plant_pathogen
76188a3a62f251ec8ae54cc53ae2b7d6,NA,NA
7737382a89283eb3a3f1da3bfea8666c,NA,NA
c811cc5cc76651abc129c5a030cc2ca8,unidentified,NA
54df42a0d7c5e318a014bc5825e8af31,Dominikia,arbuscular_mycorrhizal
aa62d344e37c54e7cda480c5359de8c3,NA,NA
c432d43cd983fefcb8749ffd82fc8171,NA,NA
ac1d2a199b340869c70c676485aec7c9,Bifiguratus,soil_saprotroph
7f34e9d5783305ea2c9e79158723aab2,NA,NA
e2c69a225cf235bcda6d5580c21d8c24,unidentified,NA
40b7796a5f2c1296c744ab34b91239b3,NA,NA
c770c7955644827b09ceb9914c0f0c59,unidentified,NA
f89198aedf1ae7f7f32139961206988f,unidentified,NA
04c1d812a76308fef97003786ef180c1,NA,NA
8a9c1aa70da27ea731a4fc67d3726ada,Tolypocladium,animal_parasite
40bea9aa5aad50e00f4fd978bea9f413,Claroideoglomus,arbuscular_mycorrhizal
4a4861434937dfe684e161dedaa42330,unidentified,NA
87d955210d44450e898575a8bfe543d9,Meira,plant_pathogen
21e1a29157bfbeeeed7bf3197eadee6d,NA,NA
d225ce993a7b3f26457de0ce6ab1d8dd,Papiliotrema,mycoparasite
043dc55b6e76221ef4565454883f80e2,NA,NA
809bbc1b1141c9e1bdc2b6649c154e39,NA,NA
7e92290191fd190a2690736cc56e0de2,unidentified,NA
2f08bc9f9f38987fdb71a2c6a82d05d2,Codinaea,wood_saprotroph
de818f2d8bdab3790c339944c255c09d,Entoloma,soil_saprotroph
c270d44abf83687aaeee2176c2724f95,NA,NA
75f12af44623f420e3bfb6a7cf5475bd,NA,NA
0909b1bd23dfbd73425198d09826919e,unidentified,NA
e7acc455b9952d1a73074a290c7efe10,Agaricus,soil_saprotroph
adf3f1710e7a2c5cf8e15796461915df,NA,NA
a6a25af944e36b687aa1d7a1d1ff8581,unidentified,NA
517e34f6250d9b80db13410e9c2c40b5,Pezoloma,root_endophyte
941fb3831ec99d23b2177d2488dc397e,unidentified,NA
c69a74c389add402bc1ba43b003aaa7d,Microdochium,plant_pathogen
1ce290e9df8da4b39a2ac51c787c46c9,Cortinarius,ectomycorrhizal
cd8e569e6495a215eb738fa0c30b0a07,NA,NA
772f6a250e2ca4d0c68adba6fd31759b,NA,NA
94405b60f9df171a891e64bd166e2551,Thelebolus,dung_saprotroph
e906d8557a07b2da2347b4ce0ff1523d,unidentified,NA
1f0c15cb92040a42a232f934bcd73726,Paratrimmatostroma,NA
d7fb77b0a9cc855ae3fca60ab934ec56,Wiesneriomyces,NA
19a65c9febefc7f85d466f84252deeee,Aureobasidium,NA
0f57e42cb2faf93444ee9954848e879a,Vishniacozyma,soil_saprotroph
70f3eeab3df87a221c7a4ff299b1a245,NA,NA
d28416be012996c9d48178b9ece98eaf,NA,NA
c10b2205b240ce0c3686372a9698cab4,unidentified,NA
dbccd10aa33343d3b26d49c2507881b0,Xepicula,soil_saprotroph
0d181d9bffd777d42fb270269a41f44a,NA,NA
c5f7fe21e930441fc92b89d2e3d5a83a,NA,NA
94b7f0ac5056e4d4d011953138cf6331,NA,NA
7d809149b0ae99e2327f59a2810ad333,unidentified,NA
a5db014ccc349ce3ce366bd6b26aac61,Sebacina,ectomycorrhizal
954467ad6c70855f1f466b441045bfac,Nidulariopsis,litter_saprotroph
c27d0b0eac18e3b9a885dd54d6184999,Mortierella,soil_saprotroph
f35adbfebd40778008d6965a90c5ea73,unidentified,NA
7517de969c07d65f0357aedd83788510,Parasola,soil_saprotroph
a602b1b9ef7e9aec11e905327ab2ba9c,NA,NA
bbc17e11d271494490350488ee2ea1eb,NA,NA
3b5075118a93ec0ea55473d8db2fe20a,NA,NA
34437bcc9cf9ea0bb244224a62052bee,unidentified,NA
2e8c022cc731ae572b81b20d91ca57c8,NA,NA
677a26bf3908871dad7c252c13d739d1,Archaeorhizomyces,NA
3d47a09f90cc60733c9e61abd18eec1f,NA,NA
251355d81aa06f09e15103e3fa3b117a,Sarocladium,plant_pathogen
0cfd6b360d5d35785e88bd6e7f2902ad,NA,NA
8cc8a168c40533bcb390b5f74764eea4,NA,NA
ec0b867e1871fc949ebd299e71c4d2aa,NA,NA
b85f23121687f96ffa080f19829ffc17,NA,NA
7651a1e9ff718542a2cc2c78d4a6ebb9,NA,NA
0b8a34dfd2e63956d6c37b17614ad4fa,NA,NA
cfae08fe0c0503e55e5af9606c03744b,NA,NA
9df0efaf599a387fdb0a6adab1bbaf95,Clitopilus,litter_saprotroph
aa32d1d39ab9927b8fdb258eea3bce04,NA,NA
45c2103afc7417bebbbd85d4ece74066,Yamadazyma,nectar/tap_saprotroph
62cc8e450b0527045bdd5272c3bf6ff3,Geoglossum,NA
a50c5e552ad10a50b843ceb6e2744e4f,unidentified,NA
0f79985e23d4baa8806cce1fffa97d0e,Archaeorhizomyces,NA
8860ca71a28ef0c5900ec362e1218ecf,Vishniacozyma,soil_saprotroph
d622ddee342612733df42f598052f369,NA,NA
161ea082eab6aba2ca183ff71da404aa,NA,NA
e5262ab194d98b8501bbe603f26c5db3,Amanita,ectomycorrhizal
2dc8cd970ed70b6bb00d67c99cbe5a75,Coniochaeta,unspecified_saprotroph
9dd670d007b4c9ba9a8643fecb74dc71,unidentified,NA
902c57057fb299a6f2cd2ccefad71de8,NA,NA
009f37b370ddc52975c04c22c6b1093f,NA,NA
bca7fc9ca6ae83e907fc43c13f7c24ef,NA,NA
28de883e3a04e51ed26df6b23098e307,Nigrospora,litter_saprotroph
c55a9cb573b8938fc1a979b48fdecc0d,Holocotylon,soil_saprotroph
c838f4e3fe70d47348de02a4b00fe3cf,unidentified,NA
7720773a355df39afa7ad2139ca96a81,Ramularia,NA
566f73170ad38f4010beccdadf29bea6,NA,NA
c5d689f7a7e336c50889d6f3fb5a0ebf,Symmetrospora,epiphyte
097cfe7aacb911aeb5f44fcef928fab5,unidentified,NA
0b643ea8595904954a048f099edff4d9,NA,NA
6dc6efdc288d3adb450ad056601d2221,unidentified,NA
9c57e544126c745b7b34e6c35ff2a39d,unidentified,NA
5c223e7e7bfa6ba946124fce96c59f15,NA,NA
d094c489a42dac9ef15ddfb7f9d79a33,NA,NA
b04d7c3ef7c8b655844898cb87e10f8a,Fusarium,plant_pathogen
77ee0b8b55be042222edd3d940f07874,Rigidoporus,wood_saprotroph
9343362fa82747bc5dbed8ea23492606,unidentified,NA
c3dccf6d309fe0342eef5e4905a19795,Myrmecridium,soil_saprotroph
dff17431fb3a44f0c90e24e9c7f09f68,NA,NA
e51f669fcc6d6154d40520e1cae57a47,Infundichalara,NA
14a54db3390480f32f3b9981eb09a824,Sphaerosporella,ectomycorrhizal
0a6f16f1a5eeeb6700be2fe7a7dfb781,Cuphophyllus,NA
097f9fd0591d2c9701ecb8ea30649055,NA,NA
12ce6666577da176686659b9f8d4ee45,unidentified,NA
c4a02016b34f4cafb71ec1a1378652b3,unidentified,NA
bced71cc1123b6e9aab8cebb22b8f9b2,NA,NA
12e54c3d224435ba3d0de71f83dc64df,NA,NA
3db4d096c71a84a2c0e52bfe4e6370f6,NA,NA
e26cbbe871f84dae5c56babe1792d363,NA,NA
85dd45dcb210ffabfbae90ac7c860bbe,Clavaria,soil_saprotroph
095cc1a14a10ea2f6158a433f769e6e3,unidentified,NA
fa063c780c233801d4762c67a600bb01,Bulleribasidium,unspecified_saprotroph
e0f8a2248cbefce03c19c7b6692929ae,NA,NA
51206c45a51b28213d49c6dc9d260c2f,Podospora,dung_saprotroph
98cd60e613560d84a13bf0977e76af9b,Cortinarius,ectomycorrhizal
5ab15ab7fe70ea15308c4564202723e7,unidentified,NA
caca93b68dadf6c69e0218856c0b3876,Acremonium,unspecified_saprotroph
90596942e7c520116a755ff315372d78,Alternaria,NA
cc52a373b9d9658786cf05474d486266,Recurvomyces,NA
cf118048cbb7c7466701d38256337211,NA,NA
f1cf9018bbbc9d7749703a8dface2ad5,Spizellomyces,pollen_saprotroph
37b361d0399f7a3d4a2f999d3b41a208,unidentified,NA
49de64d5ac56630fb299dfe2ceddf14f,Cenococcum,NA
0490f7d82c943cbc537dd51c63450abf,NA,NA
cc7a167538ef46e994dd41e7ea4f8d6b,NA,NA
e7b5e326e5df93de1048dec344c18907,Oidiodendron,NA
c822118975fde7b54ed5c6381d734966,Agaricus,soil_saprotroph
11fcba538e3d4ef206596b9f9fe7cfd0,NA,NA
f3d53e4b2f7c36a6dc5241e80eeb3bd1,unidentified,NA
d0be524233fd79edc421c47de131e31b,NA,NA
d7ba3297ba8dcdd3e9bd7a239462f3f7,unidentified,NA
0e32595dd1f281f342cc5d2ab070bdb6,NA,NA
107e69736c2712d95262d8ca137764b4,Phaeotremella,mycoparasite
6d303a41fcff61df4b21b399c26b5fe3,Keissleriella,NA
e4f441f0100b867e8a7bb1cce3bdc2fc,NA,NA
2a4ad95c1d10a1814972136d6bc9baae,NA,NA
a6e24306bfafe350bf45cca04fd486ba,unidentified,NA
c19bc69535d92e9552afe450d8909417,NA,NA
d0379b388b25d71a10d09500c33374cf,Septoriella,NA
3c569282fdea6f92cd2d39f8b9b83058,NA,NA
06e2ac5d3861f4646b70604c731dfae1,Bulleribasidium,unspecified_saprotroph
4779c411ca3fa3c3d8ebd2d11321bd12,Fusarium,plant_pathogen
55d2ffd0ceba906fb0c0f52bd1b9184d,NA,NA
0482833dc9fbd1d3a680eb7a49df9f94,Vishniacozyma,soil_saprotroph
cfe578bc45090f458113bca26d6f9e45,NA,NA
cd0f1f1db12ada50bda762e205943c0f,NA,NA
c1fe296ea5e0dc71f08a66eb8025a2e6,Talaromyces,NA
7cc58fbbfbf53044028422297c938bd7,Corynespora,NA
e1f75e6b3680703caad3e3773a2401c0,Bulleribasidium,unspecified_saprotroph
ebc7679be76b60141f112b710dc832ad,NA,NA
ccbb0c6b9bc1bcf3c9caa37bfdb94e4c,unidentified,NA
0bf0b6a92087ece47288c25a68b424f0,Geastrum,litter_saprotroph
cc25e87a0d0bbea336d19191e0d03c87,unidentified,NA
d665947ba92c41d336ef443a9317c630,NA,NA
d2ad8d31c87df5c7344624bd8d15e4b7,Diaporthe,plant_pathogen
7baf1198031b1acc2f0143a9d9b35b24,NA,NA
3cbff88fd8649a4e646357ffe1a7dc54,Mortierella,soil_saprotroph
43a716eee445982b408b0aae8dd5c6a3,NA,NA
4e57c58fd23054c7790702f07584701f,NA,NA
ad7d3d83a1f5dbf452376e3830be501a,NA,NA
f1e20b3fd9e7fc369938f4e1293d73ab,NA,NA
0b474b008540a1a724bcba0d1a2d3048,NA,NA
a38ee104fe277411a2ed0656fa61fc81,unidentified,NA
189a9039d0b8384efb22bdf1347e7587,unidentified,NA
f8ef05f28333dc3230b0042e0ad41a30,Amanita,ectomycorrhizal
35f8242b2855e82ab81c25a3306943d4,NA,NA
3f66bcbc2435e9722fbf1021ffa0fb8e,NA,NA
75d44f0dc056683cb93b4e6d0205a89e,NA,NA
fedf4902ad63efa54156fa89b03b3ba5,unidentified,NA
905db74753cc80ff1979e98b8bf29108,NA,NA
65134d017876663de9461798260e8ed3,Neptunomyces,NA
5fd24e71a3001d5e08618e6fa04296cd,NA,NA
f42fc701b085a32a4259b352385075f7,NA,NA
2315d717815672be8ba35a4541acd6b1,NA,NA
62091638b609fb26c3f4edeb042ba758,Mycena,litter_saprotroph
f404244263e0f93c3dce19700320b454,unidentified,NA
8c80ac136ea2386c5f8211401b1e5437,Penicillium,NA
093e1d1dc1e1fbc4cb434855ec1fb60c,NA,NA
afa3f778e8025876d62916503f8a9f63,Perenniporia,wood_saprotroph
357c3402730d7c90c229babeab58cd3b,unidentified,NA
3a12f5f817584bb8913a95740d2d1dc6,Mortierella,soil_saprotroph
d77b900b93e8178d1c100411233e4aa3,Curvularia,NA
03bbfd33122d1c7f3562f610290451c7,Oidiodendron,NA
97f4f8169a49beb74f0a0b9666d22000,NA,NA
db2c694daa7dd9155318d104c08302a8,unidentified,NA
ed229cb2670f4c1ee1281e5109081f47,unidentified,NA
e7e5877f4de8a44228cd0c07e05e1de5,Parasarocladium,NA
0dd1e4ac3d8147d8854c7e1f3341f7ec,unidentified,NA
733ee58d329c2f2accd66e3280758abf,Passalora,NA
1aa34136a14a844e77fb19ef6e5ae523,Rhizophagus,arbuscular_mycorrhizal
fcf650ad7b114cfebd1ee7df79846cbc,NA,NA
c624f97c9bdc5f588a47a72ac1cbf48e,Nectriopsis,lichen_parasite
0806a31cf5d3c1235d04a8ae12131907,Geastrum,litter_saprotroph
e824b1e4469ad52b12b6143b99a6e819,NA,NA
c0164604875587ed525b3cff857c4d01,unidentified,NA
131004c350893d2f8b38fdde29dae3c5,NA,NA
5934e7021fbc343236f92f458db0030e,Tomentella,ectomycorrhizal
bfeb8e1d8a57b9ebeee884414cc1d445,unidentified,NA
82e661561573d5371242c98d560b1c11,NA,NA
f9f9e53b1d9c73a7a765f0dccc60f206,NA,NA
1495644e65cb7379e473c295fe8c6d17,Cryptococcus,unspecified_saprotroph
c24cba7a9f3756acda92a43325069fb1,NA,NA
9b98a879aa038b660e67e052f97f44c9,unidentified,NA
800c8a9223f3f67e17eb70538bb8ab84,Fellomyces,unspecified_saprotroph
7446faf6aed4b141e0bb842ae818e027,Sclerogaster,NA
ea855dc37055aca00d788e123796253c,NA,NA
e501b0e3880eb798c85878d1dccac03b,Clavaria,soil_saprotroph
1d8146ba57ba068ba9c86662a748c223,Kochiomyces,pollen_saprotroph
89e4c5ecdf8e3ee8cefb4008fef4a685,NA,NA
aa6b926199400ff600f636a6da70376e,NA,NA
beec0f45772cd9aab37389fd1a1394f7,Mycena,litter_saprotroph
1c370941805da04c6d40e57042dae11e,Preussia,NA
a52e68ba9dbf0a6a3ada7326ef9e4914,unidentified,NA
60fb2106394b3757a994b09a6f689dbd,NA,NA
8ecd21352fb14c72b215c389775d18b5,Lasiodiplodia,NA
7c8978f03ec586df2391b359b7b6391f,Lophodermium,plant_pathogen
2883f0e8e06843bacc13043ed486d939,Paraphoma,NA
fec6a43c5d10a271d91b4f94a55a3ea3,Russula,ectomycorrhizal
096a1733ce79bcdbac4bd44d607d4228,NA,NA
1fdfe0d0a420c8680dcffad022564219,NA,NA
8b11edb53c0b83b02c56c3de8c0e506a,Pachyphlodes,ectomycorrhizal
b6629ee1c6169f8e67b5e2b1d09cee11,NA,NA
ab4c5bb79d4dac6e96e8d4f73f52f6a2,Pilidium,plant_pathogen
ba5c572396f324c7157c370d0a169a51,NA,NA
396fa5fe1aa6e3fafb516048d4a051ce,NA,NA
6098a3eb687d3e73268373979301008b,Orbilia,wood_saprotroph
433c31bad454bb7b8f885f918859d056,unidentified,NA
41e7c175f9df26a2c57cee9bbcc1d400,NA,NA
5247749d1505ad8899af1b1a2356010f,Toxicocladosporium,NA
9f026103295619327e110fc34e440e8c,unidentified,NA
58975fb050e46ffcf078fafbb327e9c3,NA,NA
2bedc4f5c2e10d7d42a32835b9be1661,NA,NA
ef2afeaa6b1261dc47b8ce8ff7c5b7a9,NA,NA
3283b5897623ea282d20dc462fafc65c,NA,NA
83749552ffedbf335b29eb55595baced,Gliomastix,unspecified_saprotroph
c4f7bc5eb665225999b3499961f71796,unidentified,NA
f1792f77c69fecba38b77883421c547b,unidentified,NA
58f8e09312ed3133f28d139735282246,Kockovaella,epiphyte
7bb4092afeabdc4c9361d7acdc857351,Devriesia,NA
cffc4dd83bf16863f17638678c5f87d0,NA,NA
efab6eb944d182f99405edaedbe8c1b9,unidentified,NA
b060af80f514a70eccc875fc77a61dc8,unidentified,NA
3bcf3f913f80ecb2e77a77e8776f1b53,Xylogone,NA
9e2122f856880b4cde8ec10b5c8cf582,NA,NA
b314cfd8878849fb56d025e8278c41fd,unidentified,NA
c232897064699db8315a0d7d13d670e3,NA,NA
eee3fbb6b2adbc43a7e3043f64766f14,NA,NA
c06316fc5c817ebcf7c3a70853244f41,unidentified,NA
7c598b1d82772458cce73702ff24c34e,NA,NA
5f610fe260ad5fc2e5474520d8d526a1,Phanerochaete,wood_saprotroph
386fc38f6477d7469ecec9d92adc4879,Hypomyces,mycoparasite
9a98ab54cbaa6444667dae7694a906b1,Pseudoplectania,litter_saprotroph
b6bb7ec9abef491738b12774fdc2f41e,unidentified,NA
75533e5684dd66d4a817799c9a6d74ae,unidentified,NA
e666560bfd7be38e5c66d9533562db92,NA,NA
cb374a95b523c73b2796e309d6abacea,unidentified,NA
704aede885de7a1e21619b28e8f3c0bb,Disporotrichum,unspecified_saprotroph
9450e2f949125acd33a216a35cb889fd,Vonarxula,epiphyte
186c0d455c007d9c7bf3a3ab1ebc3d7f,NA,NA
a17fc5326ce44ab0825ffdbebe49e13b,Papiliotrema,mycoparasite
23c3e791dc7ce25c2df0674c6ad7b358,unidentified,NA
94ab64f4d513c3ba4b351c901b73177f,NA,NA
16eb60c7f9f95754126f9da64921a8ab,NA,NA
0f9c1d7849096d95d3be9b27b1fe9e33,NA,NA
7f2ef85b59303f0c8869c967750c00ef,Ganoderma,plant_pathogen
bbeb813cd15f78c64bb544d4e2b41f21,Trametes,wood_saprotroph
10b55ea4e0c6a04d4b61754a5f20d662,NA,NA
995cf37f8c38627dd20b1ec82549c77c,NA,NA
91bffcf69cda2e5e6a707f9d7aea2e32,unidentified,NA
deadd1ce33371fefe28b004f4ccb0c87,NA,NA
60c37829f88279202e7efcf6fea571a6,NA,NA
b5ac341ca86fd43e4150ccf5e88e9edd,Mollisia,plant_pathogen
6abb3044c4c1d1715ceb2b95713aad80,Monascella,soil_saprotroph
a53130f8e9a9c72a0efb2fe8eecf3270,unidentified,NA
24af109498a69a76eca2820c68a97d98,Geastrum,litter_saprotroph
b57cbc0ae9d6fb797df607a83b2df01a,NA,NA
b33a4136062b31188ee2f77a0a40e246,Mycena,litter_saprotroph
2eba371f76f36fb8374e0010dd7b5260,Metarhizium,animal_parasite
2d695b6149fedb10b711bf93d31ef808,unidentified,NA
64a802614933897c8f8acb5f2a9afd42,unidentified,NA
d5aacad97d5e233ede1534440ced7780,NA,NA
243929288498f43c53513324ef6719f8,Geastrum,litter_saprotroph
ec79f81e2b1d71b0fa08deb314ff5535,Buergenerula,unspecified_saprotroph
c466d30f234267eb802ecabc3434687d,Septobasidium,animal_parasite
c07a9286b3953984962ace1a3498decb,NA,NA
14021cf784c50138d377730d19bc88dd,NA,NA
486cbfd33a5858327bd0460ef2aae79a,unidentified,NA
bb6a8b6377bc50a0e8bb85fdd9aac510,NA,NA
4d62bb18345fb65a119823ffd92348b8,NA,NA
591c24146a944bf1231b15b6ef9bca6c,unidentified,NA
07ec5c52dbeafdb7d970f5826ea28229,NA,NA
a36a7a058ac72191939118e2ad36a6b0,NA,NA
793307a3956c6612e7a9c310c9675d08,unidentified,NA
b8cac312179b942a22522cf7ad155057,unidentified,NA
20c719a189478a40f2a9fdbf3c049064,NA,NA
eaead24db69cfbab2e796761e4a3fe9a,Calonectria,plant_pathogen
48d6c30ac59600c4b41507657b581d20,Rhizophagus,arbuscular_mycorrhizal
1c66b9fe581547c362864e113ea0537b,unidentified,NA
6c7af692ead32de94e05ded35cbd637e,Lecanicillium,animal_parasite
3d67b7c0b277e17d19ca7044cf680fe2,Lactarius,ectomycorrhizal
2031b551afb1ce80221896975a021afe,NA,NA
b17fcae826543ae5527e0e5b91c8f0f8,NA,NA
35e553b9d23c87366b44070f762912a3,NA,NA
578c11b3097ed9939c5f72a78d4e874d,NA,NA
1f2fd41165b91867a6eb0dc5aaa1f11e,Eucasphaeria,plant_pathogen
65033db306484177b6b0890a6e47aa28,unidentified,NA
1f84be060eda9c753d9d2fedf315bbd2,Simplicillium,animal_parasite
6caa5ffac64903943862ea376c2686dd,NA,NA
b2319408a275950d317abe4d95dd3cf4,unidentified,NA
364452ecb0d4583d2cb7b327f2a703d7,NA,NA
909e150d2e16d9fd27ce26fd0b897db9,NA,NA
842e3cede247aae71fedf747877c7e15,NA,NA
cf8701f1714cc661ce10af9c979ea6da,NA,NA
5f4be98fb497154f193fd6304c7474ca,NA,NA
f06140b37b20095290f04ca57fe3fb51,unidentified,NA
cb2b36a607642b12ab27b23661c50d12,NA,NA
662be68ed11789c8f7c3d2a086bc9e2e,NA,NA
42e296925ea085fd4e211a0165e8c8c9,NA,NA
64323eb8a9bafd9911d73e283c43cb02,unidentified,NA
733e7ebb80980087310edb8486cdfa86,unidentified,NA
5b250a50a5459060d9ad55fc042b52ba,NA,NA
f626028ea520bd9ee3059c32ddeb6925,NA,NA
2bf3847630fd0e3197c307c95dda7e13,Venturia,NA
91132616a7fa882234158be40eb550c2,Bipolaris,NA
23f37fa735938065620889141f1ea9f3,unidentified,NA
97a3331b4d120d2b48e48a819bbc4142,Umbelopsis,soil_saprotroph
ba05bbc9672cfbc306da5761a20b38b6,unidentified,NA
78d0f0f7b8ceb42689affd5bb76ab0a1,NA,NA
d3e6c661fbfe628745a575f8ebee842d,Capturomyces,NA
a9056b53743bd5783524e9e942c22eb8,NA,NA
49a039cac9bae42f1046181954d71cf2,Flabellascoma,NA
8f09d41056d99b67f9a20e055afffdfd,unidentified,NA
fca9a33c5b6aca7c9fef187f3fe7a860,Pseudorobillarda,NA
2d97eac601111420a7e40f4f1046063f,Cirrenalia,wood_saprotroph
1238e7511ac78e846ca6ff5328f03d51,NA,NA
fdc740a801f7a386391465719c139ae8,Heydenia,litter_saprotroph
f52ce9c829d1ffdff3c11925be1e4a8f,Lycoperdon,litter_saprotroph
16679b6d791868784bb29c607e0dab6e,NA,NA
b2f71c28bd2340082ef3d8f5ef160b76,unidentified,NA
b3315373960f957f52b29cfbcd07dca4,Castanediella,plant_pathogen
2a3c340fd641d86e3d250374b8bb65d8,NA,NA
48dc30e8a85b1d1376c7981dc2ada441,NA,NA
bcb62f3cf93201bacad2dbfedb9afe9a,Cryptodiscus,NA
5b0adb7d08e79b74a795abcad98f8a94,NA,NA
21bf2b123fd914aee8677201f1866f7d,unidentified,NA
4324c61ad52e65f3df3f29be7d32199a,NA,NA
1d540ed84af46227fee6db1b4c2e2010,unidentified,NA
635413e5193e8d529614c085275cc311,NA,NA
fd88d2b2da5e3ad77ce2ef780b43f563,Inocybe,ectomycorrhizal
f3383494ca4e3cf4e70b7bbee284e4d7,unidentified,NA
7ac007bd951aaff294ed1658668a0b08,Talaromyces,NA
0b256daf4a2564679487f17dba4afa9e,unidentified,NA
b1225d307ef32d9d1426263da64548fd,NA,NA
cdc481e4535ba825072c0fda17a8fda1,unidentified,NA
0b49277c5b78f2973a9dada70e51eb7f,Papiliotrema,mycoparasite
cf908eca388bf5ca09b4ceecd7ffa026,Stagonospora,NA
3d880c09c74d4f6cd1363340325aceb1,unidentified,NA
5dfa12df490ab19294e941def99d7a33,unidentified,NA
eadccce40f2f1f9debcf2ce1ba1ef9f8,NA,NA
e0c5665d43a34e2bed008da5b0fbce04,NA,NA
dc67dbbaa8399d18043e12140eab08dc,NA,NA
e90765f4fd565efeb1431972a349c498,NA,NA
624d0558d1f89690b0ef0098d593cab8,Orbilia,wood_saprotroph
0f992ddb658a726248e9d1346f222c0e,NA,NA
1bad45514551c643fb974520e12dfb2a,NA,NA
c00aba6e6528d852ac7cb812282a290e,Cortinarius,ectomycorrhizal
4094dcbc82427c63fb75359a7e854110,NA,NA
cf51e91170b2bff1c60c3a1bfd1768f6,NA,NA
db404b48a8724b300ad95c078c9519cf,Vermiculariopsiella,litter_saprotroph
1f606b7578c0c272d5ce362273c322e1,NA,NA
85b20e0e900c7222081465b29afcb268,NA,NA
1f0df8019e570fcc1ca73c1c780032d0,NA,NA
6bbdb87de4dd620db63e3b479468c2ce,Rachicladosporium,NA
19afeb7830e75618a830d54c5224726f,NA,NA
7f0d0e560677a9503816e8f935fd6b7d,Favolaschia,wood_saprotroph
11c85550d3b07c20e5272f469984c011,NA,NA
b563327fbf192c5eb2f0f647dd7b9d91,NA,NA
2da190f94c4b7aabb55c3c342e83219e,unidentified,NA
ab27cb75cb1e162d16c353e28d3433ee,Eucasphaeria,plant_pathogen
8b50ed72edf6b5a8628e64e52f8bac47,Parateratosphaeria,NA
eb8741628b7d447c00d303c07f8bc8a8,unidentified,NA
c9b9a7c36a578b533d205c3431a9d904,NA,NA
41783bcc94360ba336c5bdcf2b30d842,Eucasphaeria,plant_pathogen
9bc0d71ee51c63ec84afb9a71b7469df,NA,NA
c9415a7bbe37608f551575e099ae08d1,Oidiodendron,NA
ade2edeee4401bed96ad301b1d4cae0b,Conocybe,soil_saprotroph
b131bc86e27d8d95134ca1d98c290fd4,unidentified,NA
6766911a20520f5ecc9ddaf8002ca40e,Biappendiculispora,NA
4c825de413ec463bbd59d052e80c1409,Xylogone,NA
6f724f7cc36fbbcc500631e432cb1aa8,NA,NA
a429dd06fe931fbbe238e1aabaf4dd85,Classicula,mycoparasite
31a510a4ef0fd73bb7c34a7c77e8f325,NA,NA
dcd549181cc95be8bbcf1448f2302e65,NA,NA
3a532ca9ed45d13f911abcfad86e1ad4,Coniochaeta,unspecified_saprotroph
7ce80d0f18cc94ce82c7a3c084b4291c,Conlarium,wood_saprotroph
c1033ac8b38695bd22aa119aee6b988d,NA,NA
6e120e1cfb3e7ce41a949c1e8ed369dc,Scolecobasidium,NA
32c34ef19e2926e47b4c21699ae97203,Melanconiella,wood_saprotroph
221dce2918358f46db5b2bbf4bc02cdc,Geastrum,litter_saprotroph
0b8ec4114a4f542b85c62e6d023ad3c9,Neoidriella,soil_saprotroph
a41dd2c8563216b6a6408d60b3df794b,NA,NA
1bff35f1ff3710942734d0368fb89afd,unidentified,NA
8221a50b7562b8f68a1ababfc7cef270,Geastrum,litter_saprotroph
cd9c322f5a0d5d1ff443967bc92bd129,Mycena,litter_saprotroph
74d84a649459fe6186f43aab7adb4a7f,NA,NA
eade2c84fb47439577ecf2fe5409676f,unidentified,NA
b60797e1ee0dbf138801d73fa0a857d3,Nectriopsis,lichen_parasite
b68cc3c830ea92feca4f9491a6664c40,NA,NA
7b842a974717f7725a1298503e0991fd,Plectania,litter_saprotroph
827adb274236ec0d10fbf577f1c0809b,NA,NA
eee0779af7fbe63d813eeb71db2d741d,Lepiota,litter_saprotroph
c9ff91915596dd2fd3330521597125a5,Talaromyces,NA
f73e7d5373f4126c3076de4308098950,NA,NA
8692c51282f0fadbfda1bc80c4d60d91,NA,NA
0f94e6a641b5dca2832782dd126780d5,NA,NA
a2769e39f46f3c469e0cc205b8000c39,Zopfiella,dung_saprotroph
c70b0811df307ac92b3db303140e31ba,NA,NA
f377fd835c937232c6452b00c53bf1d8,Talaromyces,NA
5c29ff12e99441c7412c327262e85fbb,Magnaporthiopsis,unspecified_pathotroph
be55fd11aca106accc5a05753ecdd73a,NA,NA
2a59c43ad4747663d9c6d9d597a4cc4f,Microdochium,plant_pathogen
6af05aa5d4ff2d73b01c83f75e67c299,NA,NA
41da43e91561464b3674a447303351d9,Geastrum,litter_saprotroph
999f22185be5d64e8fbbb4098a8de84f,Archaeorhizomyces,NA
503a78c6130f378acd305edd7dc22958,NA,NA
0ef7dbce1d86d0073408fc80ca84d313,Pezicula,NA
7b393106728f292fdbebd02028e1f387,Phialophora,NA
797bc39166286c2ff2eff0fb963a448d,NA,NA
3ccd20d0752643fc07e9018462b68994,NA,NA
7e0ff3398c3cb19084db79c0f5c499ce,Extremus,NA
1230763b62c47c3786b1f295d17ab783,Pseudorobillarda,NA
c92c6c58182e13bd9692965814a3eed9,NA,NA
46176ccea762d84379929c311a6905d1,NA,NA
97d5684c3308209650e6cd0675aad076,NA,NA
6cbb7f40790f3af7a317e1fc7b1c4bf8,Hygrocybe,NA
d476336fea96c47e02412034f3604436,unidentified,NA
8bbe9628248d2b5b02f5f60a26538d36,NA,NA
54d7949756cd03ffde0f69e16e90de38,Xenasmatella,wood_saprotroph
93b128f7be35a13bb80bebeff3ce3827,NA,NA
d46dc88c57b7002003e5341e4fc62807,unidentified,NA
37d7aab213824860e6a874a3d9f5bc62,Ochroconis,NA
cfc90f6f2f7e215641a5ae47695a82bd,NA,NA
81f8db4bff33c358b81423e0ad4ed528,unidentified,NA
6fce948c5809b83434ba825ee0d9c01f,NA,NA
3705f3ce38574ba53e67d4361d63db98,NA,NA
169ca352ec887251412a3873db694b8c,Papiliotrema,mycoparasite
9625c37adb0d94fc8259fb8311a6531b,unidentified,NA
c3d1d1ff5cfc57aed3b2d19f5f485e0b,Cortinarius,ectomycorrhizal
ca53fff1a424661d0a67f44be290e784,unidentified,NA
b971bc585ab9a6824612c898f0c58569,unidentified,NA
b3d073695bb933e114500b82e9e1389a,unidentified,NA
f828d29dc5f831d614ec696a3dbdbf34,Toxicocladosporium,NA
aa40e94e4bed1fac86ddfd001e988a1c,NA,NA
37390767b65ec039449a6bda1aa9d79e,Paramycosphaerella,NA
6c8fef04e9b0bbc4f05b09551b7a85f2,unidentified,NA
307c9e63790d95f9d528d950e94c5eaa,NA,NA
5598ea23c295ef6c3abdc7715b4d04a0,Hypoxylon,wood_saprotroph
22b1cde6eecbc056f2d12f0cce18a12e,NA,NA
79072ed9dbd4f0c63c044ef2b9c65c0a,unidentified,NA
daf4d97e871b9a4f312a3199bef5ef48,unidentified,NA
409d37faeb3cfc588bdd7bd5dab0b0ee,NA,NA
8a1a8cdf3c7cdac32dc42e46bedc0aff,Pseudoplectania,litter_saprotroph
63a6cb46fd95b60bc295623b60f9249d,NA,NA
1fbf1b5d948860ac9d354c83e98fde8f,Serendipita,root_endophyte
14b94fc28c67c4d6605ca21115752b64,unidentified,NA
8227386427f313062ef297f92e7bec99,unidentified,NA
e8c6573a9a711a094f3405f5efc9d706,NA,NA
538a5a2e8be7cbdaebbc63999948f165,Fellomyces,unspecified_saprotroph
98ed4d19c5d9562dee0beb9b1b22aeb7,NA,NA
e4fc6abc8d26420f1d96d60bb17a556f,NA,NA
1a3c546c5b112677a8127c420112ec01,Papiliotrema,mycoparasite
b96171b02277ef68e9487d5048818d56,NA,NA
5754a5ce7df73ac614eb933c3418ae01,Holocotylon,soil_saprotroph
9ccb0211ce4fd9172b3002de713f2f74,Pholiota,wood_saprotroph
1fcfd6506a99e7533cd0ac8f29158c45,Talaromyces,NA
fd9c3268b3a3eda483a75f3f3767fb38,NA,NA
b487283c636e25158387b73a4fa207e7,Peniophora,wood_saprotroph
e93cdfb56fb1de836ec7a28b489de973,Chalciporus,mycoparasite
b907f42187319749f7fc952c3826db10,NA,NA
c71f745eabf2f781d4b1a6809a862f6f,unidentified,NA
e0dd79731e6e056814f0612e4f9d67b8,unidentified,NA
e9e201c0e428c8d27af196bb7379f0f6,Thelephora,ectomycorrhizal
91cd64f0fbcdcf45140b3fecf5351cd1,Hypoxylon,wood_saprotroph
7e5ba2d6355367c2a0f1f4df4e7f4c9d,Scleroderma,ectomycorrhizal
c2ab5817db40f9d55a76a9428b09ff72,Colacogloea,mycoparasite
a40f408f024abe2a5eb2d508567080ea,NA,NA
33069e76cfc0ca37f11c25d875abcb5e,NA,NA
c2e70a83edca4c013fcd3f6e072f8a46,NA,NA
0ef7c5e1077790fc85d974c1aa372eaf,NA,NA
652337e72c95eac651e71e41dc47e437,NA,NA
64df4b106321b12a96ec3881f5a64403,Acremonium,unspecified_saprotroph
3bba13e55a06be0b1f27f2f3719fc20c,NA,NA
1d436c6ef50b891d3493866d7eb652ef,Scytalidium,NA
7e269636f7484cabb995db0c1695ba05,NA,NA
94a7db69e6ffeea99fdb888b024001b0,unidentified,NA
132148fbb875bb695211e1244962f916,NA,NA
ccfab25da85901a9216c7be26947f5a1,NA,NA
8af7ed94d6c4d5781782c580120ffe73,Colacogloea,mycoparasite
a86099b57c4f4a1d62f115d05960cba8,Fellomyces,unspecified_saprotroph
f763f5d6235fa404ba2e9d82a89cea54,Fusidium,unspecified_saprotroph
bf78b943f78ec06058bbff68a5f61c4d,Hannaella,animal_parasite
043aa0a32c572bb2a07271ac9df9288b,NA,NA
52482ec2b51b143a9b02660567e3c625,NA,NA
8724da3b01a5a029023ed5adac6dee56,Pezicula,NA
93d959f01e8ced91832485853f797609,unidentified,NA
bbb8c6b3f938998c1f1eb8407df191b0,NA,NA
863194dfc4e2c162a0f97aa6cbbaf600,NA,NA
8402f385c0b3beb07657365e35f7b644,NA,NA
b89cd583696a8f6c36e418823e39fba3,unidentified,NA
cc2af79850131309aabbf55c501e053b,NA,NA
ef6d0e9f91a9b50d9e18d8ac46c7e9a2,NA,NA
9c0b3abbf7e92ebc17f38832b61ebc12,NA,NA
39337ecbbe433f753c09c97bf24017ce,unidentified,NA
9d9523fe4d80c390c5091db7b362e4eb,Podospora,dung_saprotroph
8d78393fc16018f654c4116a209fd610,Rhizophagus,arbuscular_mycorrhizal
73134e33411efcb264b1703038dad163,NA,NA
414c39208ecbe504e8512b95c799ad50,NA,NA
db720c77e8ceb8bdd09be12f076de424,Tausonia,soil_saprotroph
f38f39b000d345a84b765bf8da7a48ba,Phomatospora,wood_saprotroph
d1ec2fd92e96b73a84bfdcafe384010c,NA,NA
0690a54a5628bf45e438b3475e4e29b0,Schizothecium,dung_saprotroph
bf29719b54ba38c14fd290518f9b4198,NA,NA
e1140b702e913fb97f1ca39077c9414a,Phaeoacremonium,plant_pathogen
958c1109a58b2ee0f35e88c075048574,NA,NA
1a416fabbf5046057a7216a92c1a97ef,NA,NA
47ec34a1a1e37ba2938f2298fdaed563,NA,NA
3287cc86be1e3c96288fe2b59aef1a3d,Ramaria,ectomycorrhizal
b7d901676d2e9413d7605aed7d4a6de0,NA,NA
c38634d65d6a04cc6fe384e52c72280c,Colletotrichum,plant_pathogen
67150814dddf858e9b030f92d601656f,Mortierella,soil_saprotroph
0ab8e7205743e9291345719cb02682d9,unidentified,NA
f942c3bb6dc7ecd83bd104e867403cf2,Rhizophagus,arbuscular_mycorrhizal
f02d6d1043fb0934d3b0c967ec848a15,Papiliotrema,mycoparasite
3e52a2d2291998f8b3c7f1a9986ca994,NA,NA
b780d1cdc3ea7fec72ba45a13d1b4924,NA,NA
225ce1c7498d99a0d860dad19bac459f,Fusidium,unspecified_saprotroph
6b713cda2bc9ea70c85044caf31bad13,NA,NA
fdf157c4a64437244f4765d32b0a68f1,NA,NA
e38028c6931bcf648a1a100f2766e37a,NA,NA
c60bf37cf6c06d83f8985bc3aab94b15,unidentified,NA
5d53f831df59a508375277d504300261,NA,NA
b2b6409ed4657fccab874c60b5442376,NA,NA
f5a4e47c54eb70b4914a4ecc7bbfcb1c,NA,NA
a3ee92dea9adf8b65bc12984988f37f7,NA,NA
3c6508b5f77061cfd8b6f225781ffaf1,NA,NA
4c59cafb8f7b76d191bc78230e69a82a,NA,NA
2d54e65d70cc1b280048bed9a8353142,unidentified,NA
012976b0b1946b1bbafb552c235f09af,NA,NA
9fc1061c7b061b675c91d0f20a61b26c,unidentified,NA
c272c3b9b9c4e5cc8cdd658292696aa7,unidentified,NA
401c3c779ce5ed02febb2ba8a74cc0bd,NA,NA
f9d2fa6b91286fe204479c08a8f6baec,NA,NA
dcbc9fedea08579d0a761517718864a1,NA,NA
51997636baddbfcd7429ed671a36b01b,Tuber,ectomycorrhizal
d98cfe353a9f2dce235785b7138fbc57,NA,NA
75968f0b0e9ffc4dafee6d14e59d1a19,Stagonospora,NA
ff18a5cb7e5f2b750d2132eb0212582a,Geastrum,litter_saprotroph
d863fb30977a4cbbd4d49dc950657db0,Fusicladium,NA
c4b74ccbca0ff7045efb840bdf0e78ee,NA,NA
c70d88ea604c40399a16fe24a606e5ed,unidentified,NA
355fe59546db6d2c47d7b40364f2737c,NA,NA
7ba54c9a598e29b36965bad8353be241,NA,NA
aed7b7596d46d5b437d23abd32785759,Psathyrella,wood_saprotroph
6cb68b4b6dd2100c94f8611a85ce51ef,Mycena,litter_saprotroph
f2872c99e747ed8d7261581581ab791c,NA,NA
525c43abe856d04c2880ed18df139166,NA,NA
dfca1a7c7029673a7583a7dd30ffd717,NA,NA
41186d08cb87490d423e282dc509423d,NA,NA
89cd2adc19ad041f63a6f766cda1a354,Serendipita,root_endophyte
a3ce27beb057aa0cfeb299a06d27a925,Papiliotrema,mycoparasite
390aa63a4fc9e9824940ddaabc69daed,Tomentella,ectomycorrhizal
f68ca4ff237e67cc6b8199310290fed2,NA,NA
eee47979b41621d19c5e435d5c131fe5,NA,NA
3ac29e60bd122ec68fc728dcbee61a6b,unidentified,NA
bb953c0dd57a93aa70a01adffc5b15d9,Hodophilus,soil_saprotroph
b4c8267db98316f59c6208d705284645,NA,NA
d34ffd5545e1d8ef54ddb40d0aaae29c,unidentified,NA
f01a2ac1feb6df58d47770fcd872a573,Kuraishia,animal_endosymbiont
b88782ca0833312ab19867d96ebed336,unidentified,NA
cff20af006be8f9f0c157570ce7992d2,unidentified,NA
6e0cb4123ad4102977db3cd68e9debde,Albotricha,litter_saprotroph
51894fb7f8c0579cf50e008094f4dd5a,Hirsutella,animal_parasite
1a78011e843f5fdca9471ad3f97b81db,Lophiostoma,NA
36769057c4be2f296177e14f9d23dcc2,Chaetosphaeria,litter_saprotroph
2bf1bfe66de2743df1ed692433b3a138,NA,NA
2a89e6ea54f7e75d03f20a3a7c96db10,NA,NA
f5fc24428edb215e28b66970c33044a3,NA,NA
47f2081afe6dfa11f8ff155a876daf10,Pisolithus,ectomycorrhizal
a01bd3cba02c164dbac4f14f1f0a4e51,Septobasidium,animal_parasite
faf4479aba739b7e2123486f4dd35749,unidentified,NA
32b6cad5073df3361b24de7b4833b7c4,Papiliotrema,mycoparasite
f2ada7760b251650055b96c8d97f8aee,Diplogelasinospora,soil_saprotroph
b2a35a4d382b1736453773efa0733db0,NA,NA
43c6e25b63abcd82177de4d4a1f7a720,NA,NA
d1132f1d209e64752a6404a7ed79ef4c,NA,NA
1ec4967c8136738b5ad28d6dc6f1b27b,NA,NA
1cc14c54f1cc91aeebb003a158966bcc,Scytalidium,NA
33443075bad6ae8ace955828ea2ce5f3,Pachyphlodes,ectomycorrhizal
0485b5abfdf581be16cf67c3ba155a51,NA,NA
f76b468fc37fd13ac4e5ccdc97d7071d,NA,NA
7c0c21551a69b635e33f6ef41b2d4fa8,Umbilicaria,NA
7b4d1d4b1e583e6ee2148a9207926349,NA,NA
5b085e29bc72f55efafcdd7c56457d87,NA,NA
49014e0abcd87fee9fc9fbe3289d3fe7,Xenopenidiella,NA
0a2c3d20b2600bdc2265c446f652e547,Myrmecridium,soil_saprotroph
4413499e2df661213b7cdadf23e350fe,Clavaria,soil_saprotroph
ac1f78182c2060b648ef96c388b4118d,Seiridium,plant_pathogen
a8c7cc521400a8cae86b159278859d1e,unidentified,NA
961eebabc7b838aa11de6a7d9882027d,Papiliotrema,mycoparasite
68e5426a9b226d124588221c9335238b,NA,NA
8f8c49b47e725327816c448de4d09fed,NA,NA
3bee0e67102a06a89dfc0412c277ca87,NA,NA
2e42bc00337e2668e5934e4a062c7569,Fusarium,plant_pathogen
0282faeb7427cce858a9218638a0e48e,NA,NA
2912967f387c268df2c6fb6993025225,unidentified,NA
35ab263b9574cfeef74a227ec20f1ac5,Hawksworthiomyces,soil_saprotroph
2f6e0060ca7588626e5a532391d5ee83,Neodevriesia,NA
abd7eeddc8ab718450aa596191f514e0,Rhizopogon,ectomycorrhizal
6597cf0d7c598a743f6a73201f9846ca,Rhizophagus,arbuscular_mycorrhizal
4f2d987db5cb4dba4b1fd648aee5c33b,unidentified,NA
ca885b7b8915df560a91c55ceb9751cb,unidentified,NA
499460d4dc0ede5924e03a1523e03362,Thanatephorus,plant_pathogen
db843002be9c91c5fffc564df98f631a,NA,NA
e6a0fd8e351d318ab10e161fabeaa097,Scleroderma,ectomycorrhizal
850c75cc12799e3edb02fcb37308a576,Lyophyllum,ectomycorrhizal
b20a5abfc5c151d41fb4c91ded4e3ef9,Syzygospora,mycoparasite
18ad0c26f49b5bebcf20c9728c7e2197,unidentified,NA
f14583eb7be2ccc47477800d1fdadda6,NA,NA
5ea32552876637c5a5bf8bcea4a879f3,NA,NA
83a130a845cee85e20de24eda865e432,unidentified,NA
0a295cc1319d55502521466c1ea8d54a,unidentified,NA
139c8f73727f88bbd8ca944e5840c43d,unidentified,NA
5cd219dae3a18f414a05521a6cc34615,NA,NA
8915e9e6e39161fb3dcd8b62b13a92ea,NA,NA
5a58892a9935abe9c44a0bba75fb245e,unidentified,NA
dbb0342c13d1586235ec99c75c18748c,NA,NA
ac4d3c1b84e6a33387444ecca4d144ff,NA,NA
662265662893a5fde4d4b518d16aff20,unidentified,NA
7ab29b6aad48984f65414a74096a5d8a,Acremonium,unspecified_saprotroph
d5839f65ea62ea5013cd60b7b37272b4,Hyaloscypha,litter_saprotroph
66f688b579ddfdae61a5398526ddd72a,NA,NA
ca4a05d0c0e33e9146aa7d1bbe1548b0,NA,NA
1c4db4d7334b3b68628b2f864ed3429f,Colacogloea,mycoparasite
53e2df3aeedde1725a45b41663a355e8,unidentified,NA
b4c43742f83e2c4198120fa33b48cbd3,NA,NA
2010fbc285b57a1c02aa4df44a102273,Vermiculariopsiella,litter_saprotroph
9bd552e4e82fe052a4a8a2e398b074de,Apiotrichum,soil_saprotroph
63be7dd1a305ba8a77f7105ef648dc70,NA,NA
0ddd9a2a0b72ab4e639148c47099af83,Acremonium,unspecified_saprotroph
215ceaf9c565c4db2da643cfd77e1234,Fusidium,unspecified_saprotroph
17012391571113c7c5e387994d588880,Urnula,plant_pathogen
011edbac3dd1994df97c031a8acca7f7,unidentified,NA
41df2104d5a1ec7ae1891c6424ca3dcc,NA,NA
c5a21e9506f93bc1c49e93969758f78e,Saitozyma,soil_saprotroph
d03464dd6c1ba0b8377e0de77faf88a4,NA,NA
93b2f952fafb206350af685fa78c9ef0,Cerinosterus,unspecified_saprotroph
0ca8c03952304a50bb52482f80c3e768,Fusidium,unspecified_saprotroph
d15efc3023d02fd3a8cad70e2376ffcd,unidentified,NA
8241b8332e1eb05aaff5385689508a1b,Biappendiculispora,NA
a0a754fd02f65070a461034a7d17a626,Keissleriella,NA
eae0105de1ddeb77eb4200ef83dd65eb,Acremonium,unspecified_saprotroph
af0aa267eeb165ab5d8010b52208e64e,NA,NA
9860e4f358469952779103a8c6ff05a7,Solicoccozyma,soil_saprotroph
b8c3d75a1712e3a36d28fc6fc89aaa3d,NA,NA
464a59631e01e38361dceedfde4bcb3e,Lasiosphaeris,unspecified_saprotroph
82c4edb631fa725a77096da58b721929,NA,NA
5381e82f2bb9a0d6fcdb150d9b3fa6d2,NA,NA
85bf1117cec40008c9b23394bb055d00,NA,NA
9e980acef140e383820c36b2ab67e888,Unguicularia,litter_saprotroph
7809a83457261a10ba0e879d00ab3f39,Phaeotremella,mycoparasite
ade040218c5cb518fb2d066f881536b0,Phanerochaete,wood_saprotroph
c586647bc753997f3dbfb5ae10b1d558,unidentified,NA
d3e8ea2eabc7756d444dfd3559555c75,NA,NA
349db908bf43b7a04aeb8ec3520cd3f3,NA,NA
fec4fc24cee22113b14c23b77b03db9c,NA,NA
671c99dacf33bd0d10eeddc5d295e377,Botryobasidium,wood_saprotroph
7899e9fbcd85157f301b41ec4a23aebd,NA,NA
e66be65c71f47ad52626702be33cc03f,unidentified,NA
d2563a11f14e483673ee3c90cb939554,NA,NA
4d1cb92570782c36ddc07d50cfdc8737,NA,NA
2d0becc636dd7409faa22bd3b0e08654,NA,NA
28539f9dc9ef38939eb3c0bcbd6fe7e9,NA,NA
24a6ab1657870de998933d770975b758,unidentified,NA
1283ef861617ede7c45859cffeacaf28,NA,NA
b12f366bedf44b8ab9f2cdf73b65208d,Ambispora,arbuscular_mycorrhizal
2fba232d01f1bf6f73dd4d206e8de679,Spadicoides,wood_saprotroph
bd3b2eff7aa623c5d8752ea215df6e47,unidentified,NA
f9c59177ba7d8bb60610feab7745cae2,unidentified,NA
2e794c4603f24a2688d5f01803b8be4c,NA,NA
0956684a0c3026f13199360f1c17d30d,NA,NA
b8e816541b2c107baf523e7cd637713a,unidentified,NA
26a27cd492c45d3a45f9be40cbb2f9f9,unidentified,NA
a2d8a61b19b2d8331764640e8c71003b,NA,NA
c29c4c689cdfe63b68c2e40b6eead481,NA,NA
634603f4cd955ff492035c9739ba14f8,NA,NA
cc844c1089f0aaca348144def3a51a4b,Laccaria,ectomycorrhizal
6341f2a4f20e0f5da17e876da2c0dd98,unidentified,NA
41368db6ac7f5214afac6c4e8cdf2df9,NA,NA
68572f0a71cc7f15ff764375b37b4a15,NA,NA
7813fa58227330ecf75ee6cc232b897c,Sakaguchia,unspecified_saprotroph
4bd49642910ef6c74018a98e9affecaa,NA,NA
dcd88bff8fa3dc77e09e4aa93f1bcbba,NA,NA
5d7e9c06632101142b33d90aca6b7777,NA,NA
54b840614e4c2b2f7c3480b5b2c47115,NA,NA
79602a71e34bd5999859c2dae229c382,Pseudophialophora,root_endophyte
95cf81e23e9784f574d5172b75d5fc4f,NA,NA
7a32c9c02c42d89cdd21cef54a5d4ff7,NA,NA
5a6817861390f9cca1139ec659cbf2a7,Amphinema,ectomycorrhizal
ea7164ce6c93ad4a3bcb098195b7f1ac,unidentified,NA
c4124657e65909714bc7b8c24f49f93c,Hodophilus,soil_saprotroph
9b1cc112b4b19cc4336be50a82adac7f,NA,NA
5d78b7729a130e5325a8f9b3b9715876,unidentified,NA
d38ab6e30d5f7795a5b01f51b92e3577,unidentified,NA
f924bc31da4d0e134748bd8370714e59,Tomentellopsis,ectomycorrhizal
210894a5eb3f1cc29d6e79d303d59ed6,NA,NA
f96e525da69677b44b8854064bb63e7a,Geastrum,litter_saprotroph
e12ac2ec0b642db4ce282b9ed7962648,unidentified,NA
b06a5628f79b8e2361435357d344b715,NA,NA
473de7b34b9bcf250c229d7eab66a97b,NA,NA
582a624285b8be7a397f693360d60a2f,NA,NA
bffe3cf2de6d34680b9aaa398f66a674,NA,NA
61d9b7727ae906e5c244ad4fc210cc0b,Thanatephorus,plant_pathogen
6387651eec806160f842c3f6bc3c25b7,Symmetrospora,epiphyte
aeffe586e3cf10a6d2c954ad53e4241c,NA,NA
9b887f3b6f455cac5bc108a81327c62e,NA,NA
58b633e82629c7261be9b6f934b0fc1d,NA,NA
094286fa5c5e8e4a861d070775b3b735,NA,NA
d10bd66ef50dacf696cff6a4a55f89ac,Lophodermium,plant_pathogen
125335ce255f892c201d53600208e6a3,unidentified,NA
5cbaac61f22e750918080031cfa34a6d,Leptosphaerulina,NA
f1ae112f945574ada5fb3886f4ccddd4,unidentified,NA
5431663534572e95777e78d65a3a5665,NA,NA
0954f7c40f2f3a189fa2defad26be361,NA,NA
9332d18f2e8d9e290e01e803dd4119bc,NA,NA
c28fc83dec0aacb5d1de98a6dc70c1d2,NA,NA
f2fea1a0174a30d7a3ac7b0a14868ff2,NA,NA
bee50a31b96780e75db80ab9c8424f91,NA,NA
5bccd9d01458c451f4ff4a388008250a,Hyphodontia,wood_saprotroph
f87ff419a94ea1ce89f7b96ecc8f0711,NA,NA
8ee5aaf9f5474a29e1441e7701131885,Clitopilus,litter_saprotroph
ea451bc7fc030a629e64cd6e6351ddc6,NA,NA
482b22e580aa7cd83285429081177899,NA,NA
b5e5b6d670515a89887bf559548a674b,Botryobasidium,wood_saprotroph
1458ba1d06ae57f4912558bed123aeb1,Fimicolochytrium,pollen_saprotroph
0ef5b559da5f030ed163f7bd2ed5ec28,Tremateia,NA
14b24fe19b1ee0c2709cd9c276d70557,Genolevuria,unspecified_saprotroph
a41d4d7ca9ff9a786d4c7716b973c17b,Stereum,wood_saprotroph
dd48f0ea4de28ad97f1a00b369bf2430,NA,NA
8e2ca331f9cc155c4cabcc298a88b317,Loramyces,NA
708df34ede6fe9cf971eb16514ce6111,unidentified,NA
44a4a3549e33ee114e8d668b7fabe8b5,unidentified,NA
f8eaf0d8b157c02f61df55bb35f13774,Acremonium,unspecified_saprotroph
0aa5775c03ba04fa6bfe09114c8aa649,Aureobasidium,NA
5819a80d1f28f9c56e0eecae30dedb80,NA,NA
be606a75e4a9e423ed1d348869caab03,NA,NA
4e3871a2325cf7f8da8e5e12d6c09b27,NA,NA
9a55ae185b443c50ef31019c39c68252,NA,NA
d2adfac10baa3afc810a63fbcc56afe2,unidentified,NA
d4acde1b60d3c25d7a954b8c42972153,unidentified,NA
367ed0536cf2e9144a043ea2fb96a773,NA,NA
b5f87b5403074bc15a32e82072321813,NA,NA
f0d7144a42e2c70b4ceb3a24b809ade4,Clavaria,soil_saprotroph
93a940a7149f10998c94374b59a0cca7,NA,NA
8ce0e29eb6b2b8610dc00d626a35b365,unidentified,NA
c24b7b1f48168097c44a8280e80f360b,NA,NA
bc0cdbca37ff6cf0611acaa14a7a7ebb,Loramyces,NA
d2b9c58d20cc056f7d6f04b1e1de130c,unidentified,NA
a7c4db9554bde2f7f8de7cb270857963,NA,NA
bc86723dd351040da587c21e7720e6e8,Oidiodendron,NA
1f751175d0b3b23b474b6178e0d4dcd7,Mollisia,NA
90d64b757d90a54efef3aff02e2299fb,unidentified,NA
dc69c846933ccddd3da239fe5fe852b3,NA,NA
80431346b0aeabbe419c903c609e7ad8,NA,NA
2e07b51e3d9af5e3811b14ae17e0100d,Tricharina,soil_saprotroph
ea002684f73afb06cfac98377873414d,unidentified,NA
fd803814b0e8c8e2af9296cc9a419a47,Fonsecazyma,unspecified_saprotroph
39e736aa34d19890a6fe4e36daf0350f,unidentified,NA
b96c1a24c7132580d934f5074a15d832,NA,NA
a6d57fd28091b011106e39b5c8d08485,NA,NA
8bed726cdcca7e03e89e4bb7afb988a5,Pisolithus,ectomycorrhizal
e9766ac0248220f94eeb0d99a3ffbbc3,unidentified,NA
4f55566ae2277a09930d2f6a6cdeefaf,NA,NA
9097a486c049693209a91e8cb79da1a6,NA,NA
5d40e777a9f75089010abb74074b999a,Recurvomyces,NA
1406f2cba91e8aad202ced2d7bc94994,NA,NA
54fb14406e5eacefed5a87285bd7c368,NA,NA
a3e842c4b73a661091784f7d0bfa8e92,Myrmecridium,soil_saprotroph
5ff7f89f9a3bcdf52e90052f3de5656f,NA,NA
e4c3e037e04873f0ad19dfbd299f4170,NA,NA
46ee8dcfa98ba586b84c3d00a58f8e55,unidentified,NA
823e45544265007859c39ffe1fcb82a4,NA,NA
4a24eb7a574aea8ae7ffbd0ea14bc4e5,NA,NA
9dbfe4b894c544d91eb15cc589d6ba1c,NA,NA
4ee9109b1c49c12d647c49bb6895fdb5,NA,NA
58f2e188cbfb328d1e34d736b3caf86f,NA,NA
d009d7e2d64fc034d27032f90fe24c9e,Xepicula,soil_saprotroph
146f7c6c3ef5d4678880c250c0bb625b,Scytalidium,NA
05be1c5b28b7e8efeae55e67758748a3,Biappendiculispora,NA
f389a585cac85d2644cce48c2e262724,unidentified,NA
1fb636bce97681574f470ea39898cea3,unidentified,NA
050ecadbb44b156f24bb80d4de9fd871,NA,NA
aa992f194bff9fd4548a87a4bf3b7290,Byssocorticium,ectomycorrhizal
09944e95dc7c1ee9ebe4c8fbfe19d9f9,NA,NA
2f479730b28ab697ee1c1b89a35404ba,NA,NA
a5db448404dcd80616be1de38013ff21,Ijuhya,litter_saprotroph
97451c14f0839ba1b9dc458a3ecc3a75,NA,NA
8ab686105719452f8ee6dd29c8ac4aa6,unidentified,NA
38f76cafe5ea2756fce0d6499b324182,Kockovaella,epiphyte
9a02a366900c08eefe7ee08d4ad8176b,NA,NA
20bfe56134d1819743f0d7b25ceebbd5,unidentified,NA
e0cc405e29107c94dadd469546e01f4b,NA,NA
c9a7136bb18d9bd73c8831e4d75d5817,NA,NA
253faed17aea48fcd5c59144dd1abbe6,NA,NA
d6c92df4b89638c90ff3824a62a11369,unidentified,NA
6756cfe46684e2f5466c8ef231029a26,NA,NA
b96fc5ea70dc3a028347993e838435a0,Lophodermium,plant_pathogen
b118e16c5c104bef7162008de97ba644,NA,NA
182d06323fa83e97861820800c75eb82,NA,NA
b08bf4b2c478c515cc94cbfe5185194d,Geastrum,litter_saprotroph
43453a4c195b0fb9e04933b693f93e16,NA,NA
3a3181a5150c67274416b72ae5081a78,NA,NA
d89817924ae92a271ddff0c6735ac709,unidentified,NA
885fdd6991a8659dc7582fa3a06861d2,Neomassarina,NA
07ed4f7d74639bc9e04e39df2c3cb464,unidentified,NA
287ad07784ad328d7da69f92cd08aac2,unidentified,NA
8cc67a34e55cc6fef056aec4335372cd,Inocybe,ectomycorrhizal
a6d68be880cc89c025edb14b02f8c808,Cortinarius,ectomycorrhizal
f4ea99aa499b9499192afdc4a4ace792,Devriesia,NA
e741163627fe63e8bf97b2164d86635c,Archaeospora,arbuscular_mycorrhizal
935e4c426252e9dab8d76003285d5e24,NA,NA
9b67cb7f2a007e64a543b0bf3af23194,Piskurozyma,soil_saprotroph
fdb018ee706642ed6f97d39abb9706fa,unidentified,NA
98debe04c17dc09e246987d2886e8fbf,Phialophora,NA
7b616064a3ed4776c1f698a795fec59e,NA,NA
4e079a3429a6256696a21e531e6b2fba,NA,NA
8a843583fca2f0ce669d21dceea9d805,Phanerochaete,wood_saprotroph
c9cab44a0e54be9714a880caa55ac6a1,NA,NA
53726359c17f3bc346db39dbd78f748a,NA,NA
f7391558f8c05289db157e172f93dd3e,Conlarium,wood_saprotroph
1391adb6e7d12f5c9ac2256ac509759a,NA,NA
2339f31daba53a5c87afd2f5cd37ba17,NA,NA
b904e6357acf8e23afcfce90b68b471e,Setophaeosphaeria,NA
c428bbceeefb292eff7418de55f3846f,NA,NA
7e956647c044b86e1fd3cccc13578b26,NA,NA
73fa1151e12bb5f6b01a20c00a9b584a,unidentified,NA
2aa323f605ed2f1ad1c640bccf3de124,Lachnum,NA
d5dc8e3745e9e6416b3128d120cdfd09,NA,NA
72191ee50fe15ca50aff68a7f5da3ca0,Tomentella,ectomycorrhizal
0e37f9a1c163ae78e03db6c768dde10a,NA,NA
082259ede3a7defb4d43d6b66165567d,Bipolaris,NA
cc710cc9dde3ead767d96842538f540b,NA,NA
c3c38c2d12e4b2d8cbb5311683caae0d,NA,NA
c785743221faa43723e2e1c78f42ca3b,Chroogomphus,ectomycorrhizal
25e2a323c76f13bc563332183bdd0842,NA,NA
74dde4ccb0dc4f8a1b378350be05d806,Mortierella,soil_saprotroph
7540197ee84582cf1a1feda87b72a6a4,NA,NA
7e88993a1885408157a118083838da62,unidentified,NA
5769300ffa19f6f6a9f986d62eeebaf4,unidentified,NA
1e234d81602d887b9769152343852123,Monocillium,litter_saprotroph
1f48e2aea7ff6e2ed805753ed9380797,Retiarius,pollen_saprotroph
73fb1825555a7b29811b491eb081c46b,NA,NA
9f82f77a09420cae3d3b4bca6a4591fe,Thanatephorus,plant_pathogen
60dc9135dfc4528eb5fd664f53393557,NA,NA
8a8608d6ceb8a2c5b37edbc0016ad0ef,Psathyrella,wood_saprotroph
01b24ea03f0bcc8eee079a5126b1c0f3,NA,NA
71652eac5139f71e7b27120e3565ecbf,Thanatephorus,plant_pathogen
0f077ba0378904ee84d7bfd08aa9c49b,unidentified,NA
310691962e29ff4c61156fe6ad79fa11,NA,NA
2c64804d2567faa76c10ea0b60f77ffb,Albotricha,NA
bb61301d743a58a10950920124c63a66,NA,NA
930c30fc29194dc801b7f74f55fae28c,NA,NA
5aae3b15850f4762bd4e0058e784588f,NA,NA
ed40de6e1222da664f64cb317fc68f20,Mycena,litter_saprotroph
cf83ed46440f693b4ad8a06327884e8a,NA,NA
afa6968ff539eab940eb47357e439807,NA,NA
b785d1efbd4611f6f10fb17c4d8e2002,Biappendiculispora,NA
aaf5cb9fffbd5d0518727e76d36b7000,Pseudopithomyces,NA
44c3c00b0d73613cbf1d12bac23a0dbf,Curreya,NA
81be8cedd72d4b2aabeee184bf819520,Tremella,mycoparasite
9c815cd646e0a5577d56715c07f26cf4,NA,NA
58543691e127b8905ed79e6d6d486180,unidentified,NA
563918831c45181d0eaa624d07948354,NA,NA
0751d101b6f5cac89d731e63caf40f17,NA,NA
a97892e6b5466a0c272201f8f01a3f31,unidentified,NA
cd11eca7a767b938b6ec7ad10be4f56c,Aureobasidium,NA
b4ec568380d6d2533b7037443c321a8b,NA,NA
3df495fbae0f611d1d9a2b214caa2c2b,NA,NA
fe5a1cc3e8f1d3598179cbdb8e5630c5,NA,NA
c81456a2fca826547aa818ef6ffbaa24,NA,NA
a3e46b70ac3c8af8f73755d1c0b25ec0,NA,NA
68784d3d01631d15344c5e8a6d80ede4,NA,NA
acae67e7c98e79855aa6d00320437203,NA,NA
245ba143b68caeddb8f16c1894affea6,NA,NA
de06dffaa17972d31df23a36c313a1b8,Psathyrella,wood_saprotroph
04a6152f76a4e68961f7d0e2591c02d4,unidentified,NA
abaefe2d53cba86772b79704ce37d7ff,NA,NA
dcb52f9ac7bc14bd09151b691113cbe0,NA,NA
6b17baf1db7f206cf14bcdc7e958b2c2,Mollisia,NA
45eb7d0bfab0c448a23774cde90a61b1,Talaromyces,NA
2f87cd0e8c42464ebe839db7097436fd,NA,NA
7dca382f430ccd0e9edba2d1c252d105,NA,NA
4c804de670ee8dc3d4fea33b2977afe9,Spegazzinia,NA
d7e891bdea4aa84fdb44c559574891ae,NA,NA
b25a3662c9da432abb72cc798205717b,Pseudoplectania,litter_saprotroph
f683f731754cb5ec21f214d9b9f98e6c,NA,NA
f7899a43d9f4b99efdf876cf9bfc4460,unidentified,NA
5e2f973e3f9ec381f0c79d95f685f746,NA,NA
d513f4a802922e91328d93b428904e54,NA,NA
ed7798739ab798f64988fe4ea97dc956,unidentified,NA
79316b4c0c36c6c0f14200ba336cba2f,Geastrum,litter_saprotroph
f609b37d53ceda22d189c629ef599610,NA,NA
00570964c67cb4716136d8b54494df57,Tuber,ectomycorrhizal
297813fb2f80fbf46cdd85cea75368d0,NA,NA
1afdc7cf1d5b202a42d4e5a03b0c0628,NA,NA
f1853175e83244e86cf48c6ba1e32de2,NA,NA
b4928ac13cffed6979a95a5dd278aaf7,unidentified,NA
9b43c76eee4c525257ef826af02b21d9,NA,NA
7aa84584c6e1946186c3ad87c5f532cc,unidentified,NA
4b12eba0364f6c1111f6d696aa104796,Hazslinszkyomyces,NA
6335d4f53f890ea4ad271ad66d421cd5,Cuniculitrema,mycoparasite
1ef9c6a96524f71c5f5e33b1312610e2,unidentified,NA
10485abb0e005ca36fe480247fda90f9,NA,NA
0a6feaed06116cb311cc3ac2abe6f161,unidentified,NA
812190a6e13230779ef2575ebbae0ab8,Phialophora,NA
bf97a6bd72ce0d757068cc1296bb4c06,Phlebia,wood_saprotroph
cc84954188ab8836997534c86e925356,NA,NA
d33e596a833681b1c87b732e41fca32e,Takashimella,epiphyte
ebdd044426d60b87fb4e9ce9088bdd59,NA,NA
46b840a0900034bc5825e44ea83b2ae3,unidentified,NA
4449071c45b94305bdba540ac8996832,NA,NA
885502eeda69673720f3f5f94a97ab1f,unidentified,NA
08d17e24a236e1b35c8f93b440ee3215,unidentified,NA
971461562200af1010751601a73b8147,Schizothecium,dung_saprotroph
2673f98ff67b7513cdf5de73ae23ca6a,Mortierella,soil_saprotroph
1d14d21d4f9409db368c67847cfb04da,Rhodotorula,unspecified_saprotroph
af067f353367dd9ccdc91076bb7a691b,NA,NA
a31f3ffef80c020b940080b22284a0ea,unidentified,NA
84b9790ead77026000862836c70eabea,NA,NA
6023dd9fe24061f0af20f96d1b48b087,Ceriporia,wood_saprotroph
db8354c4513d81dc75f230c4305a3915,unidentified,NA
fe667c3cc00d6cd06d7e65bee8588b36,Sphaerosporella,ectomycorrhizal
28e3785757f31ab4d7bad22ff394e5cc,Cutaneotrichosporon,animal_parasite
4ec9807ea3827a8c523a0aa60f1e0e7a,Mycena,litter_saprotroph
a5f07d4db698966b063e2109b40f56b9,NA,NA
48c11a9516517ff537dbb6a3b7058b3a,Hannaella,animal_parasite
bcd7a474b43ba7771b9c4f5459bb32f2,unidentified,NA
e8b5c72956eca54febd635ae4f44e72b,Botryosphaeria,NA
2c87877947f19434838ba1f4975db991,Mutinus,soil_saprotroph
5bc06c671481d685ce0e016b19e268e5,unidentified,NA
1641b6e08f56ce61ed9af919b6bf55ba,Oidiodendron,NA
308ec71b31adc99fbbda0538ae696c68,NA,NA
7b4c54513120d2d98ed47f61892dd555,Russula,ectomycorrhizal
2cae60831b93f1e028f24a991a1300e2,NA,NA
b4c1e264368af96195f9280815ad80be,Porosphaerella,foliar_endophyte
6153bdff50d920326dcec0c82a94ff16,NA,NA
520df8c90939eb0ac2aca132ae7956af,NA,NA
3f4acd9c8004508fcb26964063735266,Diaporthe,plant_pathogen
1a37f45948c57e7ec43e396ffac0eb11,Myrothecium,litter_saprotroph
58e92ea5933b7b8f0333ea697e100358,NA,NA
89be9402ca83d6cb71ceef6038e7f62a,NA,NA
7e962731829b35a319eaecbae09ac90c,NA,NA
e2ed3e72a287b55535ea1f4bb02986ab,Scytalidium,NA
50e62c64c336b3f15fc6cb7d94f0304f,Calyptrozyma,NA
ea0e97e9deccabff2726c8c018908fed,Pachyphlodes,ectomycorrhizal
90259dba36fc3a25c01d5cbbc62244f8,Gibellulopsis,plant_pathogen
4e7c24bd6fd3a4c86549caefb773315f,unidentified,NA
81348219d37539598d4cde658361c42d,NA,NA
4da86283a766a0333de78a29554d8997,NA,NA
3593ffef989c5e20e03f9e683d751df1,unidentified,NA
781d1fb47cdd27c0040b0e7b47734e29,unidentified,NA
356ac7b198f09f52d24b2ea6543ce0ec,NA,NA
fdd2fe3ecbbe2837bff367d82ae553b7,NA,NA
50c35714d0855f5dc340410824b4fed8,NA,NA
79e7ef854f0f9d91daafe86d51d3a14a,Kockovaella,epiphyte
1e9d104a26d6395f02a4bd302470bf90,NA,NA
1b1b30e8358f4e7fd057626fd4b21409,NA,NA
a0fe35639fd8f9e75b45e511037b4672,NA,NA
96e99bd06d7c404d671d93dceaa079c0,NA,NA
aea5333a1a41724d119a07f21a914503,NA,NA
b1ba131c46fa23ea762de425b2252eeb,Phellodon,ectomycorrhizal
2d316c77f6fd27f7bb0d7a656dbcad36,unidentified,NA
a02f57bb6521f34236b393257856e270,NA,NA
ec3e9c20c00a0c4630e5229f4d6ac079,unidentified,NA
2a49dbe85c0f780bdc79be1e106efb6f,unidentified,NA
32d2b4977670645d6933535488c4647a,Fusarium,plant_pathogen
31b1154e2b2871f63fb5729c2f53b7e9,NA,NA
bfb26e66fda09128d270cc6a5173ba0b,NA,NA
4e7cb8b72d5a4528636f8838e5354014,NA,NA
823200b319adee8dc4aa2ed2f830caa7,unidentified,NA
aa8f19681c5d7a6a0c9c2cfd6843bf75,Geastrum,litter_saprotroph
9b37cd7c0ec094618556b858fb6f9152,Lycoperdon,litter_saprotroph
acc5ecc3958102073dc4786b36d09a06,unidentified,NA
412de415c26f8f5f34e40e0c34f53904,Cercospora,NA
12982d21e02996af1e4d5fb8e09f8c0d,Hygrocybe,NA
db9b035f06a5a6a8a53e474ad5063814,unidentified,NA
d2b01ad5a7faf6d41ebe388a803f9d8b,NA,NA
ee689e6d78951670e45e548175ebfb2b,NA,NA
65c5c95d5d20ad5661da4297444576d3,NA,NA
5ab0a776d4c63388daf597a39a15e67c,NA,NA
7747568636ae3487f12e50ef4092b041,unidentified,NA
cb130283699c705a3a3b8806a7a94519,unidentified,NA
63eac9030b647fc5924e85b78253d3de,Xylodon,wood_saprotroph
2a77fb422ff2327fe12d9d7e6a492b02,Bipolaris,NA
d3f751e4014d99cc8bcc9f57cab6f4e7,NA,NA
8d5323b00ecb6bf58a891d6379fdaf92,NA,NA
f88765f3aab1e10ed77e3db2aa2c3413,unidentified,NA
ad115e206f80ffe732c32d6ee07e0311,unidentified,NA
e52483f294edde6ff3d1d4c27319bdbd,NA,NA
f7adf8871eb3a69efe9d862c1ee87429,NA,NA
d5e18e5867fc874b6fe53cfb8dae4ab9,NA,NA
6df791c5f7ba651978643a36957b73bd,NA,NA
195157fb5fccf8f59830dbd98170f650,NA,NA
f23472a303166fb0bb216c079604255c,Trechispora,wood_saprotroph
76b0ddf6aa45e20e8c988ac4e6a2b211,NA,NA
dbadbab67eaebdced92d32dab0ff6a4e,Conocybe,soil_saprotroph
bae75b74c82f2e5a41ebe53a495555e4,NA,NA
6933da484e389e650cf01c014a47a97b,Eichleriella,wood_saprotroph
e745e219b3dd20a8f898f37b97ae568c,Phanerochaete,wood_saprotroph
db7a89087c5d9de9697072f3a7018a37,NA,NA
21b64831815e9159462fff26c97607e7,NA,NA
5f9624a667f3e41a2e58ff290f7172d9,NA,NA
815360bb5334d7a55fce5c94fc983579,Lophodermium,NA
b78f3e03f58a9358c7d289b3043e3b19,NA,NA
e68c9e98f7d60ab435e88e17e6ca97d2,NA,NA
a542b28e0341f9b78bf32d3d49162b04,unidentified,NA
d2abb0d14d8faf9e00a00d188419f1a1,NA,NA
6e839bc9d44a4e83320be6eca81e6722,NA,NA
41ae44eb6d45a6acfd4af7a47f906133,Peroneutypa,plant_pathogen
0e0f8d58ab760c2384161fdfa792a928,Farysia,plant_pathogen
10f97741d2b8be6dd5b2d194cdd551f5,NA,NA
b1ae0e73f24cc1eec243e5e7f70f7e20,Trichoderma,mycoparasite
eb84b44bed196152f2cd26280175e6ae,NA,NA
3bd3bb54141b28fd478466bf8d371472,Metapochonia,animal_parasite
12ca542ab6301a29007cd67ab40c0e90,NA,NA
14f8c23e2e523e4e44718d9d8336bfdd,Monascella,soil_saprotroph
957b8ba0f7c4e8aebcf2b6ea5a739f05,Annulohypoxylon,wood_saprotroph
57522ed96a0138708492f20837c343b0,unidentified,NA
b9f6391a10ad626d14226c1c7d309d50,NA,NA
d7c87859c945cde71461b37eec5e2bed,NA,NA
14d0fb7bb1c383195a46fef140efe556,NA,NA
6c2a508c80b51ce82c8863d48a0ae328,Lactarius,ectomycorrhizal
ff3653ac8d7e3440e962138cfa60562f,unidentified,NA
0453509d38c186a6ee884fdb3ec932ff,Sphaerostilbella,mycoparasite
5db5ba952a1ea9e89ffc884c8aa547e8,NA,NA
284c404fe05fce4aea4cae374e6e8c70,unidentified,NA
1aa5bc50a37e204999167825cd5dffab,Cortinarius,ectomycorrhizal
0eefe679dde226688801acfc18b2cd2e,unidentified,NA
d6bbbab716f4f13227187a1530c289f0,NA,NA
7c5ccbdd3f4bba23f47f519737192af9,NA,NA
fc202e435724b4769447b0842bc0352c,unidentified,NA
eb3d0455406a72ecfab5de62230e8096,Erythrobasidium,mycoparasite
93f116a9d1001ecff27ef875583589f3,Calocera,wood_saprotroph
8056ab46179145cfe0ea9cd4cbf83d90,NA,NA
0dad97794abb5bcf37aa887cd627949f,NA,NA
8f647706b85447bfb7160f971586a70c,NA,NA
ad10a49c3d7a31b2ad60bcf82f23f725,NA,NA
4ea1534d3e46febcb791a2a7aa751c89,Conocybe,soil_saprotroph
115d499b0636fff0b989c8a9544a1587,NA,NA
4659d62ea7d9a9b3a706215d5efc4815,Colacogloea,mycoparasite
50e096b8ac984251a5151a16cf0dcfbc,Kochiomyces,pollen_saprotroph
afbe6ca7e3601efe03fc913f760dbfdb,NA,NA
b6a1600092532ae49735624f4b5fda91,NA,NA
457e1341d49d2d7564eb161bd7b9c070,NA,NA
a7b2f7201a8d56ce8cf434cc99a9b21d,Veronaeopsis,NA
f43e5dd0fc55af4c116a1c8c62aabaaf,NA,NA
5912e0a0870af7d1c14ccae806a8a828,NA,NA
06abec540111d89620635a7a387e53eb,NA,NA
e6a2295a8c79e33584c445fc2e5dbd13,Cystoagaricus,wood_saprotroph
5d1cc3bb712c54d27be49f5d4b4445de,unidentified,NA
28badf0da84ab03196c93c0b897a950d,unidentified,NA
0b3e76f7e730189bc640bfb0e030b459,NA,NA
6a9174c827b3c0e9eb507ffdbfc44d42,NA,NA
e1766e5554ea83ab97ff2d6a1446755d,Phaeosphaeria,NA
f2d48a8bef930d6f750ef868dced9c5c,unidentified,NA
84db6b21ff43849ed6e09bda58947bb2,NA,NA
17261f5619596b21a11a7903da2d0da6,unidentified,NA
367d9a4fa65c82340840fff0074c7797,NA,NA
b5085fd05a04ea0d80979750df166b38,NA,NA
e99eab2d32e06bc9cbd0b3f45cb1424b,Arthrinium,plant_pathogen
36048bc28a4870c76a9eca6c3bdc19b3,Neodendryphiella,NA
81be0de52a8ac2e580fcb32f870ca0d8,NA,NA
cb31f84b8b7c36406d96859236eef0e0,unidentified,NA
bfc225b4d424a6d92fd5e9858f0d8ef0,Nigrospora,litter_saprotroph
e3661f8c7be6d04a8918cad4e7ab66c9,unidentified,NA
0f7b81202dcc3f860d3b124fdc562241,NA,NA
75e041f1046cdf1d7c51b7c263809c04,unidentified,NA
6161694f26b87da770e8a062f6898741,unidentified,NA
10ed3523573ca060992227229566b8f8,unidentified,NA
c60b9f6ad39d6f6202d6e8347b59de34,NA,NA
49d08671ba4c92499c8a81e4d232ebfc,NA,NA
a4eabbd595bc7a96e82be455829347ce,Mortierella,soil_saprotroph
41ec41935bfdaae20ad854bd4f05477e,unidentified,NA
f36e1588ed4c044f2973808efda57eec,unidentified,NA
fa0d30672ddc5c962729512443bec025,unidentified,NA
74bdf6c34b6134e319611894ca36c1f9,NA,NA
4cdd794b6447aadcfd667ca68c2987fb,unidentified,NA
894d02e4fa95fe834541bfd4efb8a100,NA,NA
e8d0b0953b5e3243e8ba8706f57ed6a9,Ophiocordyceps,animal_parasite
806091ca742f258ad9b1275279977773,NA,NA
17ca195561ddbcebfbef268adbc538e0,Serendipita,root_endophyte
fde5883d0f17518438a1c13d277d78d9,Hygrocybe,NA
70de0426e37ee48b28374ab3ff8d4a55,unidentified,NA
1997267f681eb9fac67c2487e4d2ed17,unidentified,NA
16bd5bfcef36f26d797da58289395ddb,NA,NA
df003eca256aede748cf3582df0c711b,NA,NA
48f8fee24c89005488f3c32c8382ab41,Vishniacozyma,soil_saprotroph
cd4aab34eec5f10c52b6b9a6af2f197f,NA,NA
1a68ab2b0f402e2d1b4e91a7ca29ea5a,Sarocladium,plant_pathogen
db32d9d70f3a12703e0c9289e8976d85,NA,NA
ff9f5db487365e1d0ca6c96daeaa966b,NA,NA
86d81d65ef29aad882e952c70670e232,NA,NA
11994ab4a06715b1dbb5a2b0802933ac,Vishniacozyma,soil_saprotroph
c5cf6f18b8cb5f4ea8e67f9f99fbafab,Absidia,soil_saprotroph
e598218f55918f028c201965c8d72c73,Pseudorobillarda,NA
bdd79751670694a6d92a9437390215dd,Hypoxylon,wood_saprotroph
9b8ea2664a4bf67882053be7301901fc,Acremonium,unspecified_saprotroph
87d8a47cad92f5c4b1391aff2086b1f5,NA,NA
b817a7eb9ade9ba3babbd4fd01df504a,NA,NA
6b95ac338215cc0c22bf868bd918323f,NA,NA
2db64aa12a744a4d7a65c416d23253a2,Saitozyma,soil_saprotroph
43314b118f6110db1dac236d7b001fc3,Hohenbuehelia,wood_saprotroph
6267581980da9700e7ef8a7206429fd6,NA,NA
0277aecbf32c3a8b3ab69c696b9042d5,NA,NA
c8e41f84f0390afcf91d18ccb0c0c87e,NA,NA
6a46702e479d9e6e33f5e11132187681,Hydropisphaera,litter_saprotroph
919bf8b3ff9decddef8054ae27cc0f92,NA,NA
604a7b09752c95166f08000f4d86bd89,NA,NA
a5c1508626b2817fd1cc3781e4b4919a,Geastrum,litter_saprotroph
27314b81b68a8e99de89fe4e92c88e37,NA,NA
81d49bfb7fd1d4b5a53b366f220eef36,Byssocorticium,ectomycorrhizal
38f95071f980fe50a51037072c70d9c3,Sporormiella,NA
c98d6b48a7472513701d3438be3443fd,Rhizophagus,arbuscular_mycorrhizal
445fd44f2c4cd9790ff89f162c6f8b25,NA,NA
6adf77d3ac425ffcbbf9a725db6bfdd0,Sarocladium,plant_pathogen
b3291925fc464114b6bdf9e81f78ef31,Fibroporia,wood_saprotroph
7216b44a6c5d9eccd673c53e480a9d4a,NA,NA
c8cdf6f57fcba7661b46367315c39aab,NA,NA
dd152cf4ad75468c021f98984a656484,NA,NA
7b52e512bcd1b8469608c3000dbd1c2c,Oidiodendron,NA
c60fc39e92f9e466c3a881d1599eb739,Pestalotiopsis,plant_pathogen
ffc4f3a352e0ff9be2b97457a171bb0a,NA,NA
97e1266835d2e4b610108d7424e895b7,unidentified,NA
f2f93c9d338273db405bca980796f8fb,NA,NA
905a25c5f2ec310e737dd927dbcdc57f,Keissleriella,NA
42a42c4833422e2f8c59501cda11e879,Extremus,NA
064d159dcf92e9daa954e90bcd92f100,NA,NA
c398bc965720e5228b4c0b209a1408fe,unidentified,NA
48da44598c418df20e229df40d0391a9,NA,NA
e353f9da67db8d82e6c4b3ecd1ae616f,NA,NA
c0471561098ecf2bea6d71714aa4c0dc,NA,NA
a93602fcdcf45647d7585129dd586478,NA,NA
0a16f6316e46047ae602cbb9274ee17f,NA,NA
682600152ed88bd2d0acd524389da17e,NA,NA
7238e8ced12e154d51c83c57204e51e9,NA,NA
bba003326c8071702a6d5234eb1b3bb6,NA,NA
7edd95605f0df0664ca1c326e8c3a3bf,NA,NA
2df90060e9e71bb160da24f6c7377517,Aureobasidium,NA
cbd36203a170093005474584dd198162,NA,NA
8fbbcf35a0ac8c3a3c671455a8b218bd,Melanconiella,wood_saprotroph
3067813396f88bc2df74504441659e62,Coniochaeta,unspecified_saprotroph
a9ef15056b9258893d3e4a5fafadb9e5,NA,NA
af80632e07379fd80d465dd9d2a00889,NA,NA
c6f025b5f17b90c1cb9bafed90ff9166,Phaeotremella,mycoparasite
971c691fe6714a5c6e5e169dd9985c5e,Nigroporus,wood_saprotroph
0074c9641359420cadbfbba4af8a0560,NA,NA
bbdc4eb3fa4744f2a4715a5642c6cc2e,NA,NA
dbb508c05017d0796836a2fddbe21cec,Bipolaris,NA
714a72a807b1f28842be3437ee86f8fc,Pachyphlodes,NA
0ff3206a4796409653f8a624091c5e10,unidentified,NA
13dc99f4c84ae64a15b7448c3d178774,NA,NA
0a2cf01e8acc4296bb5a333e9f478c94,Archaeorhizomyces,NA
5d3b0b74577d9b195faa29b058bb8815,NA,NA
cde1778ec79f0d33cbf2755ce85fbc29,unidentified,NA
15d3354e9748f8cb4b4690f521649848,NA,NA
b160d6df5621116ada9311d22d2ffa1a,Paramycosphaerella,NA
4e2739fcd4589ac1bdf1a1553b667000,unidentified,NA
7179a4a7ad3e27c8c8da8dc4fcd31823,NA,NA
6c3c69bb8013ca8361f18d51a9c8b81b,NA,NA
b5d3451025ad3ff55907d43c57772075,NA,NA
b0174c0d405bd7559939fd331b283706,NA,NA
38d77d676ae0fd5cd4491ecffebc92bb,Clitopilus,litter_saprotroph
f4ec232df1156965bc5c98b56b47ce4e,Tolypocladium,animal_parasite
74154b2d604016060c0ba91d92307a15,NA,NA
bff2e61e1f5ac2a9bc0e1201d8fd7bca,unidentified,NA
bc8d948030f39b4475a53338e3ff3849,unidentified,NA
ead731be57ff084ddad046f74fec6de0,unidentified,NA
6586a5e558bd39c5230e9ddff38f3d54,NA,NA
66580909d50eb3b252a4c16c906a2b97,unidentified,NA
fa6ec7fd0141b11dda5b3ba231f70bd9,NA,NA
045e343f6ea51ce15c4da1bd26dc835e,Archaeospora,arbuscular_mycorrhizal
e52ed72b2e0f236e0ba0d3ffc830f8dd,unidentified,NA
5db233cac007fb0f0dced026545c39d5,NA,NA
acef288cc1ae0e9bf7504585964023c5,unidentified,NA
2dda58eaabb1525250215b287810a402,Venturia,NA
9b8f05f26034a96ea6bb5bcd6790d5c2,NA,NA
1e4f8e4934cee3d546dccc8588830f29,NA,NA
53ea403adc64ca429a4f16ff38ef16db,Lactarius,ectomycorrhizal
7d4d54d84961b9066561ea278b31b5d8,NA,NA
45e05500e888504bffc7f7af4d4bef81,NA,NA
1bdadd93a781378ef9878b87c82a62f9,unidentified,NA
1bc8f6352a54ee9f1125414150e197cc,NA,NA
64f47357766675524ffceca99ab11f85,Cinereomyces,wood_saprotroph
e6077271f7884e301669ded159ca09c0,NA,NA
df0778b97e816a5fcdef5924d89acd36,unidentified,NA
e7f8f0e164f0b12b544aeb52bbb3f2b0,Toxicocladosporium,NA
d682df398f56f4b1eac9cd8022b44d99,NA,NA
a2a8757ef17b003ca1b148cdd9220ed1,Talaromyces,NA
3cd85f3a1bda0d660ea8a32fb0ff0c98,NA,NA
6b255daaeda62cab240be4bd549fb40b,NA,NA
b0ba217780c04d6a03d755d228dcfcd3,NA,NA
4faf3da7f80580d143938bcf211fc4ba,unidentified,NA
6b3b385af81fa7a8ff52fc85eaab2d85,unidentified,NA
2eaf8b7febdc64bb6aff09c6e073bbaf,NA,NA
8bfd5c6aa9a8a067ccd6c1325a362dad,Bovista,soil_saprotroph
28d24b65b7072eb051f2622bd3ae168b,NA,NA
752ab537a1518856cb0c3fdaa92f966d,NA,NA
c9e8ab40112a0efbdfaaf90e25f301c7,Kockovaella,epiphyte
61a344914b557193837899b279af0f9f,NA,NA
4dab941405f6b14853598618ce0a127c,Periconia,NA
8b11d0e92f685a7109ac9d30f0b1cab2,NA,NA
3e692c94fe2f0a2eadfd585cff4e03ed,Diplodia,NA
c263b79dd0e2415394354676156a184e,NA,NA
ff06aa452faf081bd86314b7d3a9d653,NA,NA
a419000dd214b5c8e7d5f705c6a91d04,unidentified,NA
147587f9c3d8545a3ea788f002512880,Panus,wood_saprotroph
8d31559d66fe92bc6a5e8780c7047192,unidentified,NA
abb0141afa84cdc4d1f0bee398881425,NA,NA
5cd0c7a411a1dcc324e747ca83e5bfb9,Mortierella,soil_saprotroph
174f915da0bfc5d6a34de95f1b34d295,Ganoderma,plant_pathogen
960a73642899e682fb8fa6716a67f815,NA,NA
43b80d3be62267e0b42c55a2a541acec,unidentified,NA
41c4f25bf3c426339e4b6d52937d9ebe,NA,NA
ef14fbd89f4366e857b6b4c0c36e02f4,NA,NA
2c50b92ea9368228311fb87de3aeca22,NA,NA
14ad69f90e2fcf615fa277492ba7efa7,NA,NA
8e55d847824927c63f7d4ccbd49f0336,NA,NA
d0f6d78562f6ccd27db3b5c46644cf00,NA,NA
02038ea2b80115387fcb7b0321a58008,NA,NA
0e7500f5d88514bcaa8e8c4532e51e05,Thanatephorus,plant_pathogen
f276baf5ee170d4e1db7d47c6965e233,NA,NA
2679f960d83ec3cfe48cab842dfc3339,Vishniacozyma,soil_saprotroph
08f92ac88cb65af2ceb4ee1662812609,Sistotrema,litter_saprotroph
49622f0a21476fbb96074f6767d51b1b,NA,NA
85cde38f8cc675e52f9f6476d21d4318,NA,NA
03d74d97f1f70da7bc7990f5bd2323a6,Ramichloridium,NA
e8df4de1e7ceeb5677182a407b1a4205,NA,NA
de4c22b763af33c1034b609664a13045,Zymoseptoria,NA
42bf2ff380d84ee33cc2df65d68af4e4,Amanita,ectomycorrhizal
baabb050af3ff38656d7dfde8b24403e,unidentified,NA
29a4a0c180753bfcd2094fef94ce1f80,Cryptococcus,unspecified_saprotroph
6a6880f1af3c2c0d67f4a39e663e8dce,NA,NA
f6be3d0c59b2b4818ed519427aaf2598,Mortierella,soil_saprotroph
497972f70d20edd77663818b4bd494a4,unidentified,NA
7690eb34f10845c550207eb34f98a5c9,NA,NA
8fce65b1297682959070f03923fca87b,unidentified,NA
64e797ab6485cd4e558f300122723857,Trechispora,wood_saprotroph
cef386b7c4d7d30be13d5a46502e8ae6,NA,NA
5972771cf7493da56bdf61efd34033b5,Leucogyrophana,wood_saprotroph
18a44ebdb654120b3afaa8737624e729,NA,NA
a314b61b58d0163d529bb0dfcddb7561,NA,NA
6cdb2febd780a0a9b4e6cccd44dc18b2,unidentified,NA
6d0382c54144c82e8013b9e50f5c98b7,NA,NA
85995eb9ce6a137602ac20086d67d855,Cutaneotrichosporon,animal_parasite
462fe4670496250a4d841db5d88e961a,NA,NA
3e1165cc9e6ae0c957cfab785e372a07,unidentified,NA
60f368e02c90d215ce274f4ebf791838,NA,NA
19e8746598254b4b84263fbde6a57632,Inocybe,ectomycorrhizal
70e92f486cffb7c92c986e2944c4486e,Rhizopogon,ectomycorrhizal
e248e82b7fe5b6d345a6572979e9513a,NA,NA
44c20fdabe98e3057d9c8d250ca4bbc8,Coprinellus,soil_saprotroph
984e1e0923827033a3b5384000530a5a,NA,NA
40a85f028a53a0834dd7589a09508d33,unidentified,NA
b0411d6e83204bc93559f6f072d2c628,Teichospora,NA
3ca13ee3d5d7ce163a35115e22927280,NA,NA
b6b7f013d6afabc51160979d9eeb23c7,NA,NA
8ebd4067bb9660baad447df376b609e0,NA,NA
77ba32e8b32a7dbfa468aaa0e005f42d,NA,NA
0b0509b668853797b3d1f1ed1c4c3fc6,Lachnum,NA
a79dcbb38597ebaee6e7021aa22fbf41,Lophiostoma,NA
b495fd3a768acd6b8b6065f21434b01a,unidentified,NA
dd7956edb8344975b91f9168e6b8e97f,NA,NA
8c504b21f5a5ce4bb734acfb372a68d8,Fusarium,plant_pathogen
3888e0043b6e960e075fd13a9127261b,Fusarium,plant_pathogen
1e0d7c0240032cd8fa115b4084a4a55a,unidentified,NA
71fca87670b724a4227b1bd1b5e9473d,NA,NA
8aab3bda9e308b4a1b7fa4c492a4dcca,Septoriella,NA
26224f68c03fa5845994049dcef64526,NA,NA
d69b671768ad3a53b54a2994142d4e78,unidentified,NA
c6f7fb833922d0b9faeea2d6cdd62626,NA,NA
802e8956185f6a1f8057d4533a48a025,Typhula,plant_pathogen
fe2bf67cead0dde0d1deb54651ebfe1d,Eutypella,plant_pathogen
1ae44756bf4e0853366d903d3d251d8c,NA,NA
60c7dc0f1f8be0f14bf57f2f5e641b6e,Lactarius,ectomycorrhizal
d7b01225b662357648007809ef0f3aa7,Ganoderma,plant_pathogen
860d7d4a9ab9bad975b192f9f8988097,Phanerochaete,wood_saprotroph
9c8903a0a4a7e9ecbfe38e4ca08028e5,NA,NA
1dab445a0a7e4d37b6b6651664b9415f,Chalara,NA
1509781d98efff02833e6fe55418e519,Cortinarius,ectomycorrhizal
d1cb0413e5b4c26670e0ffd5ec4fcd57,Talaromyces,NA
9cf8848d63d40fec1412c7233a353db8,unidentified,NA
6582d2011adf03a4a1957c632f313480,Disporotrichum,unspecified_saprotroph
dbc748a354a043966555c08833a0ebad,Eutypella,plant_pathogen
af15b1efe028f729d2673726c93be556,NA,NA
f2ad57f814f818747e425fb392e8f4d6,Holtermanniella,unspecified_saprotroph
f88116398b44f94473c3eb4cbe3387b0,unidentified,NA
a1ac3472bcf943298ad43f33e40c859c,unidentified,NA
34f6366977dc4a5904b96c0a2f739c87,Geastrum,litter_saprotroph
6ebd831e8060b686ef197890df0be1d8,Ascosphaera,NA
26906daf3cf269538c6934ebd603ab41,Phaeotremella,mycoparasite
9a85e574a103360db9dae59e5ba39ed0,NA,NA
f7e6a33917646aa0e9a440853ac700dc,Clavaria,soil_saprotroph
b07394f9b3604f27b881b0afb933e5af,Rhizopogon,ectomycorrhizal
82b2c04239d3189000eed656a34bcc9e,NA,NA
6dc88d3f764ca54c3316e79b9a7028f4,Mortierella,soil_saprotroph
8e5654cf0d0cdd4cecdda63fd74be210,unidentified,NA
110d8be9e11007219a2345998d78b9d9,Diaporthe,plant_pathogen
f03f56c3ed4e1db4b2e48f50f96b5306,Sistotrema,litter_saprotroph
71819652dabd3a6fefd569c07b92ec5a,Plectania,NA
a5c3a36ecfef8ee74ded3f14b3212192,unidentified,NA
88ebba230f9fd2f687be98da69588f26,unidentified,NA
319b50d1062a9c24f7078fca2c490dd0,NA,NA
0b38ac7b863f725a3a8b042f768b006c,NA,NA
709adf5d04bcffe10c090e2149eb5d60,Coprinellus,soil_saprotroph
7deca43ea3ff1a82831773caeffd9aee,Rachicladosporium,NA
d5c23410c96a14ced96bee2f5332f6ee,Elaphomyces,NA
bd7a4ef4e409442e4a91d895429997d2,NA,NA
31a73ae3fe27860e7fd8eafaf98c450d,Clitopilus,litter_saprotroph
0284cd82aa215400eade2fa0264b4b52,NA,NA
84783be437329ccd28a2c549853cf9cc,NA,NA
9fe7036eda8fb23ed6c78c0781d634a1,Cinereomyces,wood_saprotroph
f0e58b1afc378561de9f5a2ae5e95041,NA,NA
3092b5fdbbe5709983800a8a02d81716,unidentified,NA
8f0752ec9fe2fc668c862df356263d4f,Strelitziana,NA
e6f0a47a813a40280e2e7c9fad712814,NA,NA
aa7d2b370079e7b0fd46f3d0c5febf24,Talaromyces,NA
fa6e73f8f6eb4f785ad76c1ea602198a,NA,NA
37b66b41e9c41a44e9b3e5c37d1660ec,NA,NA
0607d68c15bb54e3339320cdd91c2a11,NA,NA
eabc7a4f064ab1c2103c6c98c0ec9efc,Cryptococcus,unspecified_saprotroph
0a7b2226a94cb93fa77f1a175f459772,Mycena,litter_saprotroph
fcc7d0cf30d1ba8ec649fbd797d266ec,Basidioascus,soil_saprotroph
1f5c873822ea11116e5023cf99a1c1fa,NA,NA
0d28209065650c8043731f1a950ea530,Pseudoplectania,NA
a7aa63de07ebd8d53d6f5b54fd895722,Spadicoides,wood_saprotroph
e905a7e0171707fda3bf98cf92db8eb9,Chalara,NA
3c7afed401c0d4c88762c753c0a3900b,Cortinarius,ectomycorrhizal
0c581bd843fe2d00cdb764baa523e281,unidentified,NA
36fd05fc2e1b042bc03778495b351c7d,NA,NA
712f8abf2541cc5a723eb61ce8ec6038,NA,NA
e5d5de1414bae16f5692a62513a3c7a5,NA,NA
3895d7eea26e264cfc9c849ee3378ef7,unidentified,NA
5a2bab612eecf176f0ddafa121fd2b9f,unidentified,NA
edb9e7222e1a11dbbcfd56f80b9eb640,Rhexodenticula,litter_saprotroph
6c5978abb37f9c4408f47fee4c08a3af,Extremus,NA
4850294b1ac9a7cf49a072126a266704,Russula,ectomycorrhizal
6103e79083a5820457e288d18b419575,Agaricus,soil_saprotroph
5a5f8932122b0e99d64351f921a70bc5,Thanatephorus,plant_pathogen
eed33e867bebe0ae2a31f46ba3e0c09c,NA,NA
5f962aad270116870c3c7b8a369f6f91,NA,NA
a57121cae2315beae61982bd3f97b88b,unidentified,NA
875561abad9d179ffaabc7cf24f70c0b,Arthrocladium,NA
29370048b2b0298cd3a6c21a7031a982,unidentified,NA
bdc059323a93268b679976c84bff5f1e,unidentified,NA
464f45328ec839839384043c3e2b4364,Psathyrella,wood_saprotroph
f2da63d8a148166b6259b9f5ab215691,Paraphoma,NA
c979d6469a2c5815c1f012d411bd83fb,Neofusicoccum,NA
da7bc81b8c669aa8dd81333d22fc1d37,NA,NA
8a058290b13aa156067cfce7cd267086,NA,NA
763f452f66e75dcb7da535a3a981e93d,Clitopilus,litter_saprotroph
b33d07ccca396ae103c0d48e7ecd3180,Clitopilus,litter_saprotroph
7b9a29c4b0a4b7232e433b8403d47332,Xylomelasma,wood_saprotroph
aa6e1212ed74952158bbb184f9f6f30b,NA,NA
b79bcfb55eb8cf3d6ec68e40f7603e87,Pachyphlodes,NA
38981e1b84b335983603c01312ebd88a,NA,NA
fe30e31ce82a109ff5356cd88d7ac432,Scytalidium,NA
873e8a6515453492bf692a1b38437a89,Exserohilum,NA
b932baa0e47c1a6eec105d245dbe6cf7,Stereum,wood_saprotroph
0ee4958518f23b33d1a6902bab9ce946,NA,NA
7f927aec2b6bd3447bf15616214ce7f2,NA,NA
848f2136a689c1ab198746ffbd5d244a,unidentified,NA
98b4d9b87639ecb6ead96bb885c67470,Pestalotiopsis,plant_pathogen
843e7f5eae458173958dff794eabfc29,Amanita,ectomycorrhizal
c0f986b95fac7a3db8479a99e6631f42,Bipolaris,NA
568596a660baecf57b01c7f4550e9b88,Agaricus,soil_saprotroph
635fe0c361e112220d2c3f3efff9f376,Penicillifer,wood_saprotroph
c0e1055a25f7662ba69f7c6fbf655eb8,Hawksworthiomyces,soil_saprotroph
550248f622096f953d7ed21d21bfc84a,Dominikia,arbuscular_mycorrhizal
010754e57eefd430c08de4f22347122c,NA,NA
10f8db42d3ffd6819296dac3cc52701b,NA,NA
2112b2c1a879adffc86c6cad10c34def,unidentified,NA
aac2432d57fcce1a82df0fe476b5d1b9,NA,NA
6109577400c2db47e56fc276229f37da,Amphinema,ectomycorrhizal
c04253f6902b1d85f630b2de9db16e34,unidentified,NA
33d9891c826759595ff37f383f22f602,Phaeococcomyces,NA
4313824e0369ff8ec9a012ebb7810bb2,NA,NA
ff1fc02e6ccbd8a6e1b7b7edc32cfc3f,Erysiphe,NA
607058d8a5cc9898680270a75e8fe0be,Mortierella,soil_saprotroph
1a3d33115b762bfae3d3a65aae62fdf1,Panus,wood_saprotroph
bd2d22802c376794794f063c3fbc2dfb,NA,NA
ca2748f86d530fe96d261396fe810d52,Clitopilus,litter_saprotroph
579715cba6f5c770221dc5f34d6403e6,Tricharina,NA
bfecb065868669024b2ca5407812b274,NA,NA
142229e9633c78a8f84dc23748fb68ad,NA,NA
e50a0b3bec3fd5aeeb1de07482beb4b7,NA,NA
7e4b93dfd6c4c2b6e4b2ce7da5abb6b0,Torula,NA
6ded85d2afd5c3e0d6518d816862ffb0,Mycena,litter_saprotroph
8c9f724db294ec17690d044740dfcdda,Funalia,wood_saprotroph
d63102a7aeb2316d902bea746944ce83,unidentified,NA
d25851f556e8211e086cb205b0264f79,Omnidemptus,litter_saprotroph
e18ab90ec4cc7317a4f18e3913f5747a,Pluteus,litter_saprotroph
675b78c991b43a9d89f51178fa2d75eb,Phlebia,wood_saprotroph
0a086ac42b4c32d986c9c561f6a64887,NA,NA
c15fba3faec737a752299a371677b65a,NA,NA
e0c4c841c716a93b95f3ab3eabffd07b,NA,NA
d9c147c185c56b1a15381471e0f0bd9b,unidentified,NA
0ecb10c8d497256798b9de8cbf9b14c3,NA,NA
f4ce9f84513ababd9abc88f4b41a5e25,NA,NA
5faee9e2b440392c6d611441fed556cb,Lactarius,ectomycorrhizal
e05f156036165d62b03a169701626db0,Elaphomyces,NA
36a5c31f0dc0651639fbef301497016e,NA,NA
097df46925b6afce36d5ea062f6a0766,Microsporomyces,epiphyte
ddab12fe54615d405fbe3eeeb96614c8,Fusarium,plant_pathogen
2575eff117c68a7b1d4a38f7f4011d0d,Anthostomella,foliar_endophyte
3d7c89f03a057a9e92dd05528383299b,Eichleriella,wood_saprotroph
3f2dceea4bbf6a95a72213cb26b3cbc2,Mortierella,soil_saprotroph
845672d042fe4524b692f1744208f0c1,NA,NA
77581482d059fe99c9ffde3972488cbe,Bulleromyces,unspecified_saprotroph
2a03740a84676ffd39041a2303898f5d,NA,NA
bb62022937901379443ebe6b9059181e,NA,NA
ad9dafbd17e79e8c92a27623f6054975,NA,NA
d3c9f88cecb9faf09b3e380f2d6cffd6,Penicillium,NA
6104f1e86e3a738014d7ed7361e0d998,NA,NA
fb732f3543eed23494f60adf4fcf0dcd,Phaeothecoidea,NA
6720d510f6c85591a2913e9499c5af93,Nigrograna,NA
52a67617e8b5e627bd9f040df72cd908,Limonomyces,plant_pathogen
226c673d269d67333e4d407bb8f18c6f,Pleurostoma,wood_saprotroph
e83d2dc561ba997a5e90ea0d812f6651,Hannaella,animal_parasite
a861a5511a24cdc79951b0b29a71106e,unidentified,NA
722104896a5d18fce97ea8157f7d7619,NA,NA
ecf30e2199c64fe98ebfa14514794811,NA,NA
6984b8b094d52857568a7997a9f34c7c,NA,NA
153d71fdf7d206c37c09ff58403664f4,Thanatephorus,plant_pathogen
c4b59df77d4304d230d921e4ec7631dd,NA,NA
8856428d4dad571f0e1bd43db45afcf2,unidentified,NA
2b7eb6ea32b9563b1a9e9bcab24efff8,NA,NA
1e23757503fa219799b9b57392dcc4ec,NA,NA
f8c6702adfab778bbfa7cf7023ef685c,NA,NA
d39da44368fa41d7d2c151590f7374c2,NA,NA
3fa42b1ad2f5fc559a5307f8b3fb6bae,NA,NA
fc93bfa6a178ccce7128c1c256f0e6d4,Thelephora,ectomycorrhizal
1f2cd6e0e78a46183010a7cf00957cda,Dinemasporium,litter_saprotroph
301853900109f2b4f99502ca3b8b9cb6,Coniophora,wood_saprotroph
98813b80302827ae2faf91bed6737371,NA,NA
180742d1c0f876b02c938ebb1d03c82c,Xenopolyscytalum,NA
6208eb3a076a8672521d82dd8e662571,NA,NA
4ca416621ce0c5648a88902293cf7a43,Ambispora,arbuscular_mycorrhizal
1ac4f86a3ba39855271a46f8a6465ec0,Septobasidium,animal_parasite
32518c39c9bf32dd93b748a2baf9cdb7,NA,NA
d67f13141edd6c4f4483dda047a9e9c3,Septobasidium,animal_parasite
f43bd6eff49699ce5a736e3d7c76ddad,unidentified,NA
1d9b1636c4157b24afefaf3e13dd7bba,NA,NA
ea6dfd997b2fcfb1e19964b648044140,NA,NA
5c60dd4b046a24592fdfd4c3c49317c2,Geastrum,litter_saprotroph
8492b4c71459e66ec3df187d00c3ac4c,NA,NA
3400ee6219023bfffa8eacc680446ef8,Hydnellum,ectomycorrhizal
44807e51df8edcb7d4424f02a82b3389,NA,NA
99cdbf8692ff2fba394e78c3fdc30a63,Trechispora,wood_saprotroph
56e9faf486923e1ec41af65ac22e901e,Coprinellus,soil_saprotroph
bd2f65d01104fdd4f4b3fd98bebdb495,Hyaloscypha,NA
092b65a87d31bee44b9dbb55b3caa79d,NA,NA
20f4165ed41ab55a5e77bbc414a75b72,Candida,NA
4ab0a889e91b375430198771c0d6579e,NA,NA
54c8a7e209a240dfbebf2bbe2809375f,unidentified,NA
e36d85f432009bb671758ae712b33dff,NA,NA
0ff54cddc915fc0cc13b051939f25dbf,Hyphodiscus,NA
76db43878ef50007dd4c40f4ff2d2f5f,NA,NA
b276b5b72827170cc0b22182cbde3ba6,Albifimbria,soil_saprotroph
aa902e1a77c2ef9bf742f017989d7e58,NA,NA
43e7c7db3ca4e805a1451b5632ceed81,NA,NA
6b6c0bc570d7ea99dd0b4828861538e8,Penidiellopsis,NA
ffb1a718f14fda8a6bb3bbe4d2755eeb,NA,NA
c3a7d5993cefd88b77f2e36489f99c57,Pholiota,wood_saprotroph
b66488793b1e588523fa45d5a2056a25,unidentified,NA
30f7164fb01be830d0849b628f7b2f89,Haptocillium,animal_parasite
e978b6e65c373b6449b138fd475da4eb,NA,NA
6d39f564152298e23f9e603406cde381,Clavaria,soil_saprotroph
eebe468f29ee7f1d1825a85433dab9e7,NA,NA
ef9e59b5a0f085ad667e30fba771f29e,NA,NA
4ac083ed504baeff2e81944b0737c09a,Umbelopsis,soil_saprotroph
36ea725864a750dfd2b6beb861a73f41,NA,NA
69aba13f57be95c332b76699c045220f,unidentified,NA
111d922d35840eb6a4b2c4c10b7387e7,Pholiota,wood_saprotroph
0daca47e7d61f82d8058025dd5df6788,unidentified,NA
d51534060a4497fcefc6b8e4ebf1a062,Acremonium,unspecified_saprotroph
5248bc331450971b719e7872c2fc1dce,NA,NA
ad3d8948b1501a5b181645cc541501c1,NA,NA
9c909eb9da97df0f66e04fa8d973bebc,Colacogloea,mycoparasite
3503129dc364ae582e35d260db20fd87,Eutypella,plant_pathogen
c596bf4eff371977096d93d4ea03e2f8,unidentified,NA
488f872d47aacc06543f69d9eed7bf82,Lophodermium,NA
b74da40dc1eea13898255c1a0211258e,unidentified,NA
b2a983ae8875fcb38432e8db37881bae,NA,NA
923fcbc9e36e7036c7c77223efc010e0,Exidia,wood_saprotroph
3f96b479bd3c53e5dd4e3749bd01f779,NA,NA
4a6a2d0a5b7fc8d7e10843b77a5ee3b1,Umbelopsis,soil_saprotroph
44882d2dd87717e4676d1550a41052bd,NA,NA
3194d3fc8c3ac8cfded1e65a68927088,Annulohypoxylon,wood_saprotroph
49b51d4ef04e23b66325be9bd03b20ff,unidentified,NA
946bfe6a2b029eb1348f8810fed7ae59,NA,NA
90031be1b562ba5923fd042c10e076dd,Scleroderma,ectomycorrhizal
a5b9a92950aa5e130084f94da5d5f79b,unidentified,NA
d6047338b45c81285642e2a2859f891c,NA,NA
dcc699c2b2d0d1677c5d5b4f212a9a42,unidentified,NA
52a09399482164ffa083c62aad6a487e,Pyrenochaetopsis,NA
9f22a0d48669cecfae927393f3ec207f,NA,NA
af886197bcc7cab798fdd00b36b4837a,NA,NA
2997cc075b227d8979ef1dba0d5a4c8f,unidentified,NA
b18eb7d75082da138cb56ee1ff475171,Acrocalymma,NA
0cdebe15dcfeabf76049273e41f6cda5,NA,NA
1bb017b436afb54e685782211817c5e1,NA,NA
ecf5bb116bee8271d5ce68f3850d6e2a,NA,NA
9535c88462bb569fa4c132d8359ff96c,NA,NA
b65c2c53d2e9f2d3717e0df53c9ecad2,NA,NA
326b07f2519ed4d7d0ae80e9344d5a26,unidentified,NA
ba0f9b69074e10755b90c1d607e65e5c,unidentified,NA
de8df1ae3d3ac0c01d39e0ec79486e60,NA,NA
1be7292c747c91b3fb95868fe4f8b352,NA,NA
a16e07767af85d0c97f51db59c1e2bec,Russula,ectomycorrhizal
9d13c26e271cc1ba381eefda3c919bc9,NA,NA
ad8673313862c331f09a0ee8460066db,unidentified,NA
1c01cc1375d48d0b99efba174fd09169,unidentified,NA
287cea50c60a5cedc6393c28405c3c82,Geastrum,litter_saprotroph
3bf8b7e5c5f78090e756e816b2ef3d38,NA,NA
eeee9024a4e7fa57571f989169e8c2ab,Nigrograna,NA
0d2a990044563e0d16fbe1de75e2372c,Amphinema,ectomycorrhizal
3c168585aa9761cd45ba34151c450fb4,NA,NA
b2f765fa173abc6ab5a91f0893656769,Strelitziana,NA
cb95a17b09b34e977f1dda5790c43e0c,NA,NA
319fe86a45cddd21f85bf19c819b34ac,NA,NA
8391191cc078ace21223b207f336e381,Elaphomyces,NA
6e29862690da829e7390ef194619116c,Cutaneotrichosporon,animal_parasite
088f4c57a69aea39bf0b1752cefebb57,NA,NA
b72024a48091b2f25dc0423e8d1ebf73,NA,NA
559fa4d0ae2e8d676cdfe0987aec79d4,unidentified,NA
25b6da4e084fc9a2204714775c816b70,NA,NA
17e3cc7993272e4cd707f92d7e1fb577,NA,NA
a9c6762526affd299eb174e7fd00d8de,NA,NA
e6f66348bb858537dc88bc15a0e735b2,Pluteus,litter_saprotroph
00ded6f8cb5662d2dfd568ed27d833d1,Schizophyllum,wood_saprotroph
5b869fae818e201d59b4846990a51820,unidentified,NA
705ddd316c83f719ae8ad527842b0003,NA,NA
83aae0dc36b9ec445c486ddef7c2d7b7,NA,NA
1a3f4f8107fc4866b2999510af84de2e,NA,NA
36ec2969627d1cc91aac072ad6f23a16,Tremella,mycoparasite
bddbefd0e852a8552657b5f6a52159c6,NA,NA
566e8cee4b8daa59320a4ca9e44bc354,Anthracobia,NA
2fd47a31da183fa9bb9ab2dbeec7b1de,Clavaria,soil_saprotroph
1e3743729a15f726f65fb9ab3b92d5db,unidentified,NA
0e4e7907312a071a1a8cde64f1888407,NA,NA
5cef5950114feea4141a203093bdf356,NA,NA
390eb6a706c45b28c0ab31bcf4e22633,unidentified,NA
6edcebab010d73fdef20555a3c2d7dc0,unidentified,NA
941fc9da8ab4ef38caf91f4c3801975d,NA,NA
313bc51bf8ac67ff2797817b56a29a1e,Entoloma,soil_saprotroph
4c3c234a320c048cd446d4ab71c9a4c6,Phyllosticta,NA
be0f3e49a83046ef5e03b8923a283b01,unidentified,NA
441b4ad1862bddaaa0e8b86b3dcafdcc,Diaporthe,plant_pathogen
e69d719fad929b35329c52af92269d5e,NA,NA
9a52b35be07482a496ad6e6170122853,NA,NA
c1c91999202ec39bf86f9ae6aa1d286a,Colletotrichum,plant_pathogen
3eefeca0b19be0cb2ea71289663ae363,NA,NA
9db85367cfe70580feb9c5dc8b43a4a5,unidentified,NA
cc78e71c88bf626eb2e45c7c88025f8f,NA,NA
be472dbe108222842401433af6924311,NA,NA
436fef9607205129c567f2e0ac6bd680,unidentified,NA
3e2c6d125180758f6a7a190775af9ac2,Chrysozyma,soil_saprotroph
7a9908eccb22a535fbc006eafac446f0,NA,NA
51cc3145473f74139e85c3661fe40f57,NA,NA
f81cb49ac3e6faf5c3ffb56f5d561e44,NA,NA
916ae38676302523dcfd6232474d46ae,NA,NA
bfd1bf373fbe7a6768237f59884d5347,Laccaria,ectomycorrhizal
85fef40f5cd20cb1710db107e9c44cc8,NA,NA
7a0f1fe38f1ced4dae1bc35f9003e16c,NA,NA
f5ec529602233800afb46ff4b8ab55a7,Agaricus,soil_saprotroph
80920f0f5ef0192668c9978694e389a9,Pholiota,wood_saprotroph
99e4c7f1456689bc73e6311c8dace092,unidentified,NA
5b84fcdb7e4436778499b514d741ce82,NA,NA
71af3cc49aae3d7d52864100214c0a1c,NA,NA
4a70a6762bc6e48a02eb38e5e29afc4a,NA,NA
72b4cd54f3963c865367c4633032db6f,NA,NA
f296bd8a675d510bb454a6c1dee28c66,Basidiodendron,wood_saprotroph
737d4c966fd8ee47203da7b0e5a04838,Corticium,wood_saprotroph
edd9c99130c02a4b3d758a32fcc2407a,unidentified,NA
aac26d3178f179d55c9725981eb4825d,NA,NA
384b69f13467b8de3f16cfebca61977c,NA,NA
0bd128aedb236fa63b33a8ba38e7fa46,Acanthostigma,NA
e9ed783e796e4e8e6d81416db09b0a62,NA,NA
c67159b4f1e632a24da41d4d95f17866,unidentified,NA
847427f265d9e672de5a8afb3799aa86,Diatrypella,plant_pathogen
748b20985a680e94b07460952f0e6b96,NA,NA
69213253b8161633e6a283ab45b09eef,Psathyrella,wood_saprotroph
1975b0847689b2ad1b3a2defce5105f7,NA,NA
c4ca7861ce4fcb33bbd276e4d512b687,NA,NA
57a980c55fe3ead3179a72b9f0f1c9dd,NA,NA
3234195b111b01e7e7e828ce76d5097a,NA,NA
e3c160e5d9d78ba8c909d03b3bf1ab91,Hyphoderma,wood_saprotroph
00fd465ab2c446e2317f2de0f1884afc,Thozetella,NA
0ac7d2231f952539bb73a992204a24b8,NA,NA
c5befc1418a0a8dfe4e34ab87eb2e04e,Carlosrosaea,epiphyte
688115cfc11f4a8f29d5ab5d6370b12d,Coniozyma,NA
9b345bdc502951d11bc6a252984e4ede,NA,NA
72ec90c22b7f057cfe432ba4cb3868f6,Lophodermium,NA
9f19dac755656e9ba5282826daadb6b7,unidentified,NA
19bcb8a470b48682b2c83a474d847a04,NA,NA
41416e3556aa590d2492bf8352193f38,NA,NA
87ce3809142dbb52c5caa3687a59d735,NA,NA
e9138f8e69c25219bf2955fa3e3e92c1,NA,NA
0dd27cd4d570305cc4d4e2d19bf2ba25,unidentified,NA
aa629ee18a0294c925976e8b8f997a24,unidentified,NA
956799c1c576deb7fdb28bc1bd0c63f3,Westerdykella,NA
4259661fac9f557ca5dd5c7a09b610f9,Venturia,NA
9c1567400bd084c2bf0807dd24fa3444,NA,NA
20d0d32df732c7f9e1649a9ee08aa7bc,Trechispora,wood_saprotroph
acd16f40765b91a345daf499078fb6f0,Cylindromonium,NA
e03882230549a7df8b132125cec30713,Mortierella,soil_saprotroph
6a16235b1835b363a2e47428b96f509c,NA,NA
747f14b02e9070ab2d855dbe1e9a8394,Cryptodiscus,NA
13f6f0f409e30edbfb174fcc05f582cb,NA,NA
cd853d2aefae3c19d5792b65d51b720f,NA,NA
705b45a02448cb27d76a8fba43dc189a,Rhodotorula,unspecified_saprotroph
2845484c29cb7912249df92aa7f6ab24,NA,NA
bd068e6810bae5791ef721affa55cc61,unidentified,NA
cd96d59e873b79eea8a5156624937d0b,Xenopenidiella,NA
0eb87903182e98fa4439287cb2aabe17,NA,NA
9faed36f4e8072a80b9e5c4d5f2f6e13,unidentified,NA
b92a2ea3f1e707b963324123eda34bc2,Sarea,NA
906eecb7d4559ec3becc032f1cae4d0b,Acremonium,unspecified_saprotroph
026121051ad23d245529764a6c79a688,Colacogloea,mycoparasite
d36e856cc0d85ba4e800d91a94362bd3,NA,NA
49651f151836b7c0702711d552a74dd9,unidentified,NA
49a6a68c88e647f3338543cf7479dad8,Pezicula,NA
19129d3755b409435a9ad0d1a27cc220,Vanrija,wood_saprotroph
3ff349fb12ae066b9d58dd5af19af461,NA,NA
9bf95d28496eac3b5429bfe5ab8f6297,Coprinellus,soil_saprotroph
e69a197be71c8ad11e66efd2a7a70d45,NA,NA
3bdb341c6c89c8668d5613d9f4b3384c,NA,NA
2a41090ef3f6f3e1943afb6f6d6d607a,unidentified,NA
0cfa8c1f0ecb9e019c49237ff254f5f6,Talaromyces,NA
be173594866e2d7cfb9e02ba18440160,Byssocorticium,ectomycorrhizal
a376072c802c2c5f266b0a0a47719055,Pisolithus,ectomycorrhizal
0a86e4e0bcc8af5063570cb230a1b71e,Fimicolochytrium,pollen_saprotroph
e5f047449943c5bfcfa9223523edd32b,unidentified,NA
42cbaf6bf317febba60394f2b77672cf,unidentified,NA
3df41e6471e5801359475218566ec7e6,NA,NA
e96c014f6954a477a09c45e2afe7067d,NA,NA
1bc3e9a9b7f5644b1168065a5f7f7b6e,unidentified,NA
11c50a17dfb1b040ce9b3eba04063436,NA,NA
5ff61fd551343c45f0d185bc2f120e9e,unidentified,NA
de54a26b3391a0ce90fb1e263c270b0d,Paraphoma,NA
ed819068375c7bb9c54716786516a88e,unidentified,NA
77a2e7cb382f151a5cb91fb5f9ab899a,unidentified,NA
01d5543ea33fc17d455725e2d891f874,NA,NA
e180acf62beab0a0051010f5bd0bf9d7,NA,NA
6c9bca901295e0a9679f6f08d2f2f7f2,NA,NA
86410cfba5f22cf34683df6d44bbde78,NA,NA
c95089842c93ca5b5ec4cc0f53225458,NA,NA
33911608a578088b078a2bde7bc6dceb,NA,NA
9626abb0a6b7d1da2599419ad796d01e,Coniochaeta,NA
4f95134a3955912265984415ac641d2e,NA,NA
057ea5f75c8de41621dc4539bdef535b,NA,NA
08c58ec8122e6ae6313d139bd65ca5dd,unidentified,NA
ac8c99f038a4d1be33a34e959b8832d3,NA,NA
882afa523e37c5692f136b9f3749189c,NA,NA
cfd096f498751e72c9aa2b0c13774a25,unidentified,NA
c563fe0b553f142736f819709e91de5e,unidentified,NA
8852c7093421313e9294aba1ce63bbb4,Spizellomyces,pollen_saprotroph
61ee1418698e61ef3b0af6fe09c997b2,NA,NA
cc0c3cb8965934f28e2e32ed08f24b18,Colacogloea,mycoparasite
e90ee596181e3e378fea6f717ca0a11d,Scolecobasidium,NA
0b00ba2241ef3a9a3196bc5b7196a959,NA,NA
b80102ea3bb174f60d93d43ede0b322a,unidentified,NA
1d39d23b5534c8914e88f340b613e047,Extremus,NA
bf4265abac6385ab07fe886d07b18cf0,NA,NA
152fb34f028a753bd03fb1c38877f7e1,unidentified,NA
7c3828ea3afaa79cf1cfecdccfe29807,unidentified,NA
a0423aa5ffc8ed9037be1fcd6c6570b9,Fusidium,unspecified_saprotroph
217ae17ef12cdd6e4ccda1aa71fc2c0c,NA,NA
1fb5e9f73a2e9a044f24c5c0fdd05f49,unidentified,NA
86726aa06960bd2ab744a88f3398b04f,Trametes,wood_saprotroph
20ebaf60d628dfecf21d51e18399578a,Leptobacillium,animal_parasite
b4569ec40cea3887fc0311af86056633,Schizophyllum,wood_saprotroph
ab74ace795b8be235c52a70bd39c9a5e,Botryobasidium,wood_saprotroph
d026b8719ff4978ddb7cf2a400b47556,NA,NA
bc522908261598a0b1d5286da82ad058,Leptobacillium,animal_parasite
c8637284d304a0c5bad5882a9b03d5f4,unidentified,NA
0adb1ffe3d62d67e5dc2f6d89cb58878,unidentified,NA
0c2ce3e34d58bc32a2118a3a833ff1a7,NA,NA
5ba1ba3ccd317c997523441ab5ceb2e8,unidentified,NA
49f1338ccd10c484f38ebb8a1adb4027,NA,NA
0e32cac6303db1810c5279c8c3b2d042,unidentified,NA
80a4e13712574766830e95446c91eef6,NA,NA
d095d991ab2d5cf66dfbb5efb5237efd,Piskurozyma,soil_saprotroph
51319c96ee91731b2198901d177fd364,NA,NA
5bcd6d3f1b653fc47d1d65a9a5c224c3,Trechispora,wood_saprotroph
d4719ab72aaa08379bab6f009805d8ee,Mortierella,soil_saprotroph
e0f85b1969fa8be7a74266ab94de6d99,NA,NA
861b2820bb47802fe439b997ddc4f959,Plectosphaerella,plant_pathogen
658402515d1a667f2c2fc67b1f6bdba1,NA,NA
9d13487e0935c155ddb8db43277b64b2,NA,NA
4fe9df4c5e7834d94a17b3014adba560,Hypoxylon,wood_saprotroph
6f58c625639b13b1ce021604bc1e8d92,unidentified,NA
efabaece5f907e736fa73f692a47a077,NA,NA
57bb0b156c550d0de1ee815056ef0324,Peniophora,wood_saprotroph
508f88589ea2100c811e4f4121943242,NA,NA
3e26f8e43ad0efdc485820ba0de1c6ed,Pluteus,litter_saprotroph
26513767027c2480a0119e3c3ef9cda9,NA,NA
6a3709f28b46bba8be06b2fd4c155672,NA,NA
79c75c779c0ada074220a85c53ad68f4,NA,NA
b64045beb0bc4193e26c4488393488a5,Xenopenidiella,NA
0b1272e729c2442b7d17fe93edb5b407,NA,NA
fedc185d1d26b5e2eb47f4cdea9ec26f,Desmazierella,NA
01f40d3c17046734154309f323f2d1e0,NA,NA
29e326cd89fd4081fb4631fb3df8bedc,NA,NA
88454021e0fa88716ced32c6348e8a59,unidentified,NA
dd880db290349cda3f0b74c44020212e,NA,NA
5784b7c58438fc766430443a35bfb951,Hypoxylon,wood_saprotroph
fa8546b7b326eb4466a4a4673007827b,Didymella,NA
94d6abc7dddfa7a3940604b08b1a7a4b,NA,NA
e6f4a3295ef32020f5718a6dba2418ec,NA,NA
079905e37d1bc28f0e22fd182bd15ccf,NA,NA
07522acfbdc044f47114827d6fea61ab,Hyphodontia,wood_saprotroph
ee90d1a2ade5c10a244b8bd0f5aa531f,NA,NA
eef2409f4ad1095902640e2491f4b8d2,NA,NA
9ec2c246c81ccd47b74c3ee771bfd0f9,Eucasphaeria,plant_pathogen
952f1cc2de13516041c58287a3ce30ce,NA,NA
4e8cf42937e475c8dd092731f5005a60,NA,NA
67679c97de86a257fd87a4de971c4f9b,NA,NA
180f91d86bd4e40c8f5929c9f86167eb,Tropicoporus,wood_saprotroph
217148de0b6979971b6a93b1cc73a4e9,NA,NA
be054c644c8dc45cf3c8d878000c967a,NA,NA
a06efffe7c756aa0743327d56992ae1e,NA,NA
9640c0403bb3e63a61e365b8217fc756,Muyocopron,NA
a09dcd66f844b2118924dcec49e51794,NA,NA
71b490c6fbf13dcd9e26b0cf2e795452,NA,NA
ac46fefce65297474402dca616e54a2b,NA,NA
5f3193bac6723add76edb3adf0dd54a5,NA,NA
fd92c63e70a597c846df1355fb4c947a,unidentified,NA
8bf257408a4d84446b5b92f70c641e35,Exidia,wood_saprotroph
790f74b4fa6590c803c4d1b854c3470d,NA,NA
f8fd8886d8b8cce710a77d2a734441b0,Acremonium,unspecified_saprotroph
ca4c185394e965c5968caa3352fac2c8,Paraglomus,arbuscular_mycorrhizal
a8b6173dc62f4c586002c6389dd24c27,NA,NA
d541ed872debc3beb60f3bc83a706efa,unidentified,NA
52895367a28d71718bd52a67d3c9ac37,NA,NA
be60bf6b74d416013584e2b9452f1a4e,NA,NA
8924fca0d2fcd81bb3f884693d7de186,Sarcoporia,wood_saprotroph
a49930f9298ff92f70a5a077f171ddb3,NA,NA
d55246a363c400380ab5eb8c51d3ac98,NA,NA
b7c84aaf84ce2dfd3cc88c487eaff24a,Cortinarius,ectomycorrhizal
0357d86831d7219184229f0b2741a611,NA,NA
91bd7a8b069862284598bf4056173550,NA,NA
eb2f3f64aee6dc9701f48ded904c57df,unidentified,NA
18cbe30efb1f3324276b2d91a50077f8,NA,NA
325da9718d2f7cc1489ff6e77fbb86a9,Stereum,wood_saprotroph
2dba1a5e5c525c63b90c6a01c3b30df4,Cladosporium,NA
2c20e7d11352384f0ac8c538f5d22fd0,unidentified,NA
3557a88b78c96a44a7812073dab11c25,Geastrum,litter_saprotroph
23d3a10906004425ae1863c31e503477,unidentified,NA
ba0d0ab7a2dd06378ef28b81ab712f93,Veronaeopsis,NA
6f9caf66d3a2f7746ab2cadeadcc8fcb,NA,NA
f0f25b4e245ccb0adca0226cf9c6ce4c,NA,NA
98bfe892a1291674d1ebb83a5ab195b2,NA,NA
fec7350c4644c4efc38fc5a16d403723,NA,NA
d6a087c8ad45064f36929bf5fe022a12,Darksidea,NA
7d915e86b138fa17c70106d03826e65f,Xylodon,wood_saprotroph
e7325174fc816490b09e64cdee33311b,NA,NA
731d3b7bcd9c9b2e6aa8b4ea845e36ef,NA,NA
7f900f4578acf32b5cef1d85824dac3b,Lopadostoma,wood_saprotroph
02db2c1df024f0eddb59489bdd73c698,Candida,NA
ebfd00df1985c074400cbb8e041cdf39,unidentified,NA
a89e381850771ccb3a55fef7151c7214,unidentified,NA
32b95c9c86db2d081e04f0db8fb5a9c7,Genolevuria,unspecified_saprotroph
6193b10286203337c4b8b91236e838d6,NA,NA
7b7a179b55409e1b9a5b43ca2a905be5,Plectosphaerella,plant_pathogen
7fe71b042b2692bf8ab27146fff8dc5e,unidentified,NA
1760a2353613f5ec77d3d1883590f3d4,NA,NA
5ccc52361bc80eee03650f34b1d4fd6c,Disporotrichum,unspecified_saprotroph
e2a2dc4e7fcbd249e6b7e31f1ff62b3b,unidentified,NA
f608a6dd3aef141fef5833e9b967eb28,NA,NA
7b42d42d977171b3ca57510465bcafb1,Pluteus,litter_saprotroph
f20522e36c68b271a20e234a6eb471f4,unidentified,NA
3b64cfa0e4dc7e99301ca30def361103,unidentified,NA
146cfbece5ef0fe70f03c2295d21ccd3,unidentified,NA
cee0a3fb61a40d16f3b867b7afc646d4,NA,NA
ae5b191f1d825aefce09395aac5f4407,Sphaerosporella,NA
4970db3b2c48817e475baef164a75c77,NA,NA
1a6e9c647417b3b2988cb4f453bb10f2,Ceriporiopsis,wood_saprotroph
3eac4cc3f5c46b1caa8cd6d10fc785a8,NA,NA
86a2cc0cf5d382d6004cae00df28806a,NA,NA
1aeffd435f14e563a7548025c4656ee0,NA,NA
c48690f6fa4ea1ac35f5302cdaf0afa7,Udeniozyma,NA
093fea85c7702f2e8522e1f9db1c8064,Mortierella,soil_saprotroph
36352612c6cae78f454da0c66f0073ca,NA,NA
acf42eee91fdc34455258267a506c4a3,Pochonia,animal_parasite
bd3297d2ec43cc78cde6d9e2b21e3186,Scleroderma,ectomycorrhizal
8da8dab83ccdadb14e04502bfcd83bfd,NA,NA
72d4a916e2a877b4bed493082424e23f,NA,NA
07b0baf793ad8ff541f55c97f9e2b587,Cortinarius,ectomycorrhizal
fec0605d24653277a9b44f8a31985f32,Trichaptum,wood_saprotroph
c1e0554b61830f7a047f74e7ac3375e3,Acremonium,unspecified_saprotroph
2145ee84669b332c6a6fdce0c15f63eb,NA,NA
c2f7090bddea2e39bf100afb83568f52,Phaeosphaeria,NA
bdc82bbbcc1a8e228a7ecdb09a47d52d,NA,NA
cc332342d4de7f8c4038f76225cbf4b6,NA,NA
da61b3fa91ccbeced1d420e16cf94f4a,Recurvomyces,NA
4326ae36ffe1ebc796e82e0589dbe042,NA,NA
553b2164e484ab2f394930a44ee67e11,Nectriopsis,lichen_parasite
a7b55f72eee5a8101b4de330fb1e5c35,Lopadostoma,wood_saprotroph
60f20ab9e2446c1b423f38165ab5e5ff,Elaphomyces,NA
1003a988a8b353da19933729508d3464,NA,NA
c3d44590263be1bdac0df86eb5c847fb,NA,NA
af7c905c9daf723d30463f68ca2b6521,unidentified,NA
96a6c866c8f720da0434edc59b75b01a,NA,NA
3f0c5fc06a7973d3e2838cef1f0b8d99,NA,NA
a868850d3d10732e7196cae64d5b8fe4,Parathyridaria,NA
66014cbcc82c6ee52b7b6eef278a7282,unidentified,NA
36a29cc9efd82dca3d10dfe9fd8ff519,NA,NA
559574f299e43f484ecef00239b46b72,NA,NA
b24d3be3b48128c6dcbcf77e4273f568,Mortierella,soil_saprotroph
04fa631a849319d78e34305fdf615c10,NA,NA
10eee7cccb8e28d2ed4efda73cd3f073,Plectosphaerella,plant_pathogen
14a8fa7e667f43a8c64fb848d73f058a,NA,NA
1abd796a1b9b816c43e0f0de01483417,Leucogyrophana,wood_saprotroph
6bd01420384d93135d3a5c5a02d6b14a,Colacogloea,mycoparasite
f5546a797ccb4183da6417b62d440629,NA,NA
cadd5990f593919ab2dc16773a90c33c,NA,NA
df8abca6943f3f7fe5fbe20977e3a606,Agaricus,soil_saprotroph
9da39a5fac231c75cebba6cbbcaaf339,Ramboldia,NA
79c70fffb8793f7602148ddedc8c181c,unidentified,NA
5dd30aebf2a4d2f616df23ce82837742,NA,NA
eae789158a4ef1c229307ef1c130c0bf,Devriesia,NA
ed33724f72d2e47a1c23339a9f25162f,Xenopenidiella,NA
45a90487b54f5d104930566f8661fe74,Scleroderma,ectomycorrhizal
7004f35de3253d26bdc96aa54592f42b,unidentified,NA
a0f87482df8e421e3edc34d07e8e629c,NA,NA
ad3593b8e3cc62049dfff3e7722a8bc4,NA,NA
469aba4884d2129c1a0c65bb4971b921,NA,NA
eae9667390252cb0d29d49ac24106a71,NA,NA
df80781009ce79df80c22740ad8d47dd,Sphaerosporella,NA
502623045ef8f33586ca224ad40c456a,unidentified,NA
52abb0664009379cadd33fbf9e7504e2,NA,NA
7362e538fb94507719c32a35ea1ab4c1,NA,NA
ffc11c76d82fdae5b7f6845ef3358e5d,NA,NA
070473505cbd0d2e9e30b13dd3d22aa8,Coprinus,dung_saprotroph
4abc6edd6e01a343164e717a0ef1aec9,Hannaella,animal_parasite
81993d8b7def3a13a748e83500c8e430,unidentified,NA
0c75db1bcf0c1874013a11000dcab288,NA,NA
27c626a98ef2f54b4d56160a7a90cb33,unidentified,NA
8fcef9b359f370f38bcd139f370aec1d,NA,NA
983e18069def31ac615eba8d8f23f571,NA,NA
7d722ce0ceed4dff92dc88a869518166,NA,NA
9f51079b9f038a9321bc507534e8c9b3,Phaeosphaeria,NA
0eb4c2713a813a6502613a94106da7f4,NA,NA
25d9ba89f548f75d4db11fdcf39bd803,unidentified,NA
8aeccf776495a2e701618106866680a0,Canoparmelia,NA
e3aa513c694c3386e3a20626b58f27d4,Tuber,NA
355e9e1e6c0f9edf6ee44c70731904af,NA,NA
b904f5621082739e3c30d1b29f03c7c9,Claroideoglomus,arbuscular_mycorrhizal
92a3fbc568003fc8027666e8cfb9b1e3,NA,NA
7e8ede85b226c89e55417bb6bdf30c70,Chalara,NA
dbd5a0e120ab62efb3bbf5912f0ff95e,NA,NA
784f76517e87106cc65818cbcb53ea9c,NA,NA
204fea19069df639e6341661ae327169,NA,NA
bfafd335b0063ba61afa18a924237cb2,unidentified,NA
760843e6bfd7c3105c97d0a0273ee010,unidentified,NA
a9f0865512c95f5f10ef96d89fb8031c,Plectania,NA
7195bc3abe95504e7cba6b89942a4b8e,NA,NA
7131e85e4745f0d3e1887df0ace6674b,Punctularia,wood_saprotroph
414dfad697d09e0eb7b083a470416286,Talaromyces,NA
91d7b0de993a2aaced776d4d5bc8ac5c,Septobasidium,animal_parasite
9dd9fa217c97e88b19ce4462e43ffa44,NA,NA
2b2f7bd9f7827a727fd8f669c32dab25,NA,NA
3274151f45fd9a7fb2c3dabd020d1cd6,unidentified,NA
34b19d4336ffdb0baf0d6cf0111e7fb2,NA,NA
308c48ece4d4e4f09601a52b03b7e0f8,NA,NA
81a6d81908b55ee9d797b47281b98dae,NA,NA
4d7b611cbccafde7f1738f05f467e194,Claroideoglomus,arbuscular_mycorrhizal
09b2ae8cd3718ea34ad4356b680103b9,Neocatenulostroma,NA
c27eaa35144c94542b9d6b3f3a2d8c20,NA,NA
77363a638efa7856a072f4ae25c626fa,NA,NA
132ac139e5e264797e09bc1c855e026c,Flavodon,wood_saprotroph
624ac5ec1771551e20d59eb69f765101,NA,NA
631df101f9a6b329f411f07a2de7f4bf,unidentified,NA
f3ece959a06b68deb073febc5d9af82e,unidentified,NA
7619d501a8fbfebc0b26d80a3a96cb2b,NA,NA
031030e8e468db1168193b37772ee912,Funalia,wood_saprotroph
75372822129468978ee6f05f0266cc0d,NA,NA
5a45a33e8ce7649926150b3c1fe9c3ca,unidentified,NA
0a6991639eac96b4f0ffaa48cb23fad2,Oidiodendron,NA
98e17c4e2a2e3ada6ae15e6111636fb3,Microdochium,plant_pathogen
84326ad16afad2657beb16d78d45d5f8,NA,NA
7675ed6d919d14b977df90c3bcf62234,unidentified,NA
a851db5e121104f08d09265f8a86ab19,Microsporomyces,epiphyte
7eb37d463deaddf1de04b504f47514b2,Clavaria,soil_saprotroph
d55ba295d12621c6341f765c55adc489,NA,NA
c2685c6167ab6691d36687c3bdd206e3,NA,NA
c00f649476e5711c1f2a568e76c97d54,unidentified,NA
f82263c5baaa90dcc80b30b6333b6b5a,Clavaria,soil_saprotroph
2bd9c0fb4fa27d1f18a615625124010f,Sistotrema,litter_saprotroph
284a59942cbf6c50903e8c400e5c3f3a,Coprinellus,soil_saprotroph
34802d9f8bde20457cf9e1b5c73ba0f8,Nectriopsis,NA
ae5ab5f814493e293d2c6950b18cd4e3,Phaeotremella,mycoparasite
77a5d7243121d5dabe29955924e1c19a,Conocybe,soil_saprotroph
50ef785a6cefc8118efd90e807dc8952,unidentified,NA
69df2b1ce3649b435c4cf9462767dc1f,Penicillium,NA
7021388ec7bf0bc79bbec2072cd73849,NA,NA
1de41e5228d96829d9594f6fa3d56038,NA,NA
1bcdb28a7a6ff436d2cb7cf4fc625fee,Vishniacozyma,soil_saprotroph
5c2c9e93604593e3e29bf153fac7931b,Lepiota,litter_saprotroph
28c81d6ededb25e173458c0283dfc1eb,Colletotrichum,NA
1e67ffbe86ec70b561c3b0bd078cb20f,NA,NA
546e23e91ca8bc06df8e1d000e78c633,NA,NA
9c4c3b0f5db139602cbdae6225afc375,Leucoagaricus,soil_saprotroph
62a736cfcfe6854638ca20cf5d2ff9e3,NA,NA
11977e635a98f91bcb80d1ff9aa7628d,Sarcotrochila,NA
77133fd4fb9cb13f90f2fa8e4616940c,Lyomyces,wood_saprotroph
c5393fbecf8e204fdc425a8bfb3f0908,NA,NA
84bb9225b63717154942a3d8c7fbc230,unidentified,NA
5df493832c113115876baa62dc503667,Phlebia,wood_saprotroph
2332482377c3fcb75b48510a15f26c0a,NA,NA
080a516675005c259918f407ed4d90b6,Sordaria,dung_saprotroph
310bf9a59d695fa5cd4ef01c08b90dad,NA,NA
db911c434a91c2f299c878b2ede4fa52,Exidia,wood_saprotroph
d48362d0f94d4e4ebdf8203d82b17f77,NA,NA
d9daf1ad94583f3e28f17a27d68c7744,NA,NA
dcc83e6d71434b786c7910854c8e8233,Muscodor,NA
32406edd5acf0b66955155eebc7cdd18,Cryptodiscus,NA
1c8e58141f3108e0b66ed6b6426692ab,NA,NA
4a469194d11df8c3f01ee7417cdb9d3b,Geliporus,wood_saprotroph
a41de6bf5bb70647120e575fe42e8d9f,NA,NA
a1fd2fb549313d3acfccad50b41730ef,Xylogone,NA
dbd363669b334924c7d090bfc8379414,Rhytidhysteron,NA
ff9aeb30b56b099151605791982a424c,Saitozyma,soil_saprotroph
5a54e6d38ed11a74c85b3e8531f06c66,NA,NA
7fac1b34232364a8c0d858e54200c902,Exophiala,NA
b0c70a9aa57adb59fef792b078162c10,NA,NA
b0c88e812e4e739b2d5c05c70f52b026,NA,NA
df8f5b46b7e80ea6182b3c267e79f6bf,NA,NA
75dbef516deac88d5fa80a9493b13009,NA,NA
6438f69fd111a28040248bc3c2d19806,NA,NA
564c6ebfc49d1ee48d2398b4a408e03b,NA,NA
eda952e2a0537ab8b0639453e791f95e,NA,NA
afe6d1737ee03c712cce0df2ef7b4212,NA,NA
6f675c4bc8fd12801ac81184e77ac038,Carlosrosaea,epiphyte
000d81d6d4978624a0446c186c53674a,unidentified,NA
3b0c75b209c51f7d252ca5f94a2505fa,NA,NA
ea49d779b2a83fcd6660760cb00eacee,Magnaporthiopsis,unspecified_pathotroph
54fa33b9d3366ab3be267cf58513e4d8,Dactylella,NA
4a0b7fb527167206b9adf21347f34fdf,NA,NA
33cb6d1c3f5b37855b29d8b932a1dfe9,NA,NA
07978b17ed768643e1f6082db803db2c,unidentified,NA
5abb14460a580a0d6d1dfcf5f216e24e,NA,NA
4c04f0377c1753900dd7a45d341bf1fd,Phlebia,wood_saprotroph
4b94ad7e442c126b2ba3d84d82f203e2,Auriculoscypha,animal_parasite
b9d4d291da124ad27b3bb010aea4764b,NA,NA
2030b6c58cd06887fc6d4de02bed0066,NA,NA
61decf8c3fccaee0db292731d836a6eb,Coprinopsis,soil_saprotroph
04686583d578f0414b8d7a17155111ea,Phyllozyma,epiphyte
0bd5e9d21b88679b10cfe9a85ebfeca2,NA,NA
03ba3652f3d751b6f17d4e74a0a79079,Piskurozyma,soil_saprotroph
e0bb5de5ca4f838490d4fa5f1bbcab82,Agaricus,soil_saprotroph
5f95adcb8ef6fde505e6636972e537ff,NA,NA
c9d6712b5e728db690dd06861dd2e116,NA,NA
cd58da0453027e544c009690ac12a92f,Hyphodiscus,NA
d6c3b18eefa970fa713c18d24fc5170b,unidentified,NA
83bf85ca500836f721afa381ecad842e,unidentified,NA
d0f64cf1515898cf4fc29279d53a8019,Ceriporia,wood_saprotroph
ba6c106a64689a615886bfe2ff649aab,Clitopilus,litter_saprotroph
f4b04beca65e4268ed463e985ac7cf40,Devriesia,NA
b35ea475e6946b5f6a7df3ed31802dc5,NA,NA
cd4014fe568ca11d8d3080e0c30b5f8a,unidentified,NA
e7ad38fc9a4581a006e91be8a4f6ffab,Geastrum,litter_saprotroph
e1a3cd66399529f9b474c34639b7d2ad,NA,NA
cab63277bedf57be85b531bc9237de54,Lophodermium,NA
878904fd661bdc9452b97cd077457eba,NA,NA
2525d725b2eba6b72f815cbf95f7c07d,unidentified,NA
ebb6dcb4e02ce2b03cb1fca9a46c6435,unidentified,NA
033491e83e3f21bb7060f8907386e701,Symbiotaphrina,animal_endosymbiont
f8d0808e84c4595c06e87893909d9eed,Camarops,NA
4711624d9d7a56bb3c5f10608993466e,Crepidotus,wood_saprotroph
cdfc321b26021c5f238eaca48d08b429,NA,NA
9a42bb46c6b4e7c6bc75cb09eb0479e2,NA,NA
e8ef1df89eb412cab821270eaf6c9681,NA,NA
87e72cc946bc1d98d88a27ebaebcd78e,NA,NA
b29fc9add3bc09885bcaa041c52c5245,Annulohypoxylon,wood_saprotroph
44b3f6a9b0002ba697be1e971cdea7d8,NA,NA
80a3ff8826edddf43d6278f4bd8800c9,unidentified,NA
2256fdf87227b7e41b30c88e39501886,Microdochium,plant_pathogen
99307934e959901814c1a140b57a42b7,NA,NA
93cda17fa80c063de9be8ceecaa7b245,NA,NA
410e4e3ea017f3983f2bfce20c7eabd9,NA,NA
039a3c3e97eac6ddf5ed22b7b85727c7,Sarcodon,ectomycorrhizal
7997945133fd0aca4f4bad80f15ac544,NA,NA
0c8d6eb139b0e18f22d5b3e998af6596,NA,NA
868e00063d639e3f9d0aafd1dbe703b7,unidentified,NA
cfc4859d78a3e957c41b2b4472d3b3a4,unidentified,NA
b301dfd0b9c92b7c7394352272273d3c,NA,NA
bc89523b15315fc928dd5f8585a10623,Podoscypha,wood_saprotroph
1031f224480514a6a5f56058d6d19031,Gymnopilus,wood_saprotroph
1bcb03f663d6f4dd7a2e6ed57460a30e,NA,NA
5b41a1051ef75426d18f37df39fd4ac1,NA,NA
4fe09b9a4fd66a8b8d6ec7761a38de9d,Arthrinium,NA
44f81c44a1f236e931d8581b3a27a50c,Annulohypoxylon,wood_saprotroph
bf91ae0fd53f04929d3b89f923b883dd,Fusarium,plant_pathogen
656c92daaae4122e2c2c3527d2a57c9b,NA,NA
f5a5220aadfb75cf19339d5844701b42,NA,NA
3b8b8d700f636352d5ae4f705f3a231e,NA,NA
7e3a759d29b005e6d61f22ff072e5fca,Clitopilus,litter_saprotroph
b337392a435451d28635094ed9acb3f4,unidentified,NA
285842eefa8961eee2e06c5175742045,NA,NA
2205a2f40ae2dfb00ccbd60e7f8d0849,unidentified,NA
d39cd08bd7b76ee014777a1ad2686a36,NA,NA
1ae7b5aea69868d4b2563a12a9b2d688,Asterostroma,wood_saprotroph
6a40e2137581cb99eae5f3606c6f1599,Acremonium,NA
127978ee26819e2be005a97006497d96,Sarocladium,plant_pathogen
2bbecc8a53a9d5403c79ec8a11f33eae,NA,NA
54e966b3a489ebe49287a7e1a7d1e6bf,NA,NA
7497971c4680f54f2a05a0dcf1000bdd,NA,NA
524584ff06781515a8ffc5106d74e51a,Scolecobasidium,NA
e82e1ae44f31aebb85aa837f17868f4d,Biatriospora,NA
74f0d59a78c8dbe71161f343001a2551,Saitozyma,soil_saprotroph
65ff5862ec8cebfdec7ba277b482c76d,NA,NA
3780d502534102ab97f0dae672a232ff,unidentified,NA
16f901a09f5488e2ac993038d4021053,unidentified,NA
0d4d1560af421196946b91be24062df6,Helicomyces,NA
63d4748f1d382a937c7927c3bb5a3842,NA,NA
db7a5aef48cfe6f06a9bc23361d313d8,NA,NA
3b3454cc396f10959370160e1528afe7,Holocotylon,soil_saprotroph
2251c990ec1dadea5d53f8db83a5d33a,Humicolopsis,NA
fa0cfed59d2da04cd12030db525eb7be,NA,NA
72237226ac0e7d129ed01df3db402730,NA,NA
223788513679f0e0f4dc2bb2096a39ec,Gymnopilus,wood_saprotroph
e19c0830636596e218ecfd3480d5cf5e,NA,NA
d9a544c402a0a614aadfd054c4eff6eb,NA,NA
493eade8a74de123fa30f549cb134532,unidentified,NA
309ff4f68e17b2fac37144f17e91aa44,NA,NA
28d4a162df36aab7c333377cd3e56ec4,NA,NA
8d6d8a268126c11b3a88b4afef397b1b,NA,NA
363914c721e1da3ffcc96213552970c4,Amanita,ectomycorrhizal
9c051921335afe84f97bdeb17877b7f7,Fusarium,plant_pathogen
7d19132bf080ba55494ff72a140a7cfe,NA,NA
77e3fcd482c23447269f6388a3569b43,NA,NA
89d3a408bbe49e921ea6b6864ab5e49c,NA,NA
6650962729c25691bd443c89d0fe5040,Leptospora,NA
fa0cea4779484f9e32e893697f0aac69,unidentified,NA
385d51348e517bbcb9f0827a2a833867,NA,NA
ecb9e94c3ca9bb318baa5cd3ee6c193b,Rhodotorula,unspecified_saprotroph
5e21416d5a2f94327c742d7d228f0f57,unidentified,NA
ae4171518fd34c0f50f34ef8c9c41113,Spizellomyces,pollen_saprotroph
bef1975b11fbf153374e794bfa79c9bf,Metapochonia,NA
51cc11de7bb420bf174e538726e6871a,NA,NA
38a2c2d635c49d39339a54b94914e041,NA,NA
f2ff561fb16cef3595bca683a5b5b4ca,NA,NA
dbf9eab169e203875b7e1c55ebbc9603,unidentified,NA
16090f0546f602102b81d15da1fd99dc,NA,NA
f0e4efa13ce871a7043fc0846b21ed51,NA,NA
2316997bd21d7c7fa18c81d670c83b7d,Acremonium,NA
d25d1fc48f20c682d5c0ea48d493a52c,NA,NA
7ac26c3e0b8e6b121b7052c8498b2e08,Botryobasidium,wood_saprotroph
58495c41c8c36ff255ff6c8d150888a8,NA,NA
3d2d2009956381af5ebf8a6fec733dbb,NA,NA
97b30627521faf64b325cfbe3b00a048,NA,NA
b91c0418c3131c03433ec40b335db469,NA,NA
0140f4088656cfa9436b2c6b45613f72,Xanthoconium,ectomycorrhizal
cd9e4c29faffe657691d5bb0d53cb221,NA,NA
2d577f0c31709c106c4ced33228d5834,NA,NA
83661f61a97995b21e70206e0f974de5,Acrocalymma,NA
a9dec047a745abaecbf1c59fe1f8d342,Stereum,wood_saprotroph
7ccbf718de8d0591eca5a939b97d2b7c,unidentified,NA
60a836a36d067059f176d770ce9d99a8,Tricholoma,ectomycorrhizal
8540250bf7306599eed01ca28260d07a,Acremonium,NA
3617f2a6b656bf1877bc42a6b15a17a0,NA,NA
380b8582fefc03cc947b63b733bdec63,unidentified,NA
796e3fb5f7c8fd179bc6ed7725ccdbba,Mortierella,soil_saprotroph
3b12b2a79735ee0f37133e93c1b1544f,unidentified,NA
94087488b103e75e74f4c538fc0b640a,NA,NA
24f3768aeefd0f1803c1932d019fbf40,unidentified,NA
3050a5ee1867fd00e4500d5dc1c29337,NA,NA
8b1e81b3360bda99de97ec19bad77cfc,Dendryphion,NA
41a06bd24abcdacd8bb95e875c0ce368,NA,NA
a9e1f82c8818fabb9a36ba821df09f7a,NA,NA
b42a1795db52cfc3d890228108739cad,Cryptotrichosporon,plant_pathogen
73f4f164ad0892a6e6d2e2d28c5dc5fa,NA,NA
9f6dd0bc8fb1aebfb904d5f5c3eccd32,NA,NA
fd43260623e49d082f414e0d4fcd9ff3,Amphobotrys,NA
2aeb157ff93261f6a1d7ec61d5ac12c6,NA,NA
5114970e10affeeda0205f699fea08c5,NA,NA
6b01a4361306a56547e39687cfab9a04,unidentified,NA
2c102a65c076de442db5a44f21b13163,Nectriopsis,NA
8a62663a4b2b865880a2a55be5a3b42a,Peniophora,wood_saprotroph
8adb2e80d848b7ceb01e0cd5440de841,Acidothrix,NA
af6c830974b1469f771b7935073892bf,unidentified,NA
8b68bdde5248b925e274e2aa4fb032d4,Rhamphoria,NA
9af139584e35a098ef26294d2ccf4263,Wallemia,unspecified_saprotroph
db47a06bc12820f464e66db27b19fc79,Sakaguchia,unspecified_saprotroph
7e65b44f96ea971d40c06e7d428e9968,Sugiyamaella,NA
89a8535ad915d4343715cc69e1fa49de,NA,NA
6aae06aae490b3f2d718674fd59e3b48,unidentified,NA
ed49b9eab345e9b5225cc72f32d80f62,Cortinarius,ectomycorrhizal
fbbcf596e204af596b0e0f789ff1725c,Myriostoma,litter_saprotroph
509c51e1e452932b66dcc9d141ef7af0,NA,NA
b9cec811b6579d9d621408e885d6b98a,unidentified,NA
ca09451302348b7a14dcf9967cbb9035,NA,NA
e7ca5b47d0498ea515465c596ef4522b,Xylona,foliar_endophyte
18cb17ba7774485052b95c1e8d682952,NA,NA
090b01802644996d9927647842abbeb7,Trichaptum,wood_saprotroph
f46ceba5affdf697ca696944ac673a80,unidentified,NA
87f67077dc32afc49fe0e578412151ed,NA,NA
2e73390b21199884a989df1a027341fa,Arthrocladium,NA
43fcaa911038fdf903d1a7d4601e0268,NA,NA
9db2789ce9a0d315e5a50480820d8b22,NA,NA
506188102ec137e24190858757bcea37,NA,NA
ec96ace11d38406398bd6532690a60f9,NA,NA
c917177941eac44c5cac7fbf85c617cb,Recurvomyces,NA
b9f1a0442bc5533c2f5f051426a3e335,NA,NA
c48a4cf19955d2359be29a14e7841fa3,NA,NA
9644a688ca1204106a082b5c70c0038f,NA,NA
5d200278a9ed05ba0b29c4a93dcab159,unidentified,NA
acb6f685f73b234613f61b1ba55331a7,Russula,ectomycorrhizal
fce6b44cbd2627e16cc25120a82ff2d0,Russula,ectomycorrhizal